"SOURCE","NAME1","TARGET","NAME2"
"5","JACK","1","pa system female vo"
"9","ELDERLY WOMAN","1","pa system female vo"
"11","BUSINESSMAN","1","pa system female vo"
"4","SHIRLEY","1","pa system female vo"
"2","ZEALOT #1","1","pa system female vo"
"12","STRIKER","1","pa system female vo"
"3","ELAINE","1","pa system female vo"
"7","ZEALOT #2","1","pa system female vo"
"8","KRISHNA ","1","pa system female vo"
"6","FRED ","1","pa system female vo"
"10","SECURITY LADY","1","pa system female vo"
"8","KRISHNA ","2","ZEALOT #1"
"7","ZEALOT #2","2","ZEALOT #1"
"6","FRED ","2","ZEALOT #1"
"10","SECURITY LADY","2","ZEALOT #1"
"12","STRIKER","2","ZEALOT #1"
"4","SHIRLEY","2","ZEALOT #1"
"5","JACK","2","ZEALOT #1"
"11","BUSINESSMAN","2","ZEALOT #1"
"3","ELAINE","2","ZEALOT #1"
"1","pa system female vo","2","ZEALOT #1"
"9","ELDERLY WOMAN","2","ZEALOT #1"
"18","BASTA","3","ELAINE"
"59","JACK KILPATRICK","3","ELAINE"
"44","HINSHAW","3","ELAINE"
"36","BLACK DUDE #1","3","ELAINE"
"15","OVEUR","3","ELAINE"
"17","ZEALOT #3","3","ELAINE"
"31","MRS. SCHIFF","3","ELAINE"
"19","MURDOCK","3","ELAINE"
"35","JOEY","3","ELAINE"
"15","OVEUR","3","ELAINE"
"11","BUSINESSMAN","3","ELAINE"
"51","AIR CONTROLLER #2","3","ELAINE"
"26","BLACK DUDE #2","3","ELAINE"
"49","SPINSTER ","3","ELAINE"
"45","AIR CONTROLLER #1","3","ELAINE"
"4","SHIRLEY","3","ELAINE"
"23","SOLDIER","3","ELAINE"
"4","SHIRLEY","3","ELAINE"
"25","CHECK-IN LADY","3","ELAINE"
"11","BUSINESSMAN","3","ELAINE"
"27","RANDY","3","ELAINE"
"60","STRIPED CONTROLLER","3","ELAINE"
"13","GROUND CREWMAN #2","3","ELAINE"
"41","DR. RUMACK","3","ELAINE"
"50","RANDY/RUMACK","3","ELAINE"
"20","HARI KRISHNA #1","3","ELAINE"
"29","LISA","3","ELAINE"
"28","MRS. ELDERLY","3","ELAINE"
"26","BLACK DUDE #2","3","ELAINE"
"37","MRS. HAMMEN","3","ELAINE"
"12","STRIKER","3","ELAINE"
"21","HARI KRISHNA #2","3","ELAINE"
"23","SOLDIER","3","ELAINE"
"39","RANDY & PASSENGERS","3","ELAINE"
"27","RANDY","3","ELAINE"
"44","HINSHAW","3","ELAINE"
"5","JACK","3","ELAINE"
"32","MILTON","3","ELAINE"
"34","MR. HAMMEN","3","ELAINE"
"54","GUNDERSON","3","ELAINE"
"27","RANDY","3","ELAINE"
"21","HARI KRISHNA #2","3","ELAINE"
"22","GIRL","3","ELAINE"
"37","MRS. HAMMEN","3","ELAINE"
"12","STRIKER","3","ELAINE"
"37","MRS. HAMMEN","3","ELAINE"
"55","REPORTER #1","3","ELAINE"
"12","STRIKER","3","ELAINE"
"23","SOLDIER","3","ELAINE"
"53","HORSE","3","ELAINE"
"58","NEWSCASTER","3","ELAINE"
"45","AIR CONTROLLER #1","3","ELAINE"
"5","JACK","3","ELAINE"
"2","ZEALOT #1","3","ELAINE"
"52","MRS. OVEUR","3","ELAINE"
"20","HARI KRISHNA #1","3","ELAINE"
"5","JACK","3","ELAINE"
"12","STRIKER","3","ELAINE"
"5","JACK","3","ELAINE"
"57","REPORTER #3","3","ELAINE"
"30","MRS. DAVIS","3","ELAINE"
"41","DR. RUMACK","3","ELAINE"
"16","TURNANSKY","3","ELAINE"
"43","DISPATCHER","3","ELAINE"
"22","GIRL","3","ELAINE"
"14","GROUND CREWMAN #1","3","ELAINE"
"7","ZEALOT #2","3","ELAINE"
"21","HARI KRISHNA #2","3","ELAINE"
"46","CAREY","3","ELAINE"
"38","SISTER ANGELINA","3","ELAINE"
"48","KRAMER","3","ELAINE"
"12","STRIKER","3","ELAINE"
"26","BLACK DUDE #2","3","ELAINE"
"18","BASTA","3","ELAINE"
"38","SISTER ANGELINA","3","ELAINE"
"44","HINSHAW","3","ELAINE"
"12","STRIKER","3","ELAINE"
"24","AIRPORT STEWARD","3","ELAINE"
"4","SHIRLEY","3","ELAINE"
"38","SISTER ANGELINA","3","ELAINE"
"15","OVEUR","3","ELAINE"
"33","BERNICE","3","ELAINE"
"43","DISPATCHER","3","ELAINE"
"33","BERNICE","3","ELAINE"
"8","KRISHNA ","3","ELAINE"
"56","REPORTER #2","3","ELAINE"
"12","STRIKER","3","ELAINE"
"22","GIRL","3","ELAINE"
"32","MILTON","3","ELAINE"
"20","HARI KRISHNA #1","3","ELAINE"
"5","JACK","3","ELAINE"
"27","RANDY","3","ELAINE"
"42","DR. ROMACK","3","ELAINE"
"41","DR. RUMACK","3","ELAINE"
"48","KRAMER","3","ELAINE"
"4","SHIRLEY","3","ELAINE"
"10","SECURITY LADY","3","ELAINE"
"30","MRS. DAVIS","3","ELAINE"
"19","MURDOCK","3","ELAINE"
"6","FRED ","3","ELAINE"
"47","MRS. KRAMER","3","ELAINE"
"40","MRS. YAFFE","3","ELAINE"
"31","MRS. SCHIFF","3","ELAINE"
"29","LISA","3","ELAINE"
"9","ELDERLY WOMAN","3","ELAINE"
"12","STRIKER","3","ELAINE"
"28","MRS. ELDERLY","3","ELAINE"
"51","AIR CONTROLLER #2","3","ELAINE"
"28","MRS. ELDERLY","3","ELAINE"
"1","pa system female vo","3","ELAINE"
"44","HINSHAW","4","SHIRLEY"
"22","GIRL","4","SHIRLEY"
"6","FRED ","4","SHIRLEY"
"27","RANDY","4","SHIRLEY"
"12","STRIKER","4","SHIRLEY"
"12","STRIKER","4","SHIRLEY"
"41","DR. RUMACK","4","SHIRLEY"
"35","JOEY","4","SHIRLEY"
"60","STRIPED CONTROLLER","4","SHIRLEY"
"32","MILTON","4","SHIRLEY"
"18","BASTA","4","SHIRLEY"
"28","MRS. ELDERLY","4","SHIRLEY"
"51","AIR CONTROLLER #2","4","SHIRLEY"
"11","BUSINESSMAN","4","SHIRLEY"
"5","JACK","4","SHIRLEY"
"40","MRS. YAFFE","4","SHIRLEY"
"39","RANDY & PASSENGERS","4","SHIRLEY"
"31","MRS. SCHIFF","4","SHIRLEY"
"3","ELAINE","4","SHIRLEY"
"3","ELAINE","4","SHIRLEY"
"29","LISA","4","SHIRLEY"
"5","JACK","4","SHIRLEY"
"55","REPORTER #1","4","SHIRLEY"
"36","BLACK DUDE #1","4","SHIRLEY"
"15","OVEUR","4","SHIRLEY"
"11","BUSINESSMAN","4","SHIRLEY"
"33","BERNICE","4","SHIRLEY"
"5","JACK","4","SHIRLEY"
"26","BLACK DUDE #2","4","SHIRLEY"
"21","HARI KRISHNA #2","4","SHIRLEY"
"34","MR. HAMMEN","4","SHIRLEY"
"18","BASTA","4","SHIRLEY"
"28","MRS. ELDERLY","4","SHIRLEY"
"3","ELAINE","4","SHIRLEY"
"23","SOLDIER","4","SHIRLEY"
"57","REPORTER #3","4","SHIRLEY"
"44","HINSHAW","4","SHIRLEY"
"31","MRS. SCHIFF","4","SHIRLEY"
"8","KRISHNA ","4","SHIRLEY"
"15","OVEUR","4","SHIRLEY"
"59","JACK KILPATRICK","4","SHIRLEY"
"22","GIRL","4","SHIRLEY"
"20","HARI KRISHNA #1","4","SHIRLEY"
"12","STRIKER","4","SHIRLEY"
"25","CHECK-IN LADY","4","SHIRLEY"
"52","MRS. OVEUR","4","SHIRLEY"
"48","KRAMER","4","SHIRLEY"
"58","NEWSCASTER","4","SHIRLEY"
"43","DISPATCHER","4","SHIRLEY"
"38","SISTER ANGELINA","4","SHIRLEY"
"12","STRIKER","4","SHIRLEY"
"7","ZEALOT #2","4","SHIRLEY"
"26","BLACK DUDE #2","4","SHIRLEY"
"2","ZEALOT #1","4","SHIRLEY"
"42","DR. ROMACK","4","SHIRLEY"
"41","DR. RUMACK","4","SHIRLEY"
"37","MRS. HAMMEN","4","SHIRLEY"
"37","MRS. HAMMEN","4","SHIRLEY"
"27","RANDY","4","SHIRLEY"
"32","MILTON","4","SHIRLEY"
"56","REPORTER #2","4","SHIRLEY"
"53","HORSE","4","SHIRLEY"
"9","ELDERLY WOMAN","4","SHIRLEY"
"30","MRS. DAVIS","4","SHIRLEY"
"19","MURDOCK","4","SHIRLEY"
"10","SECURITY LADY","4","SHIRLEY"
"3","ELAINE","4","SHIRLEY"
"45","AIR CONTROLLER #1","4","SHIRLEY"
"16","TURNANSKY","4","SHIRLEY"
"17","ZEALOT #3","4","SHIRLEY"
"33","BERNICE","4","SHIRLEY"
"26","BLACK DUDE #2","4","SHIRLEY"
"19","MURDOCK","4","SHIRLEY"
"21","HARI KRISHNA #2","4","SHIRLEY"
"5","JACK","4","SHIRLEY"
"38","SISTER ANGELINA","4","SHIRLEY"
"23","SOLDIER","4","SHIRLEY"
"1","pa system female vo","4","SHIRLEY"
"20","HARI KRISHNA #1","4","SHIRLEY"
"54","GUNDERSON","4","SHIRLEY"
"24","AIRPORT STEWARD","4","SHIRLEY"
"27","RANDY","4","SHIRLEY"
"43","DISPATCHER","4","SHIRLEY"
"25","CHECK-IN LADY","5","JACK"
"52","MRS. OVEUR","5","JACK"
"20","HARI KRISHNA #1","5","JACK"
"44","HINSHAW","5","JACK"
"24","AIRPORT STEWARD","5","JACK"
"16","TURNANSKY","5","JACK"
"40","MRS. YAFFE","5","JACK"
"50","RANDY/RUMACK","5","JACK"
"4","SHIRLEY","5","JACK"
"20","HARI KRISHNA #1","5","JACK"
"27","RANDY","5","JACK"
"48","KRAMER","5","JACK"
"21","HARI KRISHNA #2","5","JACK"
"19","MURDOCK","5","JACK"
"15","OVEUR","5","JACK"
"38","SISTER ANGELINA","5","JACK"
"43","DISPATCHER","5","JACK"
"59","JACK KILPATRICK","5","JACK"
"41","DR. RUMACK","5","JACK"
"35","JOEY","5","JACK"
"23","SOLDIER","5","JACK"
"26","BLACK DUDE #2","5","JACK"
"19","MURDOCK","5","JACK"
"27","RANDY","5","JACK"
"57","REPORTER #3","5","JACK"
"51","AIR CONTROLLER #2","5","JACK"
"3","ELAINE","5","JACK"
"58","NEWSCASTER","5","JACK"
"22","GIRL","5","JACK"
"31","MRS. SCHIFF","5","JACK"
"55","REPORTER #1","5","JACK"
"4","SHIRLEY","5","JACK"
"4","SHIRLEY","5","JACK"
"36","BLACK DUDE #1","5","JACK"
"45","AIR CONTROLLER #1","5","JACK"
"33","BERNICE","5","JACK"
"7","ZEALOT #2","5","JACK"
"20","HARI KRISHNA #1","5","JACK"
"48","KRAMER","5","JACK"
"3","ELAINE","5","JACK"
"4","SHIRLEY","5","JACK"
"15","OVEUR","5","JACK"
"34","MR. HAMMEN","5","JACK"
"41","DR. RUMACK","5","JACK"
"49","SPINSTER ","5","JACK"
"12","STRIKER","5","JACK"
"22","GIRL","5","JACK"
"17","ZEALOT #3","5","JACK"
"23","SOLDIER","5","JACK"
"11","BUSINESSMAN","5","JACK"
"9","ELDERLY WOMAN","5","JACK"
"60","STRIPED CONTROLLER","5","JACK"
"56","REPORTER #2","5","JACK"
"44","HINSHAW","5","JACK"
"44","HINSHAW","5","JACK"
"47","MRS. KRAMER","5","JACK"
"32","MILTON","5","JACK"
"2","ZEALOT #1","5","JACK"
"28","MRS. ELDERLY","5","JACK"
"18","BASTA","5","JACK"
"12","STRIKER","5","JACK"
"27","RANDY","5","JACK"
"43","DISPATCHER","5","JACK"
"11","BUSINESSMAN","5","JACK"
"28","MRS. ELDERLY","5","JACK"
"37","MRS. HAMMEN","5","JACK"
"3","ELAINE","5","JACK"
"37","MRS. HAMMEN","5","JACK"
"41","DR. RUMACK","5","JACK"
"38","SISTER ANGELINA","5","JACK"
"27","RANDY","5","JACK"
"29","LISA","5","JACK"
"21","HARI KRISHNA #2","5","JACK"
"32","MILTON","5","JACK"
"53","HORSE","5","JACK"
"54","GUNDERSON","5","JACK"
"3","ELAINE","5","JACK"
"37","MRS. HAMMEN","5","JACK"
"39","RANDY & PASSENGERS","5","JACK"
"46","CAREY","5","JACK"
"10","SECURITY LADY","5","JACK"
"1","pa system female vo","5","JACK"
"8","KRISHNA ","5","JACK"
"42","DR. ROMACK","5","JACK"
"31","MRS. SCHIFF","5","JACK"
"12","STRIKER","5","JACK"
"26","BLACK DUDE #2","5","JACK"
"45","AIR CONTROLLER #1","5","JACK"
"26","BLACK DUDE #2","5","JACK"
"21","HARI KRISHNA #2","5","JACK"
"30","MRS. DAVIS","5","JACK"
"38","SISTER ANGELINA","5","JACK"
"6","FRED ","5","JACK"
"3","ELAINE","5","JACK"
"12","STRIKER","5","JACK"
"18","BASTA","5","JACK"
"12","STRIKER","5","JACK"
"51","AIR CONTROLLER #2","5","JACK"
"33","BERNICE","5","JACK"
"3","ELAINE","6","FRED "
"8","KRISHNA ","6","FRED "
"2","ZEALOT #1","6","FRED "
"11","BUSINESSMAN","6","FRED "
"5","JACK","6","FRED "
"1","pa system female vo","6","FRED "
"7","ZEALOT #2","6","FRED "
"10","SECURITY LADY","6","FRED "
"12","STRIKER","6","FRED "
"4","SHIRLEY","6","FRED "
"9","ELDERLY WOMAN","6","FRED "
"11","BUSINESSMAN","7","ZEALOT #2"
"6","FRED ","7","ZEALOT #2"
"2","ZEALOT #1","7","ZEALOT #2"
"9","ELDERLY WOMAN","7","ZEALOT #2"
"10","SECURITY LADY","7","ZEALOT #2"
"5","JACK","7","ZEALOT #2"
"3","ELAINE","7","ZEALOT #2"
"8","KRISHNA ","7","ZEALOT #2"
"1","pa system female vo","7","ZEALOT #2"
"12","STRIKER","7","ZEALOT #2"
"4","SHIRLEY","7","ZEALOT #2"
"1","pa system female vo","8","KRISHNA "
"7","ZEALOT #2","8","KRISHNA "
"4","SHIRLEY","8","KRISHNA "
"11","BUSINESSMAN","8","KRISHNA "
"10","SECURITY LADY","8","KRISHNA "
"3","ELAINE","8","KRISHNA "
"5","JACK","8","KRISHNA "
"9","ELDERLY WOMAN","8","KRISHNA "
"2","ZEALOT #1","8","KRISHNA "
"6","FRED ","8","KRISHNA "
"12","STRIKER","8","KRISHNA "
"3","ELAINE","9","ELDERLY WOMAN"
"4","SHIRLEY","9","ELDERLY WOMAN"
"6","FRED ","9","ELDERLY WOMAN"
"11","BUSINESSMAN","9","ELDERLY WOMAN"
"7","ZEALOT #2","9","ELDERLY WOMAN"
"1","pa system female vo","9","ELDERLY WOMAN"
"5","JACK","9","ELDERLY WOMAN"
"12","STRIKER","9","ELDERLY WOMAN"
"10","SECURITY LADY","9","ELDERLY WOMAN"
"2","ZEALOT #1","9","ELDERLY WOMAN"
"8","KRISHNA ","9","ELDERLY WOMAN"
"4","SHIRLEY","10","SECURITY LADY"
"9","ELDERLY WOMAN","10","SECURITY LADY"
"2","ZEALOT #1","10","SECURITY LADY"
"3","ELAINE","10","SECURITY LADY"
"6","FRED ","10","SECURITY LADY"
"7","ZEALOT #2","10","SECURITY LADY"
"11","BUSINESSMAN","10","SECURITY LADY"
"12","STRIKER","10","SECURITY LADY"
"5","JACK","10","SECURITY LADY"
"8","KRISHNA ","10","SECURITY LADY"
"1","pa system female vo","10","SECURITY LADY"
"55","REPORTER #1","11","BUSINESSMAN"
"10","SECURITY LADY","11","BUSINESSMAN"
"8","KRISHNA ","11","BUSINESSMAN"
"1","pa system female vo","11","BUSINESSMAN"
"56","REPORTER #2","11","BUSINESSMAN"
"37","MRS. HAMMEN","11","BUSINESSMAN"
"52","MRS. OVEUR","11","BUSINESSMAN"
"5","JACK","11","BUSINESSMAN"
"4","SHIRLEY","11","BUSINESSMAN"
"3","ELAINE","11","BUSINESSMAN"
"7","ZEALOT #2","11","BUSINESSMAN"
"12","STRIKER","11","BUSINESSMAN"
"4","SHIRLEY","11","BUSINESSMAN"
"3","ELAINE","11","BUSINESSMAN"
"12","STRIKER","11","BUSINESSMAN"
"58","NEWSCASTER","11","BUSINESSMAN"
"41","DR. RUMACK","11","BUSINESSMAN"
"9","ELDERLY WOMAN","11","BUSINESSMAN"
"54","GUNDERSON","11","BUSINESSMAN"
"57","REPORTER #3","11","BUSINESSMAN"
"26","BLACK DUDE #2","11","BUSINESSMAN"
"5","JACK","11","BUSINESSMAN"
"44","HINSHAW","11","BUSINESSMAN"
"60","STRIPED CONTROLLER","11","BUSINESSMAN"
"33","BERNICE","11","BUSINESSMAN"
"43","DISPATCHER","11","BUSINESSMAN"
"27","RANDY","11","BUSINESSMAN"
"59","JACK KILPATRICK","11","BUSINESSMAN"
"6","FRED ","11","BUSINESSMAN"
"51","AIR CONTROLLER #2","11","BUSINESSMAN"
"32","MILTON","11","BUSINESSMAN"
"53","HORSE","11","BUSINESSMAN"
"45","AIR CONTROLLER #1","11","BUSINESSMAN"
"31","MRS. SCHIFF","11","BUSINESSMAN"
"38","SISTER ANGELINA","11","BUSINESSMAN"
"2","ZEALOT #1","11","BUSINESSMAN"
"48","KRAMER","11","BUSINESSMAN"
"51","AIR CONTROLLER #2","12","STRIKER"
"21","HARI KRISHNA #2","12","STRIKER"
"9","ELDERLY WOMAN","12","STRIKER"
"26","BLACK DUDE #2","12","STRIKER"
"33","BERNICE","12","STRIKER"
"36","BLACK DUDE #1","12","STRIKER"
"1","pa system female vo","12","STRIKER"
"20","HARI KRISHNA #1","12","STRIKER"
"38","SISTER ANGELINA","12","STRIKER"
"25","CHECK-IN LADY","12","STRIKER"
"53","HORSE","12","STRIKER"
"3","ELAINE","12","STRIKER"
"4","SHIRLEY","12","STRIKER"
"44","HINSHAW","12","STRIKER"
"19","MURDOCK","12","STRIKER"
"6","FRED ","12","STRIKER"
"18","BASTA","12","STRIKER"
"22","GIRL","12","STRIKER"
"26","BLACK DUDE #2","12","STRIKER"
"44","HINSHAW","12","STRIKER"
"4","SHIRLEY","12","STRIKER"
"49","SPINSTER ","12","STRIKER"
"18","BASTA","12","STRIKER"
"57","REPORTER #3","12","STRIKER"
"19","MURDOCK","12","STRIKER"
"5","JACK","12","STRIKER"
"39","RANDY & PASSENGERS","12","STRIKER"
"4","SHIRLEY","12","STRIKER"
"51","AIR CONTROLLER #2","12","STRIKER"
"32","MILTON","12","STRIKER"
"60","STRIPED CONTROLLER","12","STRIKER"
"14","GROUND CREWMAN #1","12","STRIKER"
"28","MRS. ELDERLY","12","STRIKER"
"15","OVEUR","12","STRIKER"
"3","ELAINE","12","STRIKER"
"28","MRS. ELDERLY","12","STRIKER"
"56","REPORTER #2","12","STRIKER"
"10","SECURITY LADY","12","STRIKER"
"3","ELAINE","12","STRIKER"
"27","RANDY","12","STRIKER"
"37","MRS. HAMMEN","12","STRIKER"
"22","GIRL","12","STRIKER"
"45","AIR CONTROLLER #1","12","STRIKER"
"2","ZEALOT #1","12","STRIKER"
"45","AIR CONTROLLER #1","12","STRIKER"
"4","SHIRLEY","12","STRIKER"
"34","MR. HAMMEN","12","STRIKER"
"21","HARI KRISHNA #2","12","STRIKER"
"46","CAREY","12","STRIKER"
"52","MRS. OVEUR","12","STRIKER"
"37","MRS. HAMMEN","12","STRIKER"
"33","BERNICE","12","STRIKER"
"38","SISTER ANGELINA","12","STRIKER"
"17","ZEALOT #3","12","STRIKER"
"20","HARI KRISHNA #1","12","STRIKER"
"41","DR. RUMACK","12","STRIKER"
"21","HARI KRISHNA #2","12","STRIKER"
"5","JACK","12","STRIKER"
"5","JACK","12","STRIKER"
"3","ELAINE","12","STRIKER"
"28","MRS. ELDERLY","12","STRIKER"
"38","SISTER ANGELINA","12","STRIKER"
"30","MRS. DAVIS","12","STRIKER"
"48","KRAMER","12","STRIKER"
"32","MILTON","12","STRIKER"
"3","ELAINE","12","STRIKER"
"59","JACK KILPATRICK","12","STRIKER"
"55","REPORTER #1","12","STRIKER"
"23","SOLDIER","12","STRIKER"
"40","MRS. YAFFE","12","STRIKER"
"44","HINSHAW","12","STRIKER"
"3","ELAINE","12","STRIKER"
"41","DR. RUMACK","12","STRIKER"
"15","OVEUR","12","STRIKER"
"13","GROUND CREWMAN #2","12","STRIKER"
"43","DISPATCHER","12","STRIKER"
"7","ZEALOT #2","12","STRIKER"
"27","RANDY","12","STRIKER"
"41","DR. RUMACK","12","STRIKER"
"35","JOEY","12","STRIKER"
"23","SOLDIER","12","STRIKER"
"31","MRS. SCHIFF","12","STRIKER"
"31","MRS. SCHIFF","12","STRIKER"
"48","KRAMER","12","STRIKER"
"22","GIRL","12","STRIKER"
"20","HARI KRISHNA #1","12","STRIKER"
"48","KRAMER","12","STRIKER"
"27","RANDY","12","STRIKER"
"43","DISPATCHER","12","STRIKER"
"30","MRS. DAVIS","12","STRIKER"
"16","TURNANSKY","12","STRIKER"
"26","BLACK DUDE #2","12","STRIKER"
"37","MRS. HAMMEN","12","STRIKER"
"8","KRISHNA ","12","STRIKER"
"50","RANDY/RUMACK","12","STRIKER"
"29","LISA","12","STRIKER"
"54","GUNDERSON","12","STRIKER"
"23","SOLDIER","12","STRIKER"
"47","MRS. KRAMER","12","STRIKER"
"5","JACK","12","STRIKER"
"58","NEWSCASTER","12","STRIKER"
"11","BUSINESSMAN","12","STRIKER"
"15","OVEUR","12","STRIKER"
"29","LISA","12","STRIKER"
"24","AIRPORT STEWARD","12","STRIKER"
"5","JACK","12","STRIKER"
"3","ELAINE","12","STRIKER"
"3","ELAINE","12","STRIKER"
"11","BUSINESSMAN","12","STRIKER"
"27","RANDY","12","STRIKER"
"42","DR. ROMACK","12","STRIKER"
"12","STRIKER","13","GROUND CREWMAN #2"
"14","GROUND CREWMAN #1","13","GROUND CREWMAN #2"
"3","ELAINE","13","GROUND CREWMAN #2"
"13","GROUND CREWMAN #2","14","GROUND CREWMAN #1"
"12","STRIKER","14","GROUND CREWMAN #1"
"3","ELAINE","14","GROUND CREWMAN #1"
"24","AIRPORT STEWARD","15","OVEUR"
"18","BASTA","15","OVEUR"
"12","STRIKER","15","OVEUR"
"4","SHIRLEY","15","OVEUR"
"16","TURNANSKY","15","OVEUR"
"20","HARI KRISHNA #1","15","OVEUR"
"39","RANDY & PASSENGERS","15","OVEUR"
"29","LISA","15","OVEUR"
"23","SOLDIER","15","OVEUR"
"26","BLACK DUDE #2","15","OVEUR"
"32","MILTON","15","OVEUR"
"22","GIRL","15","OVEUR"
"28","MRS. ELDERLY","15","OVEUR"
"22","GIRL","15","OVEUR"
"5","JACK","15","OVEUR"
"3","ELAINE","15","OVEUR"
"36","BLACK DUDE #1","15","OVEUR"
"12","STRIKER","15","OVEUR"
"28","MRS. ELDERLY","15","OVEUR"
"34","MR. HAMMEN","15","OVEUR"
"30","MRS. DAVIS","15","OVEUR"
"27","RANDY","15","OVEUR"
"40","MRS. YAFFE","15","OVEUR"
"26","BLACK DUDE #2","15","OVEUR"
"37","MRS. HAMMEN","15","OVEUR"
"44","HINSHAW","15","OVEUR"
"18","BASTA","15","OVEUR"
"43","DISPATCHER","15","OVEUR"
"25","CHECK-IN LADY","15","OVEUR"
"31","MRS. SCHIFF","15","OVEUR"
"41","DR. RUMACK","15","OVEUR"
"21","HARI KRISHNA #2","15","OVEUR"
"21","HARI KRISHNA #2","15","OVEUR"
"3","ELAINE","15","OVEUR"
"5","JACK","15","OVEUR"
"33","BERNICE","15","OVEUR"
"23","SOLDIER","15","OVEUR"
"4","SHIRLEY","15","OVEUR"
"42","DR. ROMACK","15","OVEUR"
"22","GIRL","15","OVEUR"
"35","JOEY","15","OVEUR"
"23","SOLDIER","15","OVEUR"
"28","MRS. ELDERLY","15","OVEUR"
"3","ELAINE","15","OVEUR"
"17","ZEALOT #3","15","OVEUR"
"30","MRS. DAVIS","15","OVEUR"
"27","RANDY","15","OVEUR"
"19","MURDOCK","15","OVEUR"
"19","MURDOCK","15","OVEUR"
"20","HARI KRISHNA #1","15","OVEUR"
"12","STRIKER","15","OVEUR"
"29","LISA","15","OVEUR"
"38","SISTER ANGELINA","15","OVEUR"
"25","CHECK-IN LADY","16","TURNANSKY"
"28","MRS. ELDERLY","16","TURNANSKY"
"3","ELAINE","16","TURNANSKY"
"4","SHIRLEY","16","TURNANSKY"
"23","SOLDIER","16","TURNANSKY"
"24","AIRPORT STEWARD","16","TURNANSKY"
"22","GIRL","16","TURNANSKY"
"21","HARI KRISHNA #2","16","TURNANSKY"
"18","BASTA","16","TURNANSKY"
"20","HARI KRISHNA #1","16","TURNANSKY"
"5","JACK","16","TURNANSKY"
"17","ZEALOT #3","16","TURNANSKY"
"15","OVEUR","16","TURNANSKY"
"19","MURDOCK","16","TURNANSKY"
"26","BLACK DUDE #2","16","TURNANSKY"
"27","RANDY","16","TURNANSKY"
"12","STRIKER","16","TURNANSKY"
"3","ELAINE","17","ZEALOT #3"
"4","SHIRLEY","17","ZEALOT #3"
"15","OVEUR","17","ZEALOT #3"
"25","CHECK-IN LADY","17","ZEALOT #3"
"24","AIRPORT STEWARD","17","ZEALOT #3"
"26","BLACK DUDE #2","17","ZEALOT #3"
"12","STRIKER","17","ZEALOT #3"
"20","HARI KRISHNA #1","17","ZEALOT #3"
"23","SOLDIER","17","ZEALOT #3"
"28","MRS. ELDERLY","17","ZEALOT #3"
"18","BASTA","17","ZEALOT #3"
"5","JACK","17","ZEALOT #3"
"21","HARI KRISHNA #2","17","ZEALOT #3"
"16","TURNANSKY","17","ZEALOT #3"
"22","GIRL","17","ZEALOT #3"
"27","RANDY","17","ZEALOT #3"
"19","MURDOCK","17","ZEALOT #3"
"27","RANDY","18","BASTA"
"38","SISTER ANGELINA","18","BASTA"
"15","OVEUR","18","BASTA"
"40","MRS. YAFFE","18","BASTA"
"17","ZEALOT #3","18","BASTA"
"12","STRIKER","18","BASTA"
"20","HARI KRISHNA #1","18","BASTA"
"19","MURDOCK","18","BASTA"
"35","JOEY","18","BASTA"
"24","AIRPORT STEWARD","18","BASTA"
"22","GIRL","18","BASTA"
"3","ELAINE","18","BASTA"
"43","DISPATCHER","18","BASTA"
"15","OVEUR","18","BASTA"
"25","CHECK-IN LADY","18","BASTA"
"26","BLACK DUDE #2","18","BASTA"
"4","SHIRLEY","18","BASTA"
"3","ELAINE","18","BASTA"
"20","HARI KRISHNA #1","18","BASTA"
"22","GIRL","18","BASTA"
"12","STRIKER","18","BASTA"
"27","RANDY","18","BASTA"
"44","HINSHAW","18","BASTA"
"42","DR. ROMACK","18","BASTA"
"28","MRS. ELDERLY","18","BASTA"
"31","MRS. SCHIFF","18","BASTA"
"4","SHIRLEY","18","BASTA"
"29","LISA","18","BASTA"
"34","MR. HAMMEN","18","BASTA"
"19","MURDOCK","18","BASTA"
"23","SOLDIER","18","BASTA"
"16","TURNANSKY","18","BASTA"
"30","MRS. DAVIS","18","BASTA"
"26","BLACK DUDE #2","18","BASTA"
"21","HARI KRISHNA #2","18","BASTA"
"33","BERNICE","18","BASTA"
"36","BLACK DUDE #1","18","BASTA"
"21","HARI KRISHNA #2","18","BASTA"
"37","MRS. HAMMEN","18","BASTA"
"5","JACK","18","BASTA"
"5","JACK","18","BASTA"
"23","SOLDIER","18","BASTA"
"41","DR. RUMACK","18","BASTA"
"28","MRS. ELDERLY","18","BASTA"
"39","RANDY & PASSENGERS","18","BASTA"
"32","MILTON","18","BASTA"
"15","OVEUR","19","MURDOCK"
"4","SHIRLEY","19","MURDOCK"
"43","DISPATCHER","19","MURDOCK"
"32","MILTON","19","MURDOCK"
"28","MRS. ELDERLY","19","MURDOCK"
"29","LISA","19","MURDOCK"
"34","MR. HAMMEN","19","MURDOCK"
"3","ELAINE","19","MURDOCK"
"27","RANDY","19","MURDOCK"
"4","SHIRLEY","19","MURDOCK"
"41","DR. RUMACK","19","MURDOCK"
"24","AIRPORT STEWARD","19","MURDOCK"
"27","RANDY","19","MURDOCK"
"23","SOLDIER","19","MURDOCK"
"20","HARI KRISHNA #1","19","MURDOCK"
"12","STRIKER","19","MURDOCK"
"26","BLACK DUDE #2","19","MURDOCK"
"44","HINSHAW","19","MURDOCK"
"21","HARI KRISHNA #2","19","MURDOCK"
"5","JACK","19","MURDOCK"
"28","MRS. ELDERLY","19","MURDOCK"
"37","MRS. HAMMEN","19","MURDOCK"
"18","BASTA","19","MURDOCK"
"16","TURNANSKY","19","MURDOCK"
"25","CHECK-IN LADY","19","MURDOCK"
"15","OVEUR","19","MURDOCK"
"26","BLACK DUDE #2","19","MURDOCK"
"31","MRS. SCHIFF","19","MURDOCK"
"3","ELAINE","19","MURDOCK"
"20","HARI KRISHNA #1","19","MURDOCK"
"22","GIRL","19","MURDOCK"
"42","DR. ROMACK","19","MURDOCK"
"18","BASTA","19","MURDOCK"
"17","ZEALOT #3","19","MURDOCK"
"40","MRS. YAFFE","19","MURDOCK"
"22","GIRL","19","MURDOCK"
"35","JOEY","19","MURDOCK"
"33","BERNICE","19","MURDOCK"
"30","MRS. DAVIS","19","MURDOCK"
"39","RANDY & PASSENGERS","19","MURDOCK"
"36","BLACK DUDE #1","19","MURDOCK"
"38","SISTER ANGELINA","19","MURDOCK"
"12","STRIKER","19","MURDOCK"
"23","SOLDIER","19","MURDOCK"
"21","HARI KRISHNA #2","19","MURDOCK"
"5","JACK","19","MURDOCK"
"27","RANDY","20","HARI KRISHNA #1"
"19","MURDOCK","20","HARI KRISHNA #1"
"49","SPINSTER ","20","HARI KRISHNA #1"
"38","SISTER ANGELINA","20","HARI KRISHNA #1"
"12","STRIKER","20","HARI KRISHNA #1"
"21","HARI KRISHNA #2","20","HARI KRISHNA #1"
"24","AIRPORT STEWARD","20","HARI KRISHNA #1"
"18","BASTA","20","HARI KRISHNA #1"
"50","RANDY/RUMACK","20","HARI KRISHNA #1"
"19","MURDOCK","20","HARI KRISHNA #1"
"5","JACK","20","HARI KRISHNA #1"
"28","MRS. ELDERLY","20","HARI KRISHNA #1"
"27","RANDY","20","HARI KRISHNA #1"
"41","DR. RUMACK","20","HARI KRISHNA #1"
"33","BERNICE","20","HARI KRISHNA #1"
"16","TURNANSKY","20","HARI KRISHNA #1"
"26","BLACK DUDE #2","20","HARI KRISHNA #1"
"3","ELAINE","20","HARI KRISHNA #1"
"27","RANDY","20","HARI KRISHNA #1"
"23","SOLDIER","20","HARI KRISHNA #1"
"45","AIR CONTROLLER #1","20","HARI KRISHNA #1"
"40","MRS. YAFFE","20","HARI KRISHNA #1"
"38","SISTER ANGELINA","20","HARI KRISHNA #1"
"48","KRAMER","20","HARI KRISHNA #1"
"3","ELAINE","20","HARI KRISHNA #1"
"3","ELAINE","20","HARI KRISHNA #1"
"12","STRIKER","20","HARI KRISHNA #1"
"21","HARI KRISHNA #2","20","HARI KRISHNA #1"
"18","BASTA","20","HARI KRISHNA #1"
"34","MR. HAMMEN","20","HARI KRISHNA #1"
"31","MRS. SCHIFF","20","HARI KRISHNA #1"
"32","MILTON","20","HARI KRISHNA #1"
"37","MRS. HAMMEN","20","HARI KRISHNA #1"
"22","GIRL","20","HARI KRISHNA #1"
"36","BLACK DUDE #1","20","HARI KRISHNA #1"
"15","OVEUR","20","HARI KRISHNA #1"
"4","SHIRLEY","20","HARI KRISHNA #1"
"35","JOEY","20","HARI KRISHNA #1"
"22","GIRL","20","HARI KRISHNA #1"
"43","DISPATCHER","20","HARI KRISHNA #1"
"17","ZEALOT #3","20","HARI KRISHNA #1"
"39","RANDY & PASSENGERS","20","HARI KRISHNA #1"
"44","HINSHAW","20","HARI KRISHNA #1"
"23","SOLDIER","20","HARI KRISHNA #1"
"4","SHIRLEY","20","HARI KRISHNA #1"
"46","CAREY","20","HARI KRISHNA #1"
"51","AIR CONTROLLER #2","20","HARI KRISHNA #1"
"21","HARI KRISHNA #2","20","HARI KRISHNA #1"
"37","MRS. HAMMEN","20","HARI KRISHNA #1"
"44","HINSHAW","20","HARI KRISHNA #1"
"30","MRS. DAVIS","20","HARI KRISHNA #1"
"12","STRIKER","20","HARI KRISHNA #1"
"41","DR. RUMACK","20","HARI KRISHNA #1"
"28","MRS. ELDERLY","20","HARI KRISHNA #1"
"26","BLACK DUDE #2","20","HARI KRISHNA #1"
"15","OVEUR","20","HARI KRISHNA #1"
"47","MRS. KRAMER","20","HARI KRISHNA #1"
"5","JACK","20","HARI KRISHNA #1"
"5","JACK","20","HARI KRISHNA #1"
"29","LISA","20","HARI KRISHNA #1"
"42","DR. ROMACK","20","HARI KRISHNA #1"
"25","CHECK-IN LADY","20","HARI KRISHNA #1"
"12","STRIKER","21","HARI KRISHNA #2"
"4","SHIRLEY","21","HARI KRISHNA #2"
"26","BLACK DUDE #2","21","HARI KRISHNA #2"
"17","ZEALOT #3","21","HARI KRISHNA #2"
"4","SHIRLEY","21","HARI KRISHNA #2"
"31","MRS. SCHIFF","21","HARI KRISHNA #2"
"18","BASTA","21","HARI KRISHNA #2"
"16","TURNANSKY","21","HARI KRISHNA #2"
"18","BASTA","21","HARI KRISHNA #2"
"15","OVEUR","21","HARI KRISHNA #2"
"49","SPINSTER ","21","HARI KRISHNA #2"
"22","GIRL","21","HARI KRISHNA #2"
"3","ELAINE","21","HARI KRISHNA #2"
"39","RANDY & PASSENGERS","21","HARI KRISHNA #2"
"37","MRS. HAMMEN","21","HARI KRISHNA #2"
"44","HINSHAW","21","HARI KRISHNA #2"
"33","BERNICE","21","HARI KRISHNA #2"
"30","MRS. DAVIS","21","HARI KRISHNA #2"
"12","STRIKER","21","HARI KRISHNA #2"
"35","JOEY","21","HARI KRISHNA #2"
"41","DR. RUMACK","21","HARI KRISHNA #2"
"24","AIRPORT STEWARD","21","HARI KRISHNA #2"
"32","MILTON","21","HARI KRISHNA #2"
"15","OVEUR","21","HARI KRISHNA #2"
"23","SOLDIER","21","HARI KRISHNA #2"
"20","HARI KRISHNA #1","21","HARI KRISHNA #2"
"44","HINSHAW","21","HARI KRISHNA #2"
"47","MRS. KRAMER","21","HARI KRISHNA #2"
"50","RANDY/RUMACK","21","HARI KRISHNA #2"
"48","KRAMER","21","HARI KRISHNA #2"
"19","MURDOCK","21","HARI KRISHNA #2"
"5","JACK","21","HARI KRISHNA #2"
"41","DR. RUMACK","21","HARI KRISHNA #2"
"3","ELAINE","21","HARI KRISHNA #2"
"5","JACK","21","HARI KRISHNA #2"
"51","AIR CONTROLLER #2","21","HARI KRISHNA #2"
"34","MR. HAMMEN","21","HARI KRISHNA #2"
"23","SOLDIER","21","HARI KRISHNA #2"
"46","CAREY","21","HARI KRISHNA #2"
"45","AIR CONTROLLER #1","21","HARI KRISHNA #2"
"25","CHECK-IN LADY","21","HARI KRISHNA #2"
"3","ELAINE","21","HARI KRISHNA #2"
"40","MRS. YAFFE","21","HARI KRISHNA #2"
"28","MRS. ELDERLY","21","HARI KRISHNA #2"
"5","JACK","21","HARI KRISHNA #2"
"42","DR. ROMACK","21","HARI KRISHNA #2"
"26","BLACK DUDE #2","21","HARI KRISHNA #2"
"37","MRS. HAMMEN","21","HARI KRISHNA #2"
"20","HARI KRISHNA #1","21","HARI KRISHNA #2"
"22","GIRL","21","HARI KRISHNA #2"
"27","RANDY","21","HARI KRISHNA #2"
"27","RANDY","21","HARI KRISHNA #2"
"12","STRIKER","21","HARI KRISHNA #2"
"19","MURDOCK","21","HARI KRISHNA #2"
"43","DISPATCHER","21","HARI KRISHNA #2"
"27","RANDY","21","HARI KRISHNA #2"
"38","SISTER ANGELINA","21","HARI KRISHNA #2"
"29","LISA","21","HARI KRISHNA #2"
"20","HARI KRISHNA #1","21","HARI KRISHNA #2"
"28","MRS. ELDERLY","21","HARI KRISHNA #2"
"36","BLACK DUDE #1","21","HARI KRISHNA #2"
"38","SISTER ANGELINA","21","HARI KRISHNA #2"
"31","MRS. SCHIFF","22","GIRL"
"20","HARI KRISHNA #1","22","GIRL"
"21","HARI KRISHNA #2","22","GIRL"
"28","MRS. ELDERLY","22","GIRL"
"15","OVEUR","22","GIRL"
"39","RANDY & PASSENGERS","22","GIRL"
"30","MRS. DAVIS","22","GIRL"
"40","MRS. YAFFE","22","GIRL"
"12","STRIKER","22","GIRL"
"28","MRS. ELDERLY","22","GIRL"
"18","BASTA","22","GIRL"
"29","LISA","22","GIRL"
"5","JACK","22","GIRL"
"36","BLACK DUDE #1","22","GIRL"
"3","ELAINE","22","GIRL"
"25","CHECK-IN LADY","22","GIRL"
"23","SOLDIER","22","GIRL"
"19","MURDOCK","22","GIRL"
"32","MILTON","22","GIRL"
"35","JOEY","22","GIRL"
"3","ELAINE","22","GIRL"
"20","HARI KRISHNA #1","22","GIRL"
"15","OVEUR","22","GIRL"
"26","BLACK DUDE #2","22","GIRL"
"15","OVEUR","22","GIRL"
"4","SHIRLEY","22","GIRL"
"16","TURNANSKY","22","GIRL"
"17","ZEALOT #3","22","GIRL"
"3","ELAINE","22","GIRL"
"4","SHIRLEY","22","GIRL"
"27","RANDY","22","GIRL"
"29","LISA","22","GIRL"
"38","SISTER ANGELINA","22","GIRL"
"30","MRS. DAVIS","22","GIRL"
"34","MR. HAMMEN","22","GIRL"
"18","BASTA","22","GIRL"
"41","DR. RUMACK","22","GIRL"
"44","HINSHAW","22","GIRL"
"12","STRIKER","22","GIRL"
"23","SOLDIER","22","GIRL"
"42","DR. ROMACK","22","GIRL"
"33","BERNICE","22","GIRL"
"28","MRS. ELDERLY","22","GIRL"
"21","HARI KRISHNA #2","22","GIRL"
"24","AIRPORT STEWARD","22","GIRL"
"26","BLACK DUDE #2","22","GIRL"
"19","MURDOCK","22","GIRL"
"27","RANDY","22","GIRL"
"12","STRIKER","22","GIRL"
"43","DISPATCHER","22","GIRL"
"37","MRS. HAMMEN","22","GIRL"
"5","JACK","22","GIRL"
"23","SOLDIER","22","GIRL"
"3","ELAINE","23","SOLDIER"
"30","MRS. DAVIS","23","SOLDIER"
"3","ELAINE","23","SOLDIER"
"29","LISA","23","SOLDIER"
"40","MRS. YAFFE","23","SOLDIER"
"15","OVEUR","23","SOLDIER"
"26","BLACK DUDE #2","23","SOLDIER"
"25","CHECK-IN LADY","23","SOLDIER"
"34","MR. HAMMEN","23","SOLDIER"
"38","SISTER ANGELINA","23","SOLDIER"
"28","MRS. ELDERLY","23","SOLDIER"
"42","DR. ROMACK","23","SOLDIER"
"43","DISPATCHER","23","SOLDIER"
"20","HARI KRISHNA #1","23","SOLDIER"
"31","MRS. SCHIFF","23","SOLDIER"
"5","JACK","23","SOLDIER"
"28","MRS. ELDERLY","23","SOLDIER"
"30","MRS. DAVIS","23","SOLDIER"
"28","MRS. ELDERLY","23","SOLDIER"
"12","STRIKER","23","SOLDIER"
"22","GIRL","23","SOLDIER"
"17","ZEALOT #3","23","SOLDIER"
"41","DR. RUMACK","23","SOLDIER"
"39","RANDY & PASSENGERS","23","SOLDIER"
"15","OVEUR","23","SOLDIER"
"3","ELAINE","23","SOLDIER"
"16","TURNANSKY","23","SOLDIER"
"22","GIRL","23","SOLDIER"
"44","HINSHAW","23","SOLDIER"
"27","RANDY","23","SOLDIER"
"5","JACK","23","SOLDIER"
"33","BERNICE","23","SOLDIER"
"21","HARI KRISHNA #2","23","SOLDIER"
"15","OVEUR","23","SOLDIER"
"19","MURDOCK","23","SOLDIER"
"32","MILTON","23","SOLDIER"
"35","JOEY","23","SOLDIER"
"26","BLACK DUDE #2","23","SOLDIER"
"37","MRS. HAMMEN","23","SOLDIER"
"29","LISA","23","SOLDIER"
"24","AIRPORT STEWARD","23","SOLDIER"
"36","BLACK DUDE #1","23","SOLDIER"
"19","MURDOCK","23","SOLDIER"
"18","BASTA","23","SOLDIER"
"20","HARI KRISHNA #1","23","SOLDIER"
"22","GIRL","23","SOLDIER"
"27","RANDY","23","SOLDIER"
"4","SHIRLEY","23","SOLDIER"
"4","SHIRLEY","23","SOLDIER"
"18","BASTA","23","SOLDIER"
"21","HARI KRISHNA #2","23","SOLDIER"
"12","STRIKER","23","SOLDIER"
"12","STRIKER","23","SOLDIER"
"21","HARI KRISHNA #2","24","AIRPORT STEWARD"
"28","MRS. ELDERLY","24","AIRPORT STEWARD"
"26","BLACK DUDE #2","24","AIRPORT STEWARD"
"5","JACK","24","AIRPORT STEWARD"
"23","SOLDIER","24","AIRPORT STEWARD"
"4","SHIRLEY","24","AIRPORT STEWARD"
"17","ZEALOT #3","24","AIRPORT STEWARD"
"3","ELAINE","24","AIRPORT STEWARD"
"25","CHECK-IN LADY","24","AIRPORT STEWARD"
"16","TURNANSKY","24","AIRPORT STEWARD"
"19","MURDOCK","24","AIRPORT STEWARD"
"12","STRIKER","24","AIRPORT STEWARD"
"27","RANDY","24","AIRPORT STEWARD"
"15","OVEUR","24","AIRPORT STEWARD"
"22","GIRL","24","AIRPORT STEWARD"
"18","BASTA","24","AIRPORT STEWARD"
"20","HARI KRISHNA #1","24","AIRPORT STEWARD"
"27","RANDY","25","CHECK-IN LADY"
"26","BLACK DUDE #2","25","CHECK-IN LADY"
"22","GIRL","25","CHECK-IN LADY"
"16","TURNANSKY","25","CHECK-IN LADY"
"23","SOLDIER","25","CHECK-IN LADY"
"4","SHIRLEY","25","CHECK-IN LADY"
"15","OVEUR","25","CHECK-IN LADY"
"12","STRIKER","25","CHECK-IN LADY"
"24","AIRPORT STEWARD","25","CHECK-IN LADY"
"28","MRS. ELDERLY","25","CHECK-IN LADY"
"17","ZEALOT #3","25","CHECK-IN LADY"
"21","HARI KRISHNA #2","25","CHECK-IN LADY"
"20","HARI KRISHNA #1","25","CHECK-IN LADY"
"19","MURDOCK","25","CHECK-IN LADY"
"3","ELAINE","25","CHECK-IN LADY"
"18","BASTA","25","CHECK-IN LADY"
"5","JACK","25","CHECK-IN LADY"
"54","GUNDERSON","26","BLACK DUDE #2"
"17","ZEALOT #3","26","BLACK DUDE #2"
"40","MRS. YAFFE","26","BLACK DUDE #2"
"43","DISPATCHER","26","BLACK DUDE #2"
"37","MRS. HAMMEN","26","BLACK DUDE #2"
"43","DISPATCHER","26","BLACK DUDE #2"
"60","STRIPED CONTROLLER","26","BLACK DUDE #2"
"51","AIR CONTROLLER #2","26","BLACK DUDE #2"
"55","REPORTER #1","26","BLACK DUDE #2"
"32","MILTON","26","BLACK DUDE #2"
"44","HINSHAW","26","BLACK DUDE #2"
"27","RANDY","26","BLACK DUDE #2"
"11","BUSINESSMAN","26","BLACK DUDE #2"
"38","SISTER ANGELINA","26","BLACK DUDE #2"
"4","SHIRLEY","26","BLACK DUDE #2"
"41","DR. RUMACK","26","BLACK DUDE #2"
"23","SOLDIER","26","BLACK DUDE #2"
"3","ELAINE","26","BLACK DUDE #2"
"28","MRS. ELDERLY","26","BLACK DUDE #2"
"4","SHIRLEY","26","BLACK DUDE #2"
"59","JACK KILPATRICK","26","BLACK DUDE #2"
"30","MRS. DAVIS","26","BLACK DUDE #2"
"45","AIR CONTROLLER #1","26","BLACK DUDE #2"
"18","BASTA","26","BLACK DUDE #2"
"38","SISTER ANGELINA","26","BLACK DUDE #2"
"23","SOLDIER","26","BLACK DUDE #2"
"35","JOEY","26","BLACK DUDE #2"
"3","ELAINE","26","BLACK DUDE #2"
"52","MRS. OVEUR","26","BLACK DUDE #2"
"56","REPORTER #2","26","BLACK DUDE #2"
"31","MRS. SCHIFF","26","BLACK DUDE #2"
"20","HARI KRISHNA #1","26","BLACK DUDE #2"
"18","BASTA","26","BLACK DUDE #2"
"33","BERNICE","26","BLACK DUDE #2"
"34","MR. HAMMEN","26","BLACK DUDE #2"
"16","TURNANSKY","26","BLACK DUDE #2"
"25","CHECK-IN LADY","26","BLACK DUDE #2"
"29","LISA","26","BLACK DUDE #2"
"12","STRIKER","26","BLACK DUDE #2"
"27","RANDY","26","BLACK DUDE #2"
"48","KRAMER","26","BLACK DUDE #2"
"32","MILTON","26","BLACK DUDE #2"
"28","MRS. ELDERLY","26","BLACK DUDE #2"
"57","REPORTER #3","26","BLACK DUDE #2"
"3","ELAINE","26","BLACK DUDE #2"
"21","HARI KRISHNA #2","26","BLACK DUDE #2"
"12","STRIKER","26","BLACK DUDE #2"
"24","AIRPORT STEWARD","26","BLACK DUDE #2"
"12","STRIKER","26","BLACK DUDE #2"
"58","NEWSCASTER","26","BLACK DUDE #2"
"21","HARI KRISHNA #2","26","BLACK DUDE #2"
"44","HINSHAW","26","BLACK DUDE #2"
"19","MURDOCK","26","BLACK DUDE #2"
"33","BERNICE","26","BLACK DUDE #2"
"22","GIRL","26","BLACK DUDE #2"
"39","RANDY & PASSENGERS","26","BLACK DUDE #2"
"36","BLACK DUDE #1","26","BLACK DUDE #2"
"31","MRS. SCHIFF","26","BLACK DUDE #2"
"5","JACK","26","BLACK DUDE #2"
"15","OVEUR","26","BLACK DUDE #2"
"27","RANDY","26","BLACK DUDE #2"
"4","SHIRLEY","26","BLACK DUDE #2"
"37","MRS. HAMMEN","26","BLACK DUDE #2"
"15","OVEUR","26","BLACK DUDE #2"
"42","DR. ROMACK","26","BLACK DUDE #2"
"22","GIRL","26","BLACK DUDE #2"
"53","HORSE","26","BLACK DUDE #2"
"5","JACK","26","BLACK DUDE #2"
"41","DR. RUMACK","26","BLACK DUDE #2"
"20","HARI KRISHNA #1","26","BLACK DUDE #2"
"19","MURDOCK","26","BLACK DUDE #2"
"5","JACK","26","BLACK DUDE #2"
"4","SHIRLEY","27","RANDY"
"59","JACK KILPATRICK","27","RANDY"
"5","JACK","27","RANDY"
"49","SPINSTER ","27","RANDY"
"21","HARI KRISHNA #2","27","RANDY"
"12","STRIKER","27","RANDY"
"46","CAREY","27","RANDY"
"60","STRIPED CONTROLLER","27","RANDY"
"44","HINSHAW","27","RANDY"
"43","DISPATCHER","27","RANDY"
"33","BERNICE","27","RANDY"
"15","OVEUR","27","RANDY"
"19","MURDOCK","27","RANDY"
"31","MRS. SCHIFF","27","RANDY"
"44","HINSHAW","27","RANDY"
"48","KRAMER","27","RANDY"
"53","HORSE","27","RANDY"
"20","HARI KRISHNA #1","27","RANDY"
"4","SHIRLEY","27","RANDY"
"11","BUSINESSMAN","27","RANDY"
"4","SHIRLEY","27","RANDY"
"25","CHECK-IN LADY","27","RANDY"
"26","BLACK DUDE #2","27","RANDY"
"21","HARI KRISHNA #2","27","RANDY"
"15","OVEUR","27","RANDY"
"33","BERNICE","27","RANDY"
"37","MRS. HAMMEN","27","RANDY"
"41","DR. RUMACK","27","RANDY"
"3","ELAINE","27","RANDY"
"35","JOEY","27","RANDY"
"23","SOLDIER","27","RANDY"
"28","MRS. ELDERLY","27","RANDY"
"21","HARI KRISHNA #2","27","RANDY"
"37","MRS. HAMMEN","27","RANDY"
"18","BASTA","27","RANDY"
"40","MRS. YAFFE","27","RANDY"
"45","AIR CONTROLLER #1","27","RANDY"
"26","BLACK DUDE #2","27","RANDY"
"22","GIRL","27","RANDY"
"5","JACK","27","RANDY"
"51","AIR CONTROLLER #2","27","RANDY"
"57","REPORTER #3","27","RANDY"
"24","AIRPORT STEWARD","27","RANDY"
"51","AIR CONTROLLER #2","27","RANDY"
"32","MILTON","27","RANDY"
"50","RANDY/RUMACK","27","RANDY"
"5","JACK","27","RANDY"
"16","TURNANSKY","27","RANDY"
"37","MRS. HAMMEN","27","RANDY"
"28","MRS. ELDERLY","27","RANDY"
"22","GIRL","27","RANDY"
"38","SISTER ANGELINA","27","RANDY"
"55","REPORTER #1","27","RANDY"
"42","DR. ROMACK","27","RANDY"
"12","STRIKER","27","RANDY"
"19","MURDOCK","27","RANDY"
"12","STRIKER","27","RANDY"
"3","ELAINE","27","RANDY"
"48","KRAMER","27","RANDY"
"3","ELAINE","27","RANDY"
"17","ZEALOT #3","27","RANDY"
"45","AIR CONTROLLER #1","27","RANDY"
"30","MRS. DAVIS","27","RANDY"
"32","MILTON","27","RANDY"
"38","SISTER ANGELINA","27","RANDY"
"20","HARI KRISHNA #1","27","RANDY"
"41","DR. RUMACK","27","RANDY"
"36","BLACK DUDE #1","27","RANDY"
"54","GUNDERSON","27","RANDY"
"43","DISPATCHER","27","RANDY"
"18","BASTA","27","RANDY"
"31","MRS. SCHIFF","27","RANDY"
"39","RANDY & PASSENGERS","27","RANDY"
"47","MRS. KRAMER","27","RANDY"
"12","STRIKER","27","RANDY"
"58","NEWSCASTER","27","RANDY"
"56","REPORTER #2","27","RANDY"
"20","HARI KRISHNA #1","27","RANDY"
"34","MR. HAMMEN","27","RANDY"
"38","SISTER ANGELINA","27","RANDY"
"23","SOLDIER","27","RANDY"
"5","JACK","27","RANDY"
"26","BLACK DUDE #2","27","RANDY"
"52","MRS. OVEUR","27","RANDY"
"41","DR. RUMACK","27","RANDY"
"44","HINSHAW","27","RANDY"
"3","ELAINE","27","RANDY"
"29","LISA","27","RANDY"
"21","HARI KRISHNA #2","28","MRS. ELDERLY"
"15","OVEUR","28","MRS. ELDERLY"
"3","ELAINE","28","MRS. ELDERLY"
"3","ELAINE","28","MRS. ELDERLY"
"39","RANDY & PASSENGERS","28","MRS. ELDERLY"
"43","DISPATCHER","28","MRS. ELDERLY"
"3","ELAINE","28","MRS. ELDERLY"
"33","BERNICE","28","MRS. ELDERLY"
"38","SISTER ANGELINA","28","MRS. ELDERLY"
"21","HARI KRISHNA #2","28","MRS. ELDERLY"
"29","LISA","28","MRS. ELDERLY"
"31","MRS. SCHIFF","28","MRS. ELDERLY"
"19","MURDOCK","28","MRS. ELDERLY"
"20","HARI KRISHNA #1","28","MRS. ELDERLY"
"42","DR. ROMACK","28","MRS. ELDERLY"
"5","JACK","28","MRS. ELDERLY"
"12","STRIKER","28","MRS. ELDERLY"
"4","SHIRLEY","28","MRS. ELDERLY"
"25","CHECK-IN LADY","28","MRS. ELDERLY"
"22","GIRL","28","MRS. ELDERLY"
"17","ZEALOT #3","28","MRS. ELDERLY"
"18","BASTA","28","MRS. ELDERLY"
"40","MRS. YAFFE","28","MRS. ELDERLY"
"23","SOLDIER","28","MRS. ELDERLY"
"22","GIRL","28","MRS. ELDERLY"
"36","BLACK DUDE #1","28","MRS. ELDERLY"
"29","LISA","28","MRS. ELDERLY"
"22","GIRL","28","MRS. ELDERLY"
"18","BASTA","28","MRS. ELDERLY"
"27","RANDY","28","MRS. ELDERLY"
"23","SOLDIER","28","MRS. ELDERLY"
"27","RANDY","28","MRS. ELDERLY"
"12","STRIKER","28","MRS. ELDERLY"
"12","STRIKER","28","MRS. ELDERLY"
"15","OVEUR","28","MRS. ELDERLY"
"16","TURNANSKY","28","MRS. ELDERLY"
"24","AIRPORT STEWARD","28","MRS. ELDERLY"
"30","MRS. DAVIS","28","MRS. ELDERLY"
"15","OVEUR","28","MRS. ELDERLY"
"44","HINSHAW","28","MRS. ELDERLY"
"4","SHIRLEY","28","MRS. ELDERLY"
"30","MRS. DAVIS","28","MRS. ELDERLY"
"23","SOLDIER","28","MRS. ELDERLY"
"19","MURDOCK","28","MRS. ELDERLY"
"34","MR. HAMMEN","28","MRS. ELDERLY"
"35","JOEY","28","MRS. ELDERLY"
"20","HARI KRISHNA #1","28","MRS. ELDERLY"
"26","BLACK DUDE #2","28","MRS. ELDERLY"
"37","MRS. HAMMEN","28","MRS. ELDERLY"
"41","DR. RUMACK","28","MRS. ELDERLY"
"5","JACK","28","MRS. ELDERLY"
"26","BLACK DUDE #2","28","MRS. ELDERLY"
"32","MILTON","28","MRS. ELDERLY"
"12","STRIKER","29","LISA"
"4","SHIRLEY","29","LISA"
"28","MRS. ELDERLY","29","LISA"
"22","GIRL","29","LISA"
"32","MILTON","29","LISA"
"15","OVEUR","29","LISA"
"44","HINSHAW","29","LISA"
"19","MURDOCK","29","LISA"
"38","SISTER ANGELINA","29","LISA"
"36","BLACK DUDE #1","29","LISA"
"34","MR. HAMMEN","29","LISA"
"12","STRIKER","29","LISA"
"5","JACK","29","LISA"
"42","DR. ROMACK","29","LISA"
"41","DR. RUMACK","29","LISA"
"37","MRS. HAMMEN","29","LISA"
"27","RANDY","29","LISA"
"39","RANDY & PASSENGERS","29","LISA"
"3","ELAINE","29","LISA"
"35","JOEY","29","LISA"
"23","SOLDIER","29","LISA"
"3","ELAINE","29","LISA"
"30","MRS. DAVIS","29","LISA"
"15","OVEUR","29","LISA"
"22","GIRL","29","LISA"
"28","MRS. ELDERLY","29","LISA"
"30","MRS. DAVIS","29","LISA"
"18","BASTA","29","LISA"
"21","HARI KRISHNA #2","29","LISA"
"40","MRS. YAFFE","29","LISA"
"31","MRS. SCHIFF","29","LISA"
"26","BLACK DUDE #2","29","LISA"
"43","DISPATCHER","29","LISA"
"23","SOLDIER","29","LISA"
"20","HARI KRISHNA #1","29","LISA"
"33","BERNICE","29","LISA"
"36","BLACK DUDE #1","30","MRS. DAVIS"
"18","BASTA","30","MRS. DAVIS"
"22","GIRL","30","MRS. DAVIS"
"37","MRS. HAMMEN","30","MRS. DAVIS"
"23","SOLDIER","30","MRS. DAVIS"
"4","SHIRLEY","30","MRS. DAVIS"
"20","HARI KRISHNA #1","30","MRS. DAVIS"
"39","RANDY & PASSENGERS","30","MRS. DAVIS"
"22","GIRL","30","MRS. DAVIS"
"38","SISTER ANGELINA","30","MRS. DAVIS"
"33","BERNICE","30","MRS. DAVIS"
"5","JACK","30","MRS. DAVIS"
"35","JOEY","30","MRS. DAVIS"
"19","MURDOCK","30","MRS. DAVIS"
"42","DR. ROMACK","30","MRS. DAVIS"
"21","HARI KRISHNA #2","30","MRS. DAVIS"
"23","SOLDIER","30","MRS. DAVIS"
"12","STRIKER","30","MRS. DAVIS"
"15","OVEUR","30","MRS. DAVIS"
"29","LISA","30","MRS. DAVIS"
"28","MRS. ELDERLY","30","MRS. DAVIS"
"28","MRS. ELDERLY","30","MRS. DAVIS"
"43","DISPATCHER","30","MRS. DAVIS"
"31","MRS. SCHIFF","30","MRS. DAVIS"
"3","ELAINE","30","MRS. DAVIS"
"26","BLACK DUDE #2","30","MRS. DAVIS"
"41","DR. RUMACK","30","MRS. DAVIS"
"3","ELAINE","30","MRS. DAVIS"
"34","MR. HAMMEN","30","MRS. DAVIS"
"12","STRIKER","30","MRS. DAVIS"
"44","HINSHAW","30","MRS. DAVIS"
"15","OVEUR","30","MRS. DAVIS"
"29","LISA","30","MRS. DAVIS"
"40","MRS. YAFFE","30","MRS. DAVIS"
"32","MILTON","30","MRS. DAVIS"
"27","RANDY","30","MRS. DAVIS"
"36","BLACK DUDE #1","31","MRS. SCHIFF"
"5","JACK","31","MRS. SCHIFF"
"30","MRS. DAVIS","31","MRS. SCHIFF"
"37","MRS. HAMMEN","31","MRS. SCHIFF"
"29","LISA","31","MRS. SCHIFF"
"44","HINSHAW","31","MRS. SCHIFF"
"18","BASTA","31","MRS. SCHIFF"
"4","SHIRLEY","31","MRS. SCHIFF"
"26","BLACK DUDE #2","31","MRS. SCHIFF"
"53","HORSE","31","MRS. SCHIFF"
"35","JOEY","31","MRS. SCHIFF"
"51","AIR CONTROLLER #2","31","MRS. SCHIFF"
"12","STRIKER","31","MRS. SCHIFF"
"45","AIR CONTROLLER #1","31","MRS. SCHIFF"
"41","DR. RUMACK","31","MRS. SCHIFF"
"54","GUNDERSON","31","MRS. SCHIFF"
"52","MRS. OVEUR","31","MRS. SCHIFF"
"60","STRIPED CONTROLLER","31","MRS. SCHIFF"
"44","HINSHAW","31","MRS. SCHIFF"
"38","SISTER ANGELINA","31","MRS. SCHIFF"
"3","ELAINE","31","MRS. SCHIFF"
"4","SHIRLEY","31","MRS. SCHIFF"
"20","HARI KRISHNA #1","31","MRS. SCHIFF"
"19","MURDOCK","31","MRS. SCHIFF"
"15","OVEUR","31","MRS. SCHIFF"
"42","DR. ROMACK","31","MRS. SCHIFF"
"23","SOLDIER","31","MRS. SCHIFF"
"21","HARI KRISHNA #2","31","MRS. SCHIFF"
"48","KRAMER","31","MRS. SCHIFF"
"38","SISTER ANGELINA","31","MRS. SCHIFF"
"59","JACK KILPATRICK","31","MRS. SCHIFF"
"57","REPORTER #3","31","MRS. SCHIFF"
"26","BLACK DUDE #2","31","MRS. SCHIFF"
"33","BERNICE","31","MRS. SCHIFF"
"22","GIRL","31","MRS. SCHIFF"
"58","NEWSCASTER","31","MRS. SCHIFF"
"37","MRS. HAMMEN","31","MRS. SCHIFF"
"32","MILTON","31","MRS. SCHIFF"
"32","MILTON","31","MRS. SCHIFF"
"27","RANDY","31","MRS. SCHIFF"
"43","DISPATCHER","31","MRS. SCHIFF"
"11","BUSINESSMAN","31","MRS. SCHIFF"
"33","BERNICE","31","MRS. SCHIFF"
"12","STRIKER","31","MRS. SCHIFF"
"3","ELAINE","31","MRS. SCHIFF"
"5","JACK","31","MRS. SCHIFF"
"55","REPORTER #1","31","MRS. SCHIFF"
"56","REPORTER #2","31","MRS. SCHIFF"
"34","MR. HAMMEN","31","MRS. SCHIFF"
"39","RANDY & PASSENGERS","31","MRS. SCHIFF"
"40","MRS. YAFFE","31","MRS. SCHIFF"
"28","MRS. ELDERLY","31","MRS. SCHIFF"
"41","DR. RUMACK","31","MRS. SCHIFF"
"27","RANDY","31","MRS. SCHIFF"
"43","DISPATCHER","31","MRS. SCHIFF"
"33","BERNICE","32","MILTON"
"18","BASTA","32","MILTON"
"20","HARI KRISHNA #1","32","MILTON"
"19","MURDOCK","32","MILTON"
"56","REPORTER #2","32","MILTON"
"37","MRS. HAMMEN","32","MILTON"
"48","KRAMER","32","MILTON"
"12","STRIKER","32","MILTON"
"11","BUSINESSMAN","32","MILTON"
"3","ELAINE","32","MILTON"
"57","REPORTER #3","32","MILTON"
"23","SOLDIER","32","MILTON"
"38","SISTER ANGELINA","32","MILTON"
"4","SHIRLEY","32","MILTON"
"43","DISPATCHER","32","MILTON"
"54","GUNDERSON","32","MILTON"
"55","REPORTER #1","32","MILTON"
"41","DR. RUMACK","32","MILTON"
"4","SHIRLEY","32","MILTON"
"31","MRS. SCHIFF","32","MILTON"
"38","SISTER ANGELINA","32","MILTON"
"35","JOEY","32","MILTON"
"5","JACK","32","MILTON"
"26","BLACK DUDE #2","32","MILTON"
"21","HARI KRISHNA #2","32","MILTON"
"37","MRS. HAMMEN","32","MILTON"
"51","AIR CONTROLLER #2","32","MILTON"
"43","DISPATCHER","32","MILTON"
"27","RANDY","32","MILTON"
"33","BERNICE","32","MILTON"
"30","MRS. DAVIS","32","MILTON"
"27","RANDY","32","MILTON"
"52","MRS. OVEUR","32","MILTON"
"5","JACK","32","MILTON"
"12","STRIKER","32","MILTON"
"29","LISA","32","MILTON"
"44","HINSHAW","32","MILTON"
"31","MRS. SCHIFF","32","MILTON"
"41","DR. RUMACK","32","MILTON"
"42","DR. ROMACK","32","MILTON"
"15","OVEUR","32","MILTON"
"22","GIRL","32","MILTON"
"40","MRS. YAFFE","32","MILTON"
"39","RANDY & PASSENGERS","32","MILTON"
"26","BLACK DUDE #2","32","MILTON"
"28","MRS. ELDERLY","32","MILTON"
"58","NEWSCASTER","32","MILTON"
"60","STRIPED CONTROLLER","32","MILTON"
"59","JACK KILPATRICK","32","MILTON"
"34","MR. HAMMEN","32","MILTON"
"3","ELAINE","32","MILTON"
"44","HINSHAW","32","MILTON"
"53","HORSE","32","MILTON"
"36","BLACK DUDE #1","32","MILTON"
"45","AIR CONTROLLER #1","32","MILTON"
"5","JACK","33","BERNICE"
"58","NEWSCASTER","33","BERNICE"
"12","STRIKER","33","BERNICE"
"3","ELAINE","33","BERNICE"
"38","SISTER ANGELINA","33","BERNICE"
"57","REPORTER #3","33","BERNICE"
"23","SOLDIER","33","BERNICE"
"29","LISA","33","BERNICE"
"36","BLACK DUDE #1","33","BERNICE"
"11","BUSINESSMAN","33","BERNICE"
"39","RANDY & PASSENGERS","33","BERNICE"
"60","STRIPED CONTROLLER","33","BERNICE"
"34","MR. HAMMEN","33","BERNICE"
"53","HORSE","33","BERNICE"
"41","DR. RUMACK","33","BERNICE"
"30","MRS. DAVIS","33","BERNICE"
"26","BLACK DUDE #2","33","BERNICE"
"27","RANDY","33","BERNICE"
"21","HARI KRISHNA #2","33","BERNICE"
"32","MILTON","33","BERNICE"
"5","JACK","33","BERNICE"
"51","AIR CONTROLLER #2","33","BERNICE"
"15","OVEUR","33","BERNICE"
"44","HINSHAW","33","BERNICE"
"40","MRS. YAFFE","33","BERNICE"
"42","DR. ROMACK","33","BERNICE"
"43","DISPATCHER","33","BERNICE"
"28","MRS. ELDERLY","33","BERNICE"
"4","SHIRLEY","33","BERNICE"
"18","BASTA","33","BERNICE"
"35","JOEY","33","BERNICE"
"56","REPORTER #2","33","BERNICE"
"20","HARI KRISHNA #1","33","BERNICE"
"19","MURDOCK","33","BERNICE"
"37","MRS. HAMMEN","33","BERNICE"
"32","MILTON","33","BERNICE"
"41","DR. RUMACK","33","BERNICE"
"54","GUNDERSON","33","BERNICE"
"45","AIR CONTROLLER #1","33","BERNICE"
"31","MRS. SCHIFF","33","BERNICE"
"59","JACK KILPATRICK","33","BERNICE"
"44","HINSHAW","33","BERNICE"
"12","STRIKER","33","BERNICE"
"31","MRS. SCHIFF","33","BERNICE"
"37","MRS. HAMMEN","33","BERNICE"
"43","DISPATCHER","33","BERNICE"
"4","SHIRLEY","33","BERNICE"
"55","REPORTER #1","33","BERNICE"
"26","BLACK DUDE #2","33","BERNICE"
"38","SISTER ANGELINA","33","BERNICE"
"27","RANDY","33","BERNICE"
"3","ELAINE","33","BERNICE"
"22","GIRL","33","BERNICE"
"48","KRAMER","33","BERNICE"
"52","MRS. OVEUR","33","BERNICE"
"19","MURDOCK","34","MR. HAMMEN"
"27","RANDY","34","MR. HAMMEN"
"23","SOLDIER","34","MR. HAMMEN"
"42","DR. ROMACK","34","MR. HAMMEN"
"26","BLACK DUDE #2","34","MR. HAMMEN"
"18","BASTA","34","MR. HAMMEN"
"41","DR. RUMACK","34","MR. HAMMEN"
"43","DISPATCHER","34","MR. HAMMEN"
"29","LISA","34","MR. HAMMEN"
"31","MRS. SCHIFF","34","MR. HAMMEN"
"30","MRS. DAVIS","34","MR. HAMMEN"
"15","OVEUR","34","MR. HAMMEN"
"12","STRIKER","34","MR. HAMMEN"
"3","ELAINE","34","MR. HAMMEN"
"40","MRS. YAFFE","34","MR. HAMMEN"
"5","JACK","34","MR. HAMMEN"
"39","RANDY & PASSENGERS","34","MR. HAMMEN"
"35","JOEY","34","MR. HAMMEN"
"28","MRS. ELDERLY","34","MR. HAMMEN"
"22","GIRL","34","MR. HAMMEN"
"37","MRS. HAMMEN","34","MR. HAMMEN"
"20","HARI KRISHNA #1","34","MR. HAMMEN"
"33","BERNICE","34","MR. HAMMEN"
"21","HARI KRISHNA #2","34","MR. HAMMEN"
"44","HINSHAW","34","MR. HAMMEN"
"4","SHIRLEY","34","MR. HAMMEN"
"36","BLACK DUDE #1","34","MR. HAMMEN"
"38","SISTER ANGELINA","34","MR. HAMMEN"
"32","MILTON","34","MR. HAMMEN"
"12","STRIKER","35","JOEY"
"30","MRS. DAVIS","35","JOEY"
"34","MR. HAMMEN","35","JOEY"
"39","RANDY & PASSENGERS","35","JOEY"
"26","BLACK DUDE #2","35","JOEY"
"18","BASTA","35","JOEY"
"31","MRS. SCHIFF","35","JOEY"
"19","MURDOCK","35","JOEY"
"29","LISA","35","JOEY"
"27","RANDY","35","JOEY"
"42","DR. ROMACK","35","JOEY"
"23","SOLDIER","35","JOEY"
"36","BLACK DUDE #1","35","JOEY"
"32","MILTON","35","JOEY"
"40","MRS. YAFFE","35","JOEY"
"41","DR. RUMACK","35","JOEY"
"38","SISTER ANGELINA","35","JOEY"
"44","HINSHAW","35","JOEY"
"20","HARI KRISHNA #1","35","JOEY"
"43","DISPATCHER","35","JOEY"
"15","OVEUR","35","JOEY"
"5","JACK","35","JOEY"
"4","SHIRLEY","35","JOEY"
"21","HARI KRISHNA #2","35","JOEY"
"37","MRS. HAMMEN","35","JOEY"
"28","MRS. ELDERLY","35","JOEY"
"3","ELAINE","35","JOEY"
"33","BERNICE","35","JOEY"
"22","GIRL","35","JOEY"
"21","HARI KRISHNA #2","36","BLACK DUDE #1"
"40","MRS. YAFFE","36","BLACK DUDE #1"
"37","MRS. HAMMEN","36","BLACK DUDE #1"
"28","MRS. ELDERLY","36","BLACK DUDE #1"
"44","HINSHAW","36","BLACK DUDE #1"
"27","RANDY","36","BLACK DUDE #1"
"34","MR. HAMMEN","36","BLACK DUDE #1"
"38","SISTER ANGELINA","36","BLACK DUDE #1"
"26","BLACK DUDE #2","36","BLACK DUDE #1"
"35","JOEY","36","BLACK DUDE #1"
"30","MRS. DAVIS","36","BLACK DUDE #1"
"23","SOLDIER","36","BLACK DUDE #1"
"43","DISPATCHER","36","BLACK DUDE #1"
"41","DR. RUMACK","36","BLACK DUDE #1"
"12","STRIKER","36","BLACK DUDE #1"
"42","DR. ROMACK","36","BLACK DUDE #1"
"29","LISA","36","BLACK DUDE #1"
"18","BASTA","36","BLACK DUDE #1"
"19","MURDOCK","36","BLACK DUDE #1"
"15","OVEUR","36","BLACK DUDE #1"
"32","MILTON","36","BLACK DUDE #1"
"22","GIRL","36","BLACK DUDE #1"
"20","HARI KRISHNA #1","36","BLACK DUDE #1"
"3","ELAINE","36","BLACK DUDE #1"
"33","BERNICE","36","BLACK DUDE #1"
"39","RANDY & PASSENGERS","36","BLACK DUDE #1"
"31","MRS. SCHIFF","36","BLACK DUDE #1"
"4","SHIRLEY","36","BLACK DUDE #1"
"5","JACK","36","BLACK DUDE #1"
"28","MRS. ELDERLY","37","MRS. HAMMEN"
"31","MRS. SCHIFF","37","MRS. HAMMEN"
"27","RANDY","37","MRS. HAMMEN"
"22","GIRL","37","MRS. HAMMEN"
"26","BLACK DUDE #2","37","MRS. HAMMEN"
"46","CAREY","37","MRS. HAMMEN"
"5","JACK","37","MRS. HAMMEN"
"44","HINSHAW","37","MRS. HAMMEN"
"30","MRS. DAVIS","37","MRS. HAMMEN"
"20","HARI KRISHNA #1","37","MRS. HAMMEN"
"3","ELAINE","37","MRS. HAMMEN"
"53","HORSE","37","MRS. HAMMEN"
"44","HINSHAW","37","MRS. HAMMEN"
"40","MRS. YAFFE","37","MRS. HAMMEN"
"21","HARI KRISHNA #2","37","MRS. HAMMEN"
"33","BERNICE","37","MRS. HAMMEN"
"35","JOEY","37","MRS. HAMMEN"
"5","JACK","37","MRS. HAMMEN"
"41","DR. RUMACK","37","MRS. HAMMEN"
"23","SOLDIER","37","MRS. HAMMEN"
"12","STRIKER","37","MRS. HAMMEN"
"4","SHIRLEY","37","MRS. HAMMEN"
"48","KRAMER","37","MRS. HAMMEN"
"38","SISTER ANGELINA","37","MRS. HAMMEN"
"4","SHIRLEY","37","MRS. HAMMEN"
"29","LISA","37","MRS. HAMMEN"
"47","MRS. KRAMER","37","MRS. HAMMEN"
"60","STRIPED CONTROLLER","37","MRS. HAMMEN"
"11","BUSINESSMAN","37","MRS. HAMMEN"
"44","HINSHAW","37","MRS. HAMMEN"
"54","GUNDERSON","37","MRS. HAMMEN"
"3","ELAINE","37","MRS. HAMMEN"
"52","MRS. OVEUR","37","MRS. HAMMEN"
"43","DISPATCHER","37","MRS. HAMMEN"
"15","OVEUR","37","MRS. HAMMEN"
"59","JACK KILPATRICK","37","MRS. HAMMEN"
"3","ELAINE","37","MRS. HAMMEN"
"48","KRAMER","37","MRS. HAMMEN"
"31","MRS. SCHIFF","37","MRS. HAMMEN"
"41","DR. RUMACK","37","MRS. HAMMEN"
"32","MILTON","37","MRS. HAMMEN"
"50","RANDY/RUMACK","37","MRS. HAMMEN"
"51","AIR CONTROLLER #2","37","MRS. HAMMEN"
"27","RANDY","37","MRS. HAMMEN"
"18","BASTA","37","MRS. HAMMEN"
"34","MR. HAMMEN","37","MRS. HAMMEN"
"38","SISTER ANGELINA","37","MRS. HAMMEN"
"43","DISPATCHER","37","MRS. HAMMEN"
"12","STRIKER","37","MRS. HAMMEN"
"38","SISTER ANGELINA","37","MRS. HAMMEN"
"57","REPORTER #3","37","MRS. HAMMEN"
"56","REPORTER #2","37","MRS. HAMMEN"
"32","MILTON","37","MRS. HAMMEN"
"42","DR. ROMACK","37","MRS. HAMMEN"
"49","SPINSTER ","37","MRS. HAMMEN"
"33","BERNICE","37","MRS. HAMMEN"
"19","MURDOCK","37","MRS. HAMMEN"
"45","AIR CONTROLLER #1","37","MRS. HAMMEN"
"27","RANDY","37","MRS. HAMMEN"
"5","JACK","37","MRS. HAMMEN"
"41","DR. RUMACK","37","MRS. HAMMEN"
"45","AIR CONTROLLER #1","37","MRS. HAMMEN"
"12","STRIKER","37","MRS. HAMMEN"
"58","NEWSCASTER","37","MRS. HAMMEN"
"21","HARI KRISHNA #2","37","MRS. HAMMEN"
"26","BLACK DUDE #2","37","MRS. HAMMEN"
"20","HARI KRISHNA #1","37","MRS. HAMMEN"
"39","RANDY & PASSENGERS","37","MRS. HAMMEN"
"51","AIR CONTROLLER #2","37","MRS. HAMMEN"
"36","BLACK DUDE #1","37","MRS. HAMMEN"
"55","REPORTER #1","37","MRS. HAMMEN"
"44","HINSHAW","38","SISTER ANGELINA"
"31","MRS. SCHIFF","38","SISTER ANGELINA"
"41","DR. RUMACK","38","SISTER ANGELINA"
"4","SHIRLEY","38","SISTER ANGELINA"
"21","HARI KRISHNA #2","38","SISTER ANGELINA"
"54","GUNDERSON","38","SISTER ANGELINA"
"57","REPORTER #3","38","SISTER ANGELINA"
"33","BERNICE","38","SISTER ANGELINA"
"36","BLACK DUDE #1","38","SISTER ANGELINA"
"27","RANDY","38","SISTER ANGELINA"
"34","MR. HAMMEN","38","SISTER ANGELINA"
"42","DR. ROMACK","38","SISTER ANGELINA"
"27","RANDY","38","SISTER ANGELINA"
"26","BLACK DUDE #2","38","SISTER ANGELINA"
"56","REPORTER #2","38","SISTER ANGELINA"
"5","JACK","38","SISTER ANGELINA"
"46","CAREY","38","SISTER ANGELINA"
"50","RANDY/RUMACK","38","SISTER ANGELINA"
"30","MRS. DAVIS","38","SISTER ANGELINA"
"3","ELAINE","38","SISTER ANGELINA"
"45","AIR CONTROLLER #1","38","SISTER ANGELINA"
"12","STRIKER","38","SISTER ANGELINA"
"29","LISA","38","SISTER ANGELINA"
"12","STRIKER","38","SISTER ANGELINA"
"37","MRS. HAMMEN","38","SISTER ANGELINA"
"22","GIRL","38","SISTER ANGELINA"
"19","MURDOCK","38","SISTER ANGELINA"
"41","DR. RUMACK","38","SISTER ANGELINA"
"23","SOLDIER","38","SISTER ANGELINA"
"59","JACK KILPATRICK","38","SISTER ANGELINA"
"44","HINSHAW","38","SISTER ANGELINA"
"45","AIR CONTROLLER #1","38","SISTER ANGELINA"
"44","HINSHAW","38","SISTER ANGELINA"
"47","MRS. KRAMER","38","SISTER ANGELINA"
"35","JOEY","38","SISTER ANGELINA"
"33","BERNICE","38","SISTER ANGELINA"
"31","MRS. SCHIFF","38","SISTER ANGELINA"
"41","DR. RUMACK","38","SISTER ANGELINA"
"5","JACK","38","SISTER ANGELINA"
"37","MRS. HAMMEN","38","SISTER ANGELINA"
"48","KRAMER","38","SISTER ANGELINA"
"15","OVEUR","38","SISTER ANGELINA"
"4","SHIRLEY","38","SISTER ANGELINA"
"20","HARI KRISHNA #1","38","SISTER ANGELINA"
"51","AIR CONTROLLER #2","38","SISTER ANGELINA"
"51","AIR CONTROLLER #2","38","SISTER ANGELINA"
"28","MRS. ELDERLY","38","SISTER ANGELINA"
"3","ELAINE","38","SISTER ANGELINA"
"49","SPINSTER ","38","SISTER ANGELINA"
"20","HARI KRISHNA #1","38","SISTER ANGELINA"
"43","DISPATCHER","38","SISTER ANGELINA"
"43","DISPATCHER","38","SISTER ANGELINA"
"5","JACK","38","SISTER ANGELINA"
"12","STRIKER","38","SISTER ANGELINA"
"32","MILTON","38","SISTER ANGELINA"
"37","MRS. HAMMEN","38","SISTER ANGELINA"
"27","RANDY","38","SISTER ANGELINA"
"52","MRS. OVEUR","38","SISTER ANGELINA"
"3","ELAINE","38","SISTER ANGELINA"
"39","RANDY & PASSENGERS","38","SISTER ANGELINA"
"32","MILTON","38","SISTER ANGELINA"
"60","STRIPED CONTROLLER","38","SISTER ANGELINA"
"11","BUSINESSMAN","38","SISTER ANGELINA"
"21","HARI KRISHNA #2","38","SISTER ANGELINA"
"18","BASTA","38","SISTER ANGELINA"
"40","MRS. YAFFE","38","SISTER ANGELINA"
"58","NEWSCASTER","38","SISTER ANGELINA"
"55","REPORTER #1","38","SISTER ANGELINA"
"26","BLACK DUDE #2","38","SISTER ANGELINA"
"48","KRAMER","38","SISTER ANGELINA"
"53","HORSE","38","SISTER ANGELINA"
"21","HARI KRISHNA #2","39","RANDY & PASSENGERS"
"29","LISA","39","RANDY & PASSENGERS"
"38","SISTER ANGELINA","39","RANDY & PASSENGERS"
"32","MILTON","39","RANDY & PASSENGERS"
"4","SHIRLEY","39","RANDY & PASSENGERS"
"33","BERNICE","39","RANDY & PASSENGERS"
"28","MRS. ELDERLY","39","RANDY & PASSENGERS"
"34","MR. HAMMEN","39","RANDY & PASSENGERS"
"30","MRS. DAVIS","39","RANDY & PASSENGERS"
"36","BLACK DUDE #1","39","RANDY & PASSENGERS"
"15","OVEUR","39","RANDY & PASSENGERS"
"5","JACK","39","RANDY & PASSENGERS"
"27","RANDY","39","RANDY & PASSENGERS"
"23","SOLDIER","39","RANDY & PASSENGERS"
"26","BLACK DUDE #2","39","RANDY & PASSENGERS"
"44","HINSHAW","39","RANDY & PASSENGERS"
"42","DR. ROMACK","39","RANDY & PASSENGERS"
"35","JOEY","39","RANDY & PASSENGERS"
"22","GIRL","39","RANDY & PASSENGERS"
"19","MURDOCK","39","RANDY & PASSENGERS"
"12","STRIKER","39","RANDY & PASSENGERS"
"31","MRS. SCHIFF","39","RANDY & PASSENGERS"
"3","ELAINE","39","RANDY & PASSENGERS"
"43","DISPATCHER","39","RANDY & PASSENGERS"
"41","DR. RUMACK","39","RANDY & PASSENGERS"
"37","MRS. HAMMEN","39","RANDY & PASSENGERS"
"20","HARI KRISHNA #1","39","RANDY & PASSENGERS"
"40","MRS. YAFFE","39","RANDY & PASSENGERS"
"18","BASTA","39","RANDY & PASSENGERS"
"23","SOLDIER","40","MRS. YAFFE"
"37","MRS. HAMMEN","40","MRS. YAFFE"
"21","HARI KRISHNA #2","40","MRS. YAFFE"
"31","MRS. SCHIFF","40","MRS. YAFFE"
"5","JACK","40","MRS. YAFFE"
"15","OVEUR","40","MRS. YAFFE"
"33","BERNICE","40","MRS. YAFFE"
"18","BASTA","40","MRS. YAFFE"
"38","SISTER ANGELINA","40","MRS. YAFFE"
"44","HINSHAW","40","MRS. YAFFE"
"3","ELAINE","40","MRS. YAFFE"
"36","BLACK DUDE #1","40","MRS. YAFFE"
"39","RANDY & PASSENGERS","40","MRS. YAFFE"
"43","DISPATCHER","40","MRS. YAFFE"
"20","HARI KRISHNA #1","40","MRS. YAFFE"
"26","BLACK DUDE #2","40","MRS. YAFFE"
"35","JOEY","40","MRS. YAFFE"
"32","MILTON","40","MRS. YAFFE"
"30","MRS. DAVIS","40","MRS. YAFFE"
"4","SHIRLEY","40","MRS. YAFFE"
"22","GIRL","40","MRS. YAFFE"
"19","MURDOCK","40","MRS. YAFFE"
"29","LISA","40","MRS. YAFFE"
"27","RANDY","40","MRS. YAFFE"
"28","MRS. ELDERLY","40","MRS. YAFFE"
"42","DR. ROMACK","40","MRS. YAFFE"
"34","MR. HAMMEN","40","MRS. YAFFE"
"12","STRIKER","40","MRS. YAFFE"
"41","DR. RUMACK","40","MRS. YAFFE"
"38","SISTER ANGELINA","41","DR. RUMACK"
"20","HARI KRISHNA #1","41","DR. RUMACK"
"44","HINSHAW","41","DR. RUMACK"
"55","REPORTER #1","41","DR. RUMACK"
"34","MR. HAMMEN","41","DR. RUMACK"
"51","AIR CONTROLLER #2","41","DR. RUMACK"
"59","JACK KILPATRICK","41","DR. RUMACK"
"11","BUSINESSMAN","41","DR. RUMACK"
"33","BERNICE","41","DR. RUMACK"
"22","GIRL","41","DR. RUMACK"
"21","HARI KRISHNA #2","41","DR. RUMACK"
"37","MRS. HAMMEN","41","DR. RUMACK"
"18","BASTA","41","DR. RUMACK"
"54","GUNDERSON","41","DR. RUMACK"
"52","MRS. OVEUR","41","DR. RUMACK"
"38","SISTER ANGELINA","41","DR. RUMACK"
"42","DR. ROMACK","41","DR. RUMACK"
"31","MRS. SCHIFF","41","DR. RUMACK"
"26","BLACK DUDE #2","41","DR. RUMACK"
"21","HARI KRISHNA #2","41","DR. RUMACK"
"60","STRIPED CONTROLLER","41","DR. RUMACK"
"32","MILTON","41","DR. RUMACK"
"45","AIR CONTROLLER #1","41","DR. RUMACK"
"27","RANDY","41","DR. RUMACK"
"43","DISPATCHER","41","DR. RUMACK"
"3","ELAINE","41","DR. RUMACK"
"27","RANDY","41","DR. RUMACK"
"32","MILTON","41","DR. RUMACK"
"23","SOLDIER","41","DR. RUMACK"
"40","MRS. YAFFE","41","DR. RUMACK"
"48","KRAMER","41","DR. RUMACK"
"49","SPINSTER ","41","DR. RUMACK"
"30","MRS. DAVIS","41","DR. RUMACK"
"5","JACK","41","DR. RUMACK"
"3","ELAINE","41","DR. RUMACK"
"4","SHIRLEY","41","DR. RUMACK"
"43","DISPATCHER","41","DR. RUMACK"
"37","MRS. HAMMEN","41","DR. RUMACK"
"12","STRIKER","41","DR. RUMACK"
"44","HINSHAW","41","DR. RUMACK"
"28","MRS. ELDERLY","41","DR. RUMACK"
"29","LISA","41","DR. RUMACK"
"3","ELAINE","41","DR. RUMACK"
"51","AIR CONTROLLER #2","41","DR. RUMACK"
"35","JOEY","41","DR. RUMACK"
"38","SISTER ANGELINA","41","DR. RUMACK"
"33","BERNICE","41","DR. RUMACK"
"56","REPORTER #2","41","DR. RUMACK"
"50","RANDY/RUMACK","41","DR. RUMACK"
"5","JACK","41","DR. RUMACK"
"15","OVEUR","41","DR. RUMACK"
"20","HARI KRISHNA #1","41","DR. RUMACK"
"46","CAREY","41","DR. RUMACK"
"44","HINSHAW","41","DR. RUMACK"
"26","BLACK DUDE #2","41","DR. RUMACK"
"31","MRS. SCHIFF","41","DR. RUMACK"
"12","STRIKER","41","DR. RUMACK"
"39","RANDY & PASSENGERS","41","DR. RUMACK"
"12","STRIKER","41","DR. RUMACK"
"19","MURDOCK","41","DR. RUMACK"
"37","MRS. HAMMEN","41","DR. RUMACK"
"45","AIR CONTROLLER #1","41","DR. RUMACK"
"47","MRS. KRAMER","41","DR. RUMACK"
"48","KRAMER","41","DR. RUMACK"
"58","NEWSCASTER","41","DR. RUMACK"
"27","RANDY","41","DR. RUMACK"
"57","REPORTER #3","41","DR. RUMACK"
"53","HORSE","41","DR. RUMACK"
"4","SHIRLEY","41","DR. RUMACK"
"5","JACK","41","DR. RUMACK"
"36","BLACK DUDE #1","41","DR. RUMACK"
"44","HINSHAW","42","DR. ROMACK"
"41","DR. RUMACK","42","DR. ROMACK"
"39","RANDY & PASSENGERS","42","DR. ROMACK"
"31","MRS. SCHIFF","42","DR. ROMACK"
"40","MRS. YAFFE","42","DR. ROMACK"
"19","MURDOCK","42","DR. ROMACK"
"34","MR. HAMMEN","42","DR. ROMACK"
"21","HARI KRISHNA #2","42","DR. ROMACK"
"20","HARI KRISHNA #1","42","DR. ROMACK"
"32","MILTON","42","DR. ROMACK"
"12","STRIKER","42","DR. ROMACK"
"26","BLACK DUDE #2","42","DR. ROMACK"
"36","BLACK DUDE #1","42","DR. ROMACK"
"22","GIRL","42","DR. ROMACK"
"4","SHIRLEY","42","DR. ROMACK"
"27","RANDY","42","DR. ROMACK"
"35","JOEY","42","DR. ROMACK"
"33","BERNICE","42","DR. ROMACK"
"18","BASTA","42","DR. ROMACK"
"37","MRS. HAMMEN","42","DR. ROMACK"
"30","MRS. DAVIS","42","DR. ROMACK"
"15","OVEUR","42","DR. ROMACK"
"5","JACK","42","DR. ROMACK"
"43","DISPATCHER","42","DR. ROMACK"
"23","SOLDIER","42","DR. ROMACK"
"3","ELAINE","42","DR. ROMACK"
"29","LISA","42","DR. ROMACK"
"38","SISTER ANGELINA","42","DR. ROMACK"
"28","MRS. ELDERLY","42","DR. ROMACK"
"21","HARI KRISHNA #2","43","DISPATCHER"
"57","REPORTER #3","43","DISPATCHER"
"41","DR. RUMACK","43","DISPATCHER"
"34","MR. HAMMEN","43","DISPATCHER"
"26","BLACK DUDE #2","43","DISPATCHER"
"38","SISTER ANGELINA","43","DISPATCHER"
"36","BLACK DUDE #1","43","DISPATCHER"
"27","RANDY","43","DISPATCHER"
"22","GIRL","43","DISPATCHER"
"4","SHIRLEY","43","DISPATCHER"
"54","GUNDERSON","43","DISPATCHER"
"39","RANDY & PASSENGERS","43","DISPATCHER"
"31","MRS. SCHIFF","43","DISPATCHER"
"56","REPORTER #2","43","DISPATCHER"
"37","MRS. HAMMEN","43","DISPATCHER"
"32","MILTON","43","DISPATCHER"
"5","JACK","43","DISPATCHER"
"3","ELAINE","43","DISPATCHER"
"44","HINSHAW","43","DISPATCHER"
"60","STRIPED CONTROLLER","43","DISPATCHER"
"5","JACK","43","DISPATCHER"
"41","DR. RUMACK","43","DISPATCHER"
"40","MRS. YAFFE","43","DISPATCHER"
"44","HINSHAW","43","DISPATCHER"
"55","REPORTER #1","43","DISPATCHER"
"27","RANDY","43","DISPATCHER"
"38","SISTER ANGELINA","43","DISPATCHER"
"30","MRS. DAVIS","43","DISPATCHER"
"33","BERNICE","43","DISPATCHER"
"35","JOEY","43","DISPATCHER"
"28","MRS. ELDERLY","43","DISPATCHER"
"32","MILTON","43","DISPATCHER"
"42","DR. ROMACK","43","DISPATCHER"
"52","MRS. OVEUR","43","DISPATCHER"
"58","NEWSCASTER","43","DISPATCHER"
"29","LISA","43","DISPATCHER"
"33","BERNICE","43","DISPATCHER"
"15","OVEUR","43","DISPATCHER"
"12","STRIKER","43","DISPATCHER"
"23","SOLDIER","43","DISPATCHER"
"51","AIR CONTROLLER #2","43","DISPATCHER"
"59","JACK KILPATRICK","43","DISPATCHER"
"19","MURDOCK","43","DISPATCHER"
"37","MRS. HAMMEN","43","DISPATCHER"
"18","BASTA","43","DISPATCHER"
"3","ELAINE","43","DISPATCHER"
"31","MRS. SCHIFF","43","DISPATCHER"
"48","KRAMER","43","DISPATCHER"
"45","AIR CONTROLLER #1","43","DISPATCHER"
"20","HARI KRISHNA #1","43","DISPATCHER"
"53","HORSE","43","DISPATCHER"
"11","BUSINESSMAN","43","DISPATCHER"
"12","STRIKER","43","DISPATCHER"
"26","BLACK DUDE #2","43","DISPATCHER"
"4","SHIRLEY","43","DISPATCHER"
"56","REPORTER #2","44","HINSHAW"
"27","RANDY","44","HINSHAW"
"39","RANDY & PASSENGERS","44","HINSHAW"
"5","JACK","44","HINSHAW"
"37","MRS. HAMMEN","44","HINSHAW"
"37","MRS. HAMMEN","44","HINSHAW"
"15","OVEUR","44","HINSHAW"
"21","HARI KRISHNA #2","44","HINSHAW"
"18","BASTA","44","HINSHAW"
"41","DR. RUMACK","44","HINSHAW"
"58","NEWSCASTER","44","HINSHAW"
"31","MRS. SCHIFF","44","HINSHAW"
"49","SPINSTER ","44","HINSHAW"
"5","JACK","44","HINSHAW"
"12","STRIKER","44","HINSHAW"
"42","DR. ROMACK","44","HINSHAW"
"26","BLACK DUDE #2","44","HINSHAW"
"38","SISTER ANGELINA","44","HINSHAW"
"45","AIR CONTROLLER #1","44","HINSHAW"
"20","HARI KRISHNA #1","44","HINSHAW"
"33","BERNICE","44","HINSHAW"
"59","JACK KILPATRICK","44","HINSHAW"
"48","KRAMER","44","HINSHAW"
"30","MRS. DAVIS","44","HINSHAW"
"38","SISTER ANGELINA","44","HINSHAW"
"52","MRS. OVEUR","44","HINSHAW"
"41","DR. RUMACK","44","HINSHAW"
"23","SOLDIER","44","HINSHAW"
"60","STRIPED CONTROLLER","44","HINSHAW"
"22","GIRL","44","HINSHAW"
"4","SHIRLEY","44","HINSHAW"
"12","STRIKER","44","HINSHAW"
"43","DISPATCHER","44","HINSHAW"
"11","BUSINESSMAN","44","HINSHAW"
"36","BLACK DUDE #1","44","HINSHAW"
"55","REPORTER #1","44","HINSHAW"
"12","STRIKER","44","HINSHAW"
"40","MRS. YAFFE","44","HINSHAW"
"4","SHIRLEY","44","HINSHAW"
"53","HORSE","44","HINSHAW"
"3","ELAINE","44","HINSHAW"
"51","AIR CONTROLLER #2","44","HINSHAW"
"43","DISPATCHER","44","HINSHAW"
"51","AIR CONTROLLER #2","44","HINSHAW"
"5","JACK","44","HINSHAW"
"20","HARI KRISHNA #1","44","HINSHAW"
"21","HARI KRISHNA #2","44","HINSHAW"
"32","MILTON","44","HINSHAW"
"34","MR. HAMMEN","44","HINSHAW"
"33","BERNICE","44","HINSHAW"
"50","RANDY/RUMACK","44","HINSHAW"
"28","MRS. ELDERLY","44","HINSHAW"
"27","RANDY","44","HINSHAW"
"26","BLACK DUDE #2","44","HINSHAW"
"46","CAREY","44","HINSHAW"
"27","RANDY","44","HINSHAW"
"45","AIR CONTROLLER #1","44","HINSHAW"
"32","MILTON","44","HINSHAW"
"57","REPORTER #3","44","HINSHAW"
"19","MURDOCK","44","HINSHAW"
"54","GUNDERSON","44","HINSHAW"
"48","KRAMER","44","HINSHAW"
"35","JOEY","44","HINSHAW"
"47","MRS. KRAMER","44","HINSHAW"
"41","DR. RUMACK","44","HINSHAW"
"38","SISTER ANGELINA","44","HINSHAW"
"3","ELAINE","44","HINSHAW"
"31","MRS. SCHIFF","44","HINSHAW"
"3","ELAINE","44","HINSHAW"
"37","MRS. HAMMEN","44","HINSHAW"
"29","LISA","44","HINSHAW"
"54","GUNDERSON","45","AIR CONTROLLER #1"
"32","MILTON","45","AIR CONTROLLER #1"
"41","DR. RUMACK","45","AIR CONTROLLER #1"
"11","BUSINESSMAN","45","AIR CONTROLLER #1"
"56","REPORTER #2","45","AIR CONTROLLER #1"
"20","HARI KRISHNA #1","45","AIR CONTROLLER #1"
"37","MRS. HAMMEN","45","AIR CONTROLLER #1"
"49","SPINSTER ","45","AIR CONTROLLER #1"
"43","DISPATCHER","45","AIR CONTROLLER #1"
"38","SISTER ANGELINA","45","AIR CONTROLLER #1"
"38","SISTER ANGELINA","45","AIR CONTROLLER #1"
"53","HORSE","45","AIR CONTROLLER #1"
"4","SHIRLEY","45","AIR CONTROLLER #1"
"55","REPORTER #1","45","AIR CONTROLLER #1"
"58","NEWSCASTER","45","AIR CONTROLLER #1"
"44","HINSHAW","45","AIR CONTROLLER #1"
"57","REPORTER #3","45","AIR CONTROLLER #1"
"60","STRIPED CONTROLLER","45","AIR CONTROLLER #1"
"21","HARI KRISHNA #2","45","AIR CONTROLLER #1"
"27","RANDY","45","AIR CONTROLLER #1"
"12","STRIKER","45","AIR CONTROLLER #1"
"5","JACK","45","AIR CONTROLLER #1"
"59","JACK KILPATRICK","45","AIR CONTROLLER #1"
"44","HINSHAW","45","AIR CONTROLLER #1"
"47","MRS. KRAMER","45","AIR CONTROLLER #1"
"12","STRIKER","45","AIR CONTROLLER #1"
"48","KRAMER","45","AIR CONTROLLER #1"
"3","ELAINE","45","AIR CONTROLLER #1"
"51","AIR CONTROLLER #2","45","AIR CONTROLLER #1"
"26","BLACK DUDE #2","45","AIR CONTROLLER #1"
"41","DR. RUMACK","45","AIR CONTROLLER #1"
"50","RANDY/RUMACK","45","AIR CONTROLLER #1"
"51","AIR CONTROLLER #2","45","AIR CONTROLLER #1"
"3","ELAINE","45","AIR CONTROLLER #1"
"37","MRS. HAMMEN","45","AIR CONTROLLER #1"
"31","MRS. SCHIFF","45","AIR CONTROLLER #1"
"46","CAREY","45","AIR CONTROLLER #1"
"52","MRS. OVEUR","45","AIR CONTROLLER #1"
"48","KRAMER","45","AIR CONTROLLER #1"
"33","BERNICE","45","AIR CONTROLLER #1"
"27","RANDY","45","AIR CONTROLLER #1"
"5","JACK","45","AIR CONTROLLER #1"
"48","KRAMER","46","CAREY"
"49","SPINSTER ","46","CAREY"
"38","SISTER ANGELINA","46","CAREY"
"5","JACK","46","CAREY"
"47","MRS. KRAMER","46","CAREY"
"41","DR. RUMACK","46","CAREY"
"21","HARI KRISHNA #2","46","CAREY"
"45","AIR CONTROLLER #1","46","CAREY"
"51","AIR CONTROLLER #2","46","CAREY"
"3","ELAINE","46","CAREY"
"50","RANDY/RUMACK","46","CAREY"
"37","MRS. HAMMEN","46","CAREY"
"44","HINSHAW","46","CAREY"
"27","RANDY","46","CAREY"
"20","HARI KRISHNA #1","46","CAREY"
"12","STRIKER","46","CAREY"
"27","RANDY","47","MRS. KRAMER"
"45","AIR CONTROLLER #1","47","MRS. KRAMER"
"50","RANDY/RUMACK","47","MRS. KRAMER"
"46","CAREY","47","MRS. KRAMER"
"41","DR. RUMACK","47","MRS. KRAMER"
"38","SISTER ANGELINA","47","MRS. KRAMER"
"20","HARI KRISHNA #1","47","MRS. KRAMER"
"3","ELAINE","47","MRS. KRAMER"
"44","HINSHAW","47","MRS. KRAMER"
"21","HARI KRISHNA #2","47","MRS. KRAMER"
"51","AIR CONTROLLER #2","47","MRS. KRAMER"
"37","MRS. HAMMEN","47","MRS. KRAMER"
"12","STRIKER","47","MRS. KRAMER"
"48","KRAMER","47","MRS. KRAMER"
"49","SPINSTER ","47","MRS. KRAMER"
"5","JACK","47","MRS. KRAMER"
"44","HINSHAW","48","KRAMER"
"32","MILTON","48","KRAMER"
"3","ELAINE","48","KRAMER"
"41","DR. RUMACK","48","KRAMER"
"45","AIR CONTROLLER #1","48","KRAMER"
"12","STRIKER","48","KRAMER"
"58","NEWSCASTER","48","KRAMER"
"38","SISTER ANGELINA","48","KRAMER"
"47","MRS. KRAMER","48","KRAMER"
"46","CAREY","48","KRAMER"
"59","JACK KILPATRICK","48","KRAMER"
"51","AIR CONTROLLER #2","48","KRAMER"
"57","REPORTER #3","48","KRAMER"
"20","HARI KRISHNA #1","48","KRAMER"
"5","JACK","48","KRAMER"
"60","STRIPED CONTROLLER","48","KRAMER"
"27","RANDY","48","KRAMER"
"4","SHIRLEY","48","KRAMER"
"55","REPORTER #1","48","KRAMER"
"21","HARI KRISHNA #2","48","KRAMER"
"37","MRS. HAMMEN","48","KRAMER"
"52","MRS. OVEUR","48","KRAMER"
"45","AIR CONTROLLER #1","48","KRAMER"
"12","STRIKER","48","KRAMER"
"38","SISTER ANGELINA","48","KRAMER"
"54","GUNDERSON","48","KRAMER"
"5","JACK","48","KRAMER"
"33","BERNICE","48","KRAMER"
"31","MRS. SCHIFF","48","KRAMER"
"26","BLACK DUDE #2","48","KRAMER"
"51","AIR CONTROLLER #2","48","KRAMER"
"44","HINSHAW","48","KRAMER"
"53","HORSE","48","KRAMER"
"11","BUSINESSMAN","48","KRAMER"
"49","SPINSTER ","48","KRAMER"
"43","DISPATCHER","48","KRAMER"
"50","RANDY/RUMACK","48","KRAMER"
"41","DR. RUMACK","48","KRAMER"
"3","ELAINE","48","KRAMER"
"27","RANDY","48","KRAMER"
"37","MRS. HAMMEN","48","KRAMER"
"12","STRIKER","48","KRAMER"
"56","REPORTER #2","48","KRAMER"
"37","MRS. HAMMEN","49","SPINSTER "
"21","HARI KRISHNA #2","49","SPINSTER "
"48","KRAMER","49","SPINSTER "
"5","JACK","49","SPINSTER "
"20","HARI KRISHNA #1","49","SPINSTER "
"51","AIR CONTROLLER #2","49","SPINSTER "
"46","CAREY","49","SPINSTER "
"50","RANDY/RUMACK","49","SPINSTER "
"47","MRS. KRAMER","49","SPINSTER "
"12","STRIKER","49","SPINSTER "
"3","ELAINE","49","SPINSTER "
"38","SISTER ANGELINA","49","SPINSTER "
"45","AIR CONTROLLER #1","49","SPINSTER "
"44","HINSHAW","49","SPINSTER "
"27","RANDY","49","SPINSTER "
"41","DR. RUMACK","49","SPINSTER "
"41","DR. RUMACK","50","RANDY/RUMACK"
"20","HARI KRISHNA #1","50","RANDY/RUMACK"
"27","RANDY","50","RANDY/RUMACK"
"37","MRS. HAMMEN","50","RANDY/RUMACK"
"3","ELAINE","50","RANDY/RUMACK"
"5","JACK","50","RANDY/RUMACK"
"46","CAREY","50","RANDY/RUMACK"
"21","HARI KRISHNA #2","50","RANDY/RUMACK"
"12","STRIKER","50","RANDY/RUMACK"
"38","SISTER ANGELINA","50","RANDY/RUMACK"
"49","SPINSTER ","50","RANDY/RUMACK"
"45","AIR CONTROLLER #1","50","RANDY/RUMACK"
"44","HINSHAW","50","RANDY/RUMACK"
"51","AIR CONTROLLER #2","50","RANDY/RUMACK"
"47","MRS. KRAMER","50","RANDY/RUMACK"
"48","KRAMER","50","RANDY/RUMACK"
"20","HARI KRISHNA #1","51","AIR CONTROLLER #2"
"31","MRS. SCHIFF","51","AIR CONTROLLER #2"
"53","HORSE","51","AIR CONTROLLER #2"
"41","DR. RUMACK","51","AIR CONTROLLER #2"
"41","DR. RUMACK","51","AIR CONTROLLER #2"
"58","NEWSCASTER","51","AIR CONTROLLER #2"
"4","SHIRLEY","51","AIR CONTROLLER #2"
"50","RANDY/RUMACK","51","AIR CONTROLLER #2"
"27","RANDY","51","AIR CONTROLLER #2"
"44","HINSHAW","51","AIR CONTROLLER #2"
"3","ELAINE","51","AIR CONTROLLER #2"
"55","REPORTER #1","51","AIR CONTROLLER #2"
"32","MILTON","51","AIR CONTROLLER #2"
"60","STRIPED CONTROLLER","51","AIR CONTROLLER #2"
"37","MRS. HAMMEN","51","AIR CONTROLLER #2"
"43","DISPATCHER","51","AIR CONTROLLER #2"
"46","CAREY","51","AIR CONTROLLER #2"
"26","BLACK DUDE #2","51","AIR CONTROLLER #2"
"12","STRIKER","51","AIR CONTROLLER #2"
"47","MRS. KRAMER","51","AIR CONTROLLER #2"
"5","JACK","51","AIR CONTROLLER #2"
"5","JACK","51","AIR CONTROLLER #2"
"45","AIR CONTROLLER #1","51","AIR CONTROLLER #2"
"48","KRAMER","51","AIR CONTROLLER #2"
"12","STRIKER","51","AIR CONTROLLER #2"
"37","MRS. HAMMEN","51","AIR CONTROLLER #2"
"48","KRAMER","51","AIR CONTROLLER #2"
"54","GUNDERSON","51","AIR CONTROLLER #2"
"38","SISTER ANGELINA","51","AIR CONTROLLER #2"
"45","AIR CONTROLLER #1","51","AIR CONTROLLER #2"
"57","REPORTER #3","51","AIR CONTROLLER #2"
"38","SISTER ANGELINA","51","AIR CONTROLLER #2"
"3","ELAINE","51","AIR CONTROLLER #2"
"59","JACK KILPATRICK","51","AIR CONTROLLER #2"
"52","MRS. OVEUR","51","AIR CONTROLLER #2"
"49","SPINSTER ","51","AIR CONTROLLER #2"
"44","HINSHAW","51","AIR CONTROLLER #2"
"56","REPORTER #2","51","AIR CONTROLLER #2"
"27","RANDY","51","AIR CONTROLLER #2"
"21","HARI KRISHNA #2","51","AIR CONTROLLER #2"
"33","BERNICE","51","AIR CONTROLLER #2"
"11","BUSINESSMAN","51","AIR CONTROLLER #2"
"51","AIR CONTROLLER #2","52","MRS. OVEUR"
"4","SHIRLEY","52","MRS. OVEUR"
"56","REPORTER #2","52","MRS. OVEUR"
"58","NEWSCASTER","52","MRS. OVEUR"
"32","MILTON","52","MRS. OVEUR"
"43","DISPATCHER","52","MRS. OVEUR"
"57","REPORTER #3","52","MRS. OVEUR"
"11","BUSINESSMAN","52","MRS. OVEUR"
"55","REPORTER #1","52","MRS. OVEUR"
"33","BERNICE","52","MRS. OVEUR"
"54","GUNDERSON","52","MRS. OVEUR"
"48","KRAMER","52","MRS. OVEUR"
"27","RANDY","52","MRS. OVEUR"
"31","MRS. SCHIFF","52","MRS. OVEUR"
"59","JACK KILPATRICK","52","MRS. OVEUR"
"53","HORSE","52","MRS. OVEUR"
"37","MRS. HAMMEN","52","MRS. OVEUR"
"5","JACK","52","MRS. OVEUR"
"60","STRIPED CONTROLLER","52","MRS. OVEUR"
"26","BLACK DUDE #2","52","MRS. OVEUR"
"38","SISTER ANGELINA","52","MRS. OVEUR"
"45","AIR CONTROLLER #1","52","MRS. OVEUR"
"3","ELAINE","52","MRS. OVEUR"
"41","DR. RUMACK","52","MRS. OVEUR"
"44","HINSHAW","52","MRS. OVEUR"
"12","STRIKER","52","MRS. OVEUR"
"26","BLACK DUDE #2","53","HORSE"
"12","STRIKER","53","HORSE"
"32","MILTON","53","HORSE"
"59","JACK KILPATRICK","53","HORSE"
"4","SHIRLEY","53","HORSE"
"45","AIR CONTROLLER #1","53","HORSE"
"44","HINSHAW","53","HORSE"
"5","JACK","53","HORSE"
"58","NEWSCASTER","53","HORSE"
"57","REPORTER #3","53","HORSE"
"27","RANDY","53","HORSE"
"56","REPORTER #2","53","HORSE"
"31","MRS. SCHIFF","53","HORSE"
"54","GUNDERSON","53","HORSE"
"38","SISTER ANGELINA","53","HORSE"
"51","AIR CONTROLLER #2","53","HORSE"
"41","DR. RUMACK","53","HORSE"
"43","DISPATCHER","53","HORSE"
"48","KRAMER","53","HORSE"
"52","MRS. OVEUR","53","HORSE"
"11","BUSINESSMAN","53","HORSE"
"37","MRS. HAMMEN","53","HORSE"
"60","STRIPED CONTROLLER","53","HORSE"
"33","BERNICE","53","HORSE"
"3","ELAINE","53","HORSE"
"55","REPORTER #1","53","HORSE"
"41","DR. RUMACK","54","GUNDERSON"
"60","STRIPED CONTROLLER","54","GUNDERSON"
"48","KRAMER","54","GUNDERSON"
"37","MRS. HAMMEN","54","GUNDERSON"
"53","HORSE","54","GUNDERSON"
"33","BERNICE","54","GUNDERSON"
"44","HINSHAW","54","GUNDERSON"
"32","MILTON","54","GUNDERSON"
"12","STRIKER","54","GUNDERSON"
"4","SHIRLEY","54","GUNDERSON"
"58","NEWSCASTER","54","GUNDERSON"
"59","JACK KILPATRICK","54","GUNDERSON"
"51","AIR CONTROLLER #2","54","GUNDERSON"
"27","RANDY","54","GUNDERSON"
"11","BUSINESSMAN","54","GUNDERSON"
"38","SISTER ANGELINA","54","GUNDERSON"
"56","REPORTER #2","54","GUNDERSON"
"5","JACK","54","GUNDERSON"
"26","BLACK DUDE #2","54","GUNDERSON"
"52","MRS. OVEUR","54","GUNDERSON"
"45","AIR CONTROLLER #1","54","GUNDERSON"
"43","DISPATCHER","54","GUNDERSON"
"31","MRS. SCHIFF","54","GUNDERSON"
"3","ELAINE","54","GUNDERSON"
"55","REPORTER #1","54","GUNDERSON"
"57","REPORTER #3","54","GUNDERSON"
"58","NEWSCASTER","55","REPORTER #1"
"60","STRIPED CONTROLLER","55","REPORTER #1"
"31","MRS. SCHIFF","55","REPORTER #1"
"52","MRS. OVEUR","55","REPORTER #1"
"54","GUNDERSON","55","REPORTER #1"
"48","KRAMER","55","REPORTER #1"
"26","BLACK DUDE #2","55","REPORTER #1"
"57","REPORTER #3","55","REPORTER #1"
"41","DR. RUMACK","55","REPORTER #1"
"53","HORSE","55","REPORTER #1"
"51","AIR CONTROLLER #2","55","REPORTER #1"
"38","SISTER ANGELINA","55","REPORTER #1"
"32","MILTON","55","REPORTER #1"
"37","MRS. HAMMEN","55","REPORTER #1"
"11","BUSINESSMAN","55","REPORTER #1"
"44","HINSHAW","55","REPORTER #1"
"5","JACK","55","REPORTER #1"
"43","DISPATCHER","55","REPORTER #1"
"12","STRIKER","55","REPORTER #1"
"45","AIR CONTROLLER #1","55","REPORTER #1"
"56","REPORTER #2","55","REPORTER #1"
"27","RANDY","55","REPORTER #1"
"33","BERNICE","55","REPORTER #1"
"59","JACK KILPATRICK","55","REPORTER #1"
"3","ELAINE","55","REPORTER #1"
"4","SHIRLEY","55","REPORTER #1"
"31","MRS. SCHIFF","56","REPORTER #2"
"58","NEWSCASTER","56","REPORTER #2"
"51","AIR CONTROLLER #2","56","REPORTER #2"
"33","BERNICE","56","REPORTER #2"
"45","AIR CONTROLLER #1","56","REPORTER #2"
"26","BLACK DUDE #2","56","REPORTER #2"
"11","BUSINESSMAN","56","REPORTER #2"
"38","SISTER ANGELINA","56","REPORTER #2"
"43","DISPATCHER","56","REPORTER #2"
"37","MRS. HAMMEN","56","REPORTER #2"
"59","JACK KILPATRICK","56","REPORTER #2"
"5","JACK","56","REPORTER #2"
"27","RANDY","56","REPORTER #2"
"12","STRIKER","56","REPORTER #2"
"52","MRS. OVEUR","56","REPORTER #2"
"60","STRIPED CONTROLLER","56","REPORTER #2"
"32","MILTON","56","REPORTER #2"
"44","HINSHAW","56","REPORTER #2"
"55","REPORTER #1","56","REPORTER #2"
"4","SHIRLEY","56","REPORTER #2"
"3","ELAINE","56","REPORTER #2"
"57","REPORTER #3","56","REPORTER #2"
"41","DR. RUMACK","56","REPORTER #2"
"48","KRAMER","56","REPORTER #2"
"53","HORSE","56","REPORTER #2"
"54","GUNDERSON","56","REPORTER #2"
"54","GUNDERSON","57","REPORTER #3"
"31","MRS. SCHIFF","57","REPORTER #3"
"52","MRS. OVEUR","57","REPORTER #3"
"12","STRIKER","57","REPORTER #3"
"44","HINSHAW","57","REPORTER #3"
"58","NEWSCASTER","57","REPORTER #3"
"56","REPORTER #2","57","REPORTER #3"
"38","SISTER ANGELINA","57","REPORTER #3"
"60","STRIPED CONTROLLER","57","REPORTER #3"
"59","JACK KILPATRICK","57","REPORTER #3"
"26","BLACK DUDE #2","57","REPORTER #3"
"4","SHIRLEY","57","REPORTER #3"
"27","RANDY","57","REPORTER #3"
"45","AIR CONTROLLER #1","57","REPORTER #3"
"55","REPORTER #1","57","REPORTER #3"
"43","DISPATCHER","57","REPORTER #3"
"48","KRAMER","57","REPORTER #3"
"53","HORSE","57","REPORTER #3"
"33","BERNICE","57","REPORTER #3"
"51","AIR CONTROLLER #2","57","REPORTER #3"
"11","BUSINESSMAN","57","REPORTER #3"
"3","ELAINE","57","REPORTER #3"
"5","JACK","57","REPORTER #3"
"37","MRS. HAMMEN","57","REPORTER #3"
"32","MILTON","57","REPORTER #3"
"41","DR. RUMACK","57","REPORTER #3"
"31","MRS. SCHIFF","58","NEWSCASTER"
"59","JACK KILPATRICK","58","NEWSCASTER"
"5","JACK","58","NEWSCASTER"
"56","REPORTER #2","58","NEWSCASTER"
"53","HORSE","58","NEWSCASTER"
"33","BERNICE","58","NEWSCASTER"
"38","SISTER ANGELINA","58","NEWSCASTER"
"3","ELAINE","58","NEWSCASTER"
"52","MRS. OVEUR","58","NEWSCASTER"
"45","AIR CONTROLLER #1","58","NEWSCASTER"
"44","HINSHAW","58","NEWSCASTER"
"48","KRAMER","58","NEWSCASTER"
"60","STRIPED CONTROLLER","58","NEWSCASTER"
"54","GUNDERSON","58","NEWSCASTER"
"41","DR. RUMACK","58","NEWSCASTER"
"51","AIR CONTROLLER #2","58","NEWSCASTER"
"43","DISPATCHER","58","NEWSCASTER"
"26","BLACK DUDE #2","58","NEWSCASTER"
"55","REPORTER #1","58","NEWSCASTER"
"37","MRS. HAMMEN","58","NEWSCASTER"
"12","STRIKER","58","NEWSCASTER"
"4","SHIRLEY","58","NEWSCASTER"
"57","REPORTER #3","58","NEWSCASTER"
"11","BUSINESSMAN","58","NEWSCASTER"
"32","MILTON","58","NEWSCASTER"
"27","RANDY","58","NEWSCASTER"
"26","BLACK DUDE #2","59","JACK KILPATRICK"
"51","AIR CONTROLLER #2","59","JACK KILPATRICK"
"31","MRS. SCHIFF","59","JACK KILPATRICK"
"37","MRS. HAMMEN","59","JACK KILPATRICK"
"5","JACK","59","JACK KILPATRICK"
"56","REPORTER #2","59","JACK KILPATRICK"
"12","STRIKER","59","JACK KILPATRICK"
"48","KRAMER","59","JACK KILPATRICK"
"53","HORSE","59","JACK KILPATRICK"
"44","HINSHAW","59","JACK KILPATRICK"
"57","REPORTER #3","59","JACK KILPATRICK"
"45","AIR CONTROLLER #1","59","JACK KILPATRICK"
"52","MRS. OVEUR","59","JACK KILPATRICK"
"41","DR. RUMACK","59","JACK KILPATRICK"
"4","SHIRLEY","59","JACK KILPATRICK"
"54","GUNDERSON","59","JACK KILPATRICK"
"27","RANDY","59","JACK KILPATRICK"
"58","NEWSCASTER","59","JACK KILPATRICK"
"43","DISPATCHER","59","JACK KILPATRICK"
"33","BERNICE","59","JACK KILPATRICK"
"60","STRIPED CONTROLLER","59","JACK KILPATRICK"
"3","ELAINE","59","JACK KILPATRICK"
"38","SISTER ANGELINA","59","JACK KILPATRICK"
"32","MILTON","59","JACK KILPATRICK"
"11","BUSINESSMAN","59","JACK KILPATRICK"
"55","REPORTER #1","59","JACK KILPATRICK"
"32","MILTON","60","STRIPED CONTROLLER"
"52","MRS. OVEUR","60","STRIPED CONTROLLER"
"56","REPORTER #2","60","STRIPED CONTROLLER"
"4","SHIRLEY","60","STRIPED CONTROLLER"
"43","DISPATCHER","60","STRIPED CONTROLLER"
"45","AIR CONTROLLER #1","60","STRIPED CONTROLLER"
"57","REPORTER #3","60","STRIPED CONTROLLER"
"3","ELAINE","60","STRIPED CONTROLLER"
"51","AIR CONTROLLER #2","60","STRIPED CONTROLLER"
"11","BUSINESSMAN","60","STRIPED CONTROLLER"
"55","REPORTER #1","60","STRIPED CONTROLLER"
"53","HORSE","60","STRIPED CONTROLLER"
"37","MRS. HAMMEN","60","STRIPED CONTROLLER"
"31","MRS. SCHIFF","60","STRIPED CONTROLLER"
"41","DR. RUMACK","60","STRIPED CONTROLLER"
"59","JACK KILPATRICK","60","STRIPED CONTROLLER"
"5","JACK","60","STRIPED CONTROLLER"
"54","GUNDERSON","60","STRIPED CONTROLLER"
"27","RANDY","60","STRIPED CONTROLLER"
"26","BLACK DUDE #2","60","STRIPED CONTROLLER"
"38","SISTER ANGELINA","60","STRIPED CONTROLLER"
"44","HINSHAW","60","STRIPED CONTROLLER"
"48","KRAMER","60","STRIPED CONTROLLER"
"33","BERNICE","60","STRIPED CONTROLLER"
"58","NEWSCASTER","60","STRIPED CONTROLLER"
"12","STRIKER","60","STRIPED CONTROLLER"
