"SOURCE","NAME1","TARGET","NAME2"
"18","TERMINAL BUILDING - GATE 89 ","6","TERMINAL BUILDING - PASSENGER LOADING AREA "
"7","TERMINAL BUILDING - BAGGAGE PICKUP AREA ","6","TERMINAL BUILDING - PASSENGER LOADING AREA "
"5","SECURITY CHECK AREA ","6","TERMINAL BUILDING - PASSENGER LOADING AREA "
"18","TERMINAL BUILDING - GATE 89 ","6","TERMINAL BUILDING - PASSENGER LOADING AREA "
"8","TERMINAL BUILDING - ANOTHER AREA ","7","TERMINAL BUILDING - BAGGAGE PICKUP AREA "
"6","TERMINAL BUILDING - PASSENGER LOADING AREA ","7","TERMINAL BUILDING - BAGGAGE PICKUP AREA "
"9","RUNWAY ","8","TERMINAL BUILDING - ANOTHER AREA "
"7","TERMINAL BUILDING - BAGGAGE PICKUP AREA ","8","TERMINAL BUILDING - ANOTHER AREA "
"18","TERMINAL BUILDING - GATE 89 ","9","RUNWAY "
"70","RUNWAY - PLANE ","9","RUNWAY "
"15","COCKPIT - FLIGHT 209 ","9","RUNWAY "
"15","COCKPIT - FLIGHT 209 ","9","RUNWAY "
"20","TOWER ","9","RUNWAY "
"15","COCKPIT - FLIGHT 209 ","9","RUNWAY "
"16","PASSENGER CABIN - BOARDING AREA ","9","RUNWAY "
"8","TERMINAL BUILDING - ANOTHER AREA ","9","RUNWAY "
"20","TOWER ","9","RUNWAY "
"16","PASSENGER CABIN - BOARDING AREA ","9","RUNWAY "
"15","COCKPIT - FLIGHT 209 ","9","RUNWAY "
"20","TOWER ","9","RUNWAY "
"20","TOWER ","9","RUNWAY "
"16","PASSENGER CABIN - BOARDING AREA ","9","RUNWAY "
"14","TERMINAL BUILDING - PHONE AREA ","9","RUNWAY "
"3","TERMINAL BUILDING ","9","RUNWAY "
"10","TERMINAL - GATE 35 ","9","RUNWAY "
"71","O'HARE TERMINAL BUILDING - GATE 7 ","9","RUNWAY "
"17","PASSENGER CABIN - ANOTHER AREA ","9","RUNWAY "
"15","COCKPIT - FLIGHT 209 ","9","RUNWAY "
"15","COCKPIT - FLIGHT 209 ","9","RUNWAY "
"75","DISPATCH LOBBY ","9","RUNWAY "
"16","PASSENGER CABIN - BOARDING AREA ","9","RUNWAY "
"9","RUNWAY ","10","TERMINAL - GATE 35 "
"11","TERMINAL BULIDING - ANOTHER AREA ","10","TERMINAL - GATE 35 "
"10","TERMINAL - GATE 35 ","11","TERMINAL BULIDING - ANOTHER AREA "
"12","TERMINAL BUILDING - CONCESSION AREA ","11","TERMINAL BULIDING - ANOTHER AREA "
"11","TERMINAL BULIDING - ANOTHER AREA ","12","TERMINAL BUILDING - CONCESSION AREA "
"13","DR. TURNANSKY'S OFFICE ","12","TERMINAL BUILDING - CONCESSION AREA "
"12","TERMINAL BUILDING - CONCESSION AREA ","13","DR. TURNANSKY'S OFFICE "
"14","TERMINAL BUILDING - PHONE AREA ","13","DR. TURNANSKY'S OFFICE "
"9","RUNWAY ","14","TERMINAL BUILDING - PHONE AREA "
"13","DR. TURNANSKY'S OFFICE ","14","TERMINAL BUILDING - PHONE AREA "
"15","COCKPIT - FLIGHT 209 ","3","TERMINAL BUILDING "
"17","PASSENGER CABIN - ANOTHER AREA ","3","TERMINAL BUILDING "
"5","SECURITY CHECK AREA ","3","TERMINAL BUILDING "
"4","AIRPORT - PASSENGER LOADING ZONE ","3","TERMINAL BUILDING "
"18","TERMINAL BUILDING - GATE 89 ","3","TERMINAL BUILDING "
"50","AIRFIELD - SIGN ","3","TERMINAL BUILDING "
"9","RUNWAY ","3","TERMINAL BUILDING "
"51","TERMINAL BUILDING - LONG SHOT ","3","TERMINAL BUILDING "
"2","AIRPORT ","3","TERMINAL BUILDING "
"4","AIRPORT - PASSENGER LOADING ZONE ","3","TERMINAL BUILDING "
"16","PASSENGER CABIN - BOARDING AREA ","15","COCKPIT - FLIGHT 209 "
"20","TOWER ","15","COCKPIT - FLIGHT 209 "
"41","COCKPIT - CO-PILOT'S SEAT ","15","COCKPIT - FLIGHT 209 "
"19","AIRPLANE ","15","COCKPIT - FLIGHT 209 "
"9","RUNWAY ","15","COCKPIT - FLIGHT 209 "
"9","RUNWAY ","15","COCKPIT - FLIGHT 209 "
"19","AIRPLANE ","15","COCKPIT - FLIGHT 209 "
"16","PASSENGER CABIN - BOARDING AREA ","15","COCKPIT - FLIGHT 209 "
"16","PASSENGER CABIN - BOARDING AREA ","15","COCKPIT - FLIGHT 209 "
"20","TOWER ","15","COCKPIT - FLIGHT 209 "
"19","AIRPLANE ","15","COCKPIT - FLIGHT 209 "
"16","PASSENGER CABIN - BOARDING AREA ","15","COCKPIT - FLIGHT 209 "
"62","DISPATCH - CLOSEUP - FAN ","15","COCKPIT - FLIGHT 209 "
"19","AIRPLANE ","15","COCKPIT - FLIGHT 209 "
"37","PASSENGER CABIN - OUTSIDE COCKPIT DOOR ","15","COCKPIT - FLIGHT 209 "
"20","TOWER ","15","COCKPIT - FLIGHT 209 "
"9","RUNWAY ","15","COCKPIT - FLIGHT 209 "
"20","TOWER ","15","COCKPIT - FLIGHT 209 "
"16","PASSENGER CABIN - BOARDING AREA ","15","COCKPIT - FLIGHT 209 "
"42","CHICAGO DISPATCH ","15","COCKPIT - FLIGHT 209 "
"17","PASSENGER CABIN - ANOTHER AREA ","15","COCKPIT - FLIGHT 209 "
"35","LAX PASSENGER LOADING AREA ","15","COCKPIT - FLIGHT 209 "
"27","PASSENGER CABIN - STEWARDESS ALCOVE ","15","COCKPIT - FLIGHT 209 "
"20","TOWER ","15","COCKPIT - FLIGHT 209 "
"16","PASSENGER CABIN - BOARDING AREA ","15","COCKPIT - FLIGHT 209 "
"20","TOWER ","15","COCKPIT - FLIGHT 209 "
"20","TOWER ","15","COCKPIT - FLIGHT 209 "
"70","RUNWAY - PLANE ","15","COCKPIT - FLIGHT 209 "
"42","CHICAGO DISPATCH ","15","COCKPIT - FLIGHT 209 "
"19","AIRPLANE ","15","COCKPIT - FLIGHT 209 "
"66","RUNWAY - STRIKER'S POV ","15","COCKPIT - FLIGHT 209 "
"19","AIRPLANE ","15","COCKPIT - FLIGHT 209 "
"19","AIRPLANE ","15","COCKPIT - FLIGHT 209 "
"19","AIRPLANE ","15","COCKPIT - FLIGHT 209 "
"19","AIRPLANE ","15","COCKPIT - FLIGHT 209 "
"62","DISPATCH - CLOSEUP - FAN ","15","COCKPIT - FLIGHT 209 "
"42","CHICAGO DISPATCH ","15","COCKPIT - FLIGHT 209 "
"16","PASSENGER CABIN - BOARDING AREA ","15","COCKPIT - FLIGHT 209 "
"20","TOWER ","15","COCKPIT - FLIGHT 209 "
"69","RUNWAY - CLOSEUP - TIRES ","15","COCKPIT - FLIGHT 209 "
"20","TOWER ","15","COCKPIT - FLIGHT 209 "
"20","TOWER ","15","COCKPIT - FLIGHT 209 "
"19","AIRPLANE ","15","COCKPIT - FLIGHT 209 "
"69","RUNWAY - CLOSEUP - TIRES ","15","COCKPIT - FLIGHT 209 "
"68","RUNWAY - ELAINE'S POV  (STOCK)","15","COCKPIT - FLIGHT 209 "
"17","PASSENGER CABIN - ANOTHER AREA ","15","COCKPIT - FLIGHT 209 "
"68","RUNWAY - ELAINE'S POV  (STOCK)","15","COCKPIT - FLIGHT 209 "
"16","PASSENGER CABIN - BOARDING AREA ","15","COCKPIT - FLIGHT 209 "
"20","TOWER ","15","COCKPIT - FLIGHT 209 "
"19","AIRPLANE ","15","COCKPIT - FLIGHT 209 "
"58","CHCICAGO DISPATCH ","15","COCKPIT - FLIGHT 209 "
"19","AIRPLANE ","15","COCKPIT - FLIGHT 209 "
"42","CHICAGO DISPATCH ","15","COCKPIT - FLIGHT 209 "
"43","PASSENGER CABIN - OUTSIDE OF COCKPIT ","15","COCKPIT - FLIGHT 209 "
"17","PASSENGER CABIN - ANOTHER AREA ","15","COCKPIT - FLIGHT 209 "
"19","AIRPLANE ","15","COCKPIT - FLIGHT 209 "
"42","CHICAGO DISPATCH ","15","COCKPIT - FLIGHT 209 "
"42","CHICAGO DISPATCH ","15","COCKPIT - FLIGHT 209 "
"42","CHICAGO DISPATCH ","15","COCKPIT - FLIGHT 209 "
"42","CHICAGO DISPATCH ","15","COCKPIT - FLIGHT 209 "
"23","RUNWAY - GIRL ","15","COCKPIT - FLIGHT 209 "
"66","RUNWAY - STRIKER'S POV ","15","COCKPIT - FLIGHT 209 "
"19","AIRPLANE ","15","COCKPIT - FLIGHT 209 "
"9","RUNWAY ","15","COCKPIT - FLIGHT 209 "
"42","CHICAGO DISPATCH ","15","COCKPIT - FLIGHT 209 "
"20","TOWER ","15","COCKPIT - FLIGHT 209 "
"19","AIRPLANE ","15","COCKPIT - FLIGHT 209 "
"39","O'HARE WEATHER CENTER - CLOSEUP - TYPEWRITER ","15","COCKPIT - FLIGHT 209 "
"16","PASSENGER CABIN - BOARDING AREA ","15","COCKPIT - FLIGHT 209 "
"16","PASSENGER CABIN - BOARDING AREA ","15","COCKPIT - FLIGHT 209 "
"19","AIRPLANE ","15","COCKPIT - FLIGHT 209 "
"22","AIRPLANE - SOLDIER ","15","COCKPIT - FLIGHT 209 "
"19","AIRPLANE ","15","COCKPIT - FLIGHT 209 "
"20","TOWER ","15","COCKPIT - FLIGHT 209 "
"40","CABIN - ANOTHER AREA - CLOSEUP - A PLATE OF JELLO","15","COCKPIT - FLIGHT 209 "
"42","CHICAGO DISPATCH ","15","COCKPIT - FLIGHT 209 "
"19","AIRPLANE ","15","COCKPIT - FLIGHT 209 "
"19","AIRPLANE ","15","COCKPIT - FLIGHT 209 "
"19","AIRPLANE ","15","COCKPIT - FLIGHT 209 "
"19","AIRPLANE ","15","COCKPIT - FLIGHT 209 "
"66","RUNWAY - STRIKER'S POV ","15","COCKPIT - FLIGHT 209 "
"16","PASSENGER CABIN - BOARDING AREA ","15","COCKPIT - FLIGHT 209 "
"20","TOWER ","15","COCKPIT - FLIGHT 209 "
"42","CHICAGO DISPATCH ","15","COCKPIT - FLIGHT 209 "
"55","CABIN ANOTHER AREA ","15","COCKPIT - FLIGHT 209 "
"19","AIRPLANE ","15","COCKPIT - FLIGHT 209 "
"52","BACK TO COCKPIT ","15","COCKPIT - FLIGHT 209 "
"42","CHICAGO DISPATCH ","15","COCKPIT - FLIGHT 209 "
"55","CABIN ANOTHER AREA ","15","COCKPIT - FLIGHT 209 "
"16","PASSENGER CABIN - BOARDING AREA ","15","COCKPIT - FLIGHT 209 "
"16","PASSENGER CABIN - BOARDING AREA ","15","COCKPIT - FLIGHT 209 "
"19","AIRPLANE ","15","COCKPIT - FLIGHT 209 "
"17","PASSENGER CABIN - ANOTHER AREA ","15","COCKPIT - FLIGHT 209 "
"9","RUNWAY ","15","COCKPIT - FLIGHT 209 "
"20","TOWER ","15","COCKPIT - FLIGHT 209 "
"16","PASSENGER CABIN - BOARDING AREA ","15","COCKPIT - FLIGHT 209 "
"19","AIRPLANE ","15","COCKPIT - FLIGHT 209 "
"16","PASSENGER CABIN - BOARDING AREA ","15","COCKPIT - FLIGHT 209 "
"19","AIRPLANE ","15","COCKPIT - FLIGHT 209 "
"20","TOWER ","15","COCKPIT - FLIGHT 209 "
"16","PASSENGER CABIN - BOARDING AREA ","15","COCKPIT - FLIGHT 209 "
"42","CHICAGO DISPATCH ","15","COCKPIT - FLIGHT 209 "
"19","AIRPLANE ","15","COCKPIT - FLIGHT 209 "
"3","TERMINAL BUILDING ","15","COCKPIT - FLIGHT 209 "
"20","TOWER ","15","COCKPIT - FLIGHT 209 "
"67","COCKPIT  (PROCESS)","15","COCKPIT - FLIGHT 209 "
"16","PASSENGER CABIN - BOARDING AREA ","15","COCKPIT - FLIGHT 209 "
"19","AIRPLANE ","15","COCKPIT - FLIGHT 209 "
"42","CHICAGO DISPATCH ","15","COCKPIT - FLIGHT 209 "
"68","RUNWAY - ELAINE'S POV  (STOCK)","15","COCKPIT - FLIGHT 209 "
"19","AIRPLANE ","15","COCKPIT - FLIGHT 209 "
"36","AIRPLANE - THUNDER AND LIGHTNING ","15","COCKPIT - FLIGHT 209 "
"16","PASSENGER CABIN - BOARDING AREA ","15","COCKPIT - FLIGHT 209 "
"19","AIRPLANE ","15","COCKPIT - FLIGHT 209 "
"16","PASSENGER CABIN - BOARDING AREA ","15","COCKPIT - FLIGHT 209 "
"9","RUNWAY ","15","COCKPIT - FLIGHT 209 "
"16","PASSENGER CABIN - BOARDING AREA ","15","COCKPIT - FLIGHT 209 "
"16","PASSENGER CABIN - BOARDING AREA ","15","COCKPIT - FLIGHT 209 "
"16","PASSENGER CABIN - BOARDING AREA ","15","COCKPIT - FLIGHT 209 "
"42","CHICAGO DISPATCH ","15","COCKPIT - FLIGHT 209 "
"19","AIRPLANE ","15","COCKPIT - FLIGHT 209 "
"20","TOWER ","15","COCKPIT - FLIGHT 209 "
"19","AIRPLANE ","16","PASSENGER CABIN - BOARDING AREA "
"17","PASSENGER CABIN - ANOTHER AREA ","16","PASSENGER CABIN - BOARDING AREA "
"17","PASSENGER CABIN - ANOTHER AREA ","16","PASSENGER CABIN - BOARDING AREA "
"19","AIRPLANE ","16","PASSENGER CABIN - BOARDING AREA "
"19","AIRPLANE ","16","PASSENGER CABIN - BOARDING AREA "
"50","AIRFIELD - SIGN ","16","PASSENGER CABIN - BOARDING AREA "
"19","AIRPLANE ","16","PASSENGER CABIN - BOARDING AREA "
"17","PASSENGER CABIN - ANOTHER AREA ","16","PASSENGER CABIN - BOARDING AREA "
"50","AIRFIELD - SIGN ","16","PASSENGER CABIN - BOARDING AREA "
"17","PASSENGER CABIN - ANOTHER AREA ","16","PASSENGER CABIN - BOARDING AREA "
"19","AIRPLANE ","16","PASSENGER CABIN - BOARDING AREA "
"53","O'HARE WEATHER CENTER - CLOSEUP ON TYPEWRITER","16","PASSENGER CABIN - BOARDING AREA "
"15","COCKPIT - FLIGHT 209 ","16","PASSENGER CABIN - BOARDING AREA "
"15","COCKPIT - FLIGHT 209 ","16","PASSENGER CABIN - BOARDING AREA "
"17","PASSENGER CABIN - ANOTHER AREA ","16","PASSENGER CABIN - BOARDING AREA "
"45","KRAMER'S HOUSE","16","PASSENGER CABIN - BOARDING AREA "
"15","COCKPIT - FLIGHT 209 ","16","PASSENGER CABIN - BOARDING AREA "
"17","PASSENGER CABIN - ANOTHER AREA ","16","PASSENGER CABIN - BOARDING AREA "
"60","PASSENGER CABIN - STEWARDESS' ALCOVE ","16","PASSENGER CABIN - BOARDING AREA "
"33","AFRICAN VILLAGE","16","PASSENGER CABIN - BOARDING AREA "
"15","COCKPIT - FLIGHT 209 ","16","PASSENGER CABIN - BOARDING AREA "
"1","SKY","16","PASSENGER CABIN - BOARDING AREA "
"15","COCKPIT - FLIGHT 209 ","16","PASSENGER CABIN - BOARDING AREA "
"9","RUNWAY ","16","PASSENGER CABIN - BOARDING AREA "
"15","COCKPIT - FLIGHT 209 ","16","PASSENGER CABIN - BOARDING AREA "
"15","COCKPIT - FLIGHT 209 ","16","PASSENGER CABIN - BOARDING AREA "
"19","AIRPLANE ","16","PASSENGER CABIN - BOARDING AREA "
"15","COCKPIT - FLIGHT 209 ","16","PASSENGER CABIN - BOARDING AREA "
"19","AIRPLANE ","16","PASSENGER CABIN - BOARDING AREA "
"19","AIRPLANE ","16","PASSENGER CABIN - BOARDING AREA "
"15","COCKPIT - FLIGHT 209 ","16","PASSENGER CABIN - BOARDING AREA "
"15","COCKPIT - FLIGHT 209 ","16","PASSENGER CABIN - BOARDING AREA "
"15","COCKPIT - FLIGHT 209 ","16","PASSENGER CABIN - BOARDING AREA "
"15","COCKPIT - FLIGHT 209 ","16","PASSENGER CABIN - BOARDING AREA "
"15","COCKPIT - FLIGHT 209 ","16","PASSENGER CABIN - BOARDING AREA "
"17","PASSENGER CABIN - ANOTHER AREA ","16","PASSENGER CABIN - BOARDING AREA "
"9","RUNWAY ","16","PASSENGER CABIN - BOARDING AREA "
"17","PASSENGER CABIN - ANOTHER AREA ","16","PASSENGER CABIN - BOARDING AREA "
"15","COCKPIT - FLIGHT 209 ","16","PASSENGER CABIN - BOARDING AREA "
"19","AIRPLANE ","16","PASSENGER CABIN - BOARDING AREA "
"17","PASSENGER CABIN - ANOTHER AREA ","16","PASSENGER CABIN - BOARDING AREA "
"19","AIRPLANE ","16","PASSENGER CABIN - BOARDING AREA "
"9","RUNWAY ","16","PASSENGER CABIN - BOARDING AREA "
"19","AIRPLANE ","16","PASSENGER CABIN - BOARDING AREA "
"15","COCKPIT - FLIGHT 209 ","16","PASSENGER CABIN - BOARDING AREA "
"9","RUNWAY ","16","PASSENGER CABIN - BOARDING AREA "
"20","TOWER ","16","PASSENGER CABIN - BOARDING AREA "
"19","AIRPLANE ","16","PASSENGER CABIN - BOARDING AREA "
"19","AIRPLANE ","16","PASSENGER CABIN - BOARDING AREA "
"19","AIRPLANE ","16","PASSENGER CABIN - BOARDING AREA "
"40","CABIN - ANOTHER AREA - CLOSEUP - A PLATE OF JELLO","16","PASSENGER CABIN - BOARDING AREA "
"38","COCKPIT - OVEUR ","16","PASSENGER CABIN - BOARDING AREA "
"15","COCKPIT - FLIGHT 209 ","16","PASSENGER CABIN - BOARDING AREA "
"70","RUNWAY - PLANE ","16","PASSENGER CABIN - BOARDING AREA "
"19","AIRPLANE ","16","PASSENGER CABIN - BOARDING AREA "
"20","TOWER ","16","PASSENGER CABIN - BOARDING AREA "
"35","LAX PASSENGER LOADING AREA ","16","PASSENGER CABIN - BOARDING AREA "
"52","BACK TO COCKPIT ","16","PASSENGER CABIN - BOARDING AREA "
"15","COCKPIT - FLIGHT 209 ","16","PASSENGER CABIN - BOARDING AREA "
"15","COCKPIT - FLIGHT 209 ","16","PASSENGER CABIN - BOARDING AREA "
"26","MAGUMBA BAR DANCE FLOOR ","16","PASSENGER CABIN - BOARDING AREA "
"15","COCKPIT - FLIGHT 209 ","16","PASSENGER CABIN - BOARDING AREA "
"34","JUNGLE - ANOTHER AREA","16","PASSENGER CABIN - BOARDING AREA "
"15","COCKPIT - FLIGHT 209 ","16","PASSENGER CABIN - BOARDING AREA "
"15","COCKPIT - FLIGHT 209 ","16","PASSENGER CABIN - BOARDING AREA "
"57","RADAR ROOM","16","PASSENGER CABIN - BOARDING AREA "
"27","PASSENGER CABIN - STEWARDESS ALCOVE ","16","PASSENGER CABIN - BOARDING AREA "
"15","COCKPIT - FLIGHT 209 ","16","PASSENGER CABIN - BOARDING AREA "
"43","PASSENGER CABIN - OUTSIDE OF COCKPIT ","17","PASSENGER CABIN - ANOTHER AREA "
"16","PASSENGER CABIN - BOARDING AREA ","17","PASSENGER CABIN - ANOTHER AREA "
"16","PASSENGER CABIN - BOARDING AREA ","17","PASSENGER CABIN - ANOTHER AREA "
"15","COCKPIT - FLIGHT 209 ","17","PASSENGER CABIN - ANOTHER AREA "
"16","PASSENGER CABIN - BOARDING AREA ","17","PASSENGER CABIN - ANOTHER AREA "
"16","PASSENGER CABIN - BOARDING AREA ","17","PASSENGER CABIN - ANOTHER AREA "
"32","PASSENGER CABIN - BACK TO STRIKER ","17","PASSENGER CABIN - ANOTHER AREA "
"16","PASSENGER CABIN - BOARDING AREA ","17","PASSENGER CABIN - ANOTHER AREA "
"36","AIRPLANE - THUNDER AND LIGHTNING ","17","PASSENGER CABIN - ANOTHER AREA "
"63","CHICAGO TOWER ","17","PASSENGER CABIN - ANOTHER AREA "
"19","AIRPLANE ","17","PASSENGER CABIN - ANOTHER AREA "
"16","PASSENGER CABIN - BOARDING AREA ","17","PASSENGER CABIN - ANOTHER AREA "
"16","PASSENGER CABIN - BOARDING AREA ","17","PASSENGER CABIN - ANOTHER AREA "
"24","MAGUMBA BAR ","17","PASSENGER CABIN - ANOTHER AREA "
"9","RUNWAY ","17","PASSENGER CABIN - ANOTHER AREA "
"3","TERMINAL BUILDING ","17","PASSENGER CABIN - ANOTHER AREA "
"19","AIRPLANE ","17","PASSENGER CABIN - ANOTHER AREA "
"15","COCKPIT - FLIGHT 209 ","17","PASSENGER CABIN - ANOTHER AREA "
"15","COCKPIT - FLIGHT 209 ","17","PASSENGER CABIN - ANOTHER AREA "
"16","PASSENGER CABIN - BOARDING AREA ","17","PASSENGER CABIN - ANOTHER AREA "
"16","PASSENGER CABIN - BOARDING AREA ","17","PASSENGER CABIN - ANOTHER AREA "
"44","AIRPLANE - THROUGH COCKPIT WINDOW ","17","PASSENGER CABIN - ANOTHER AREA "
"15","COCKPIT - FLIGHT 209 ","17","PASSENGER CABIN - ANOTHER AREA "
"27","PASSENGER CABIN - STEWARDESS ALCOVE ","17","PASSENGER CABIN - ANOTHER AREA "
"3","TERMINAL BUILDING ","18","TERMINAL BUILDING - GATE 89 "
"9","RUNWAY ","18","TERMINAL BUILDING - GATE 89 "
"6","TERMINAL BUILDING - PASSENGER LOADING AREA ","18","TERMINAL BUILDING - GATE 89 "
"6","TERMINAL BUILDING - PASSENGER LOADING AREA ","18","TERMINAL BUILDING - GATE 89 "
"16","PASSENGER CABIN - BOARDING AREA ","19","AIRPLANE "
"15","COCKPIT - FLIGHT 209 ","19","AIRPLANE "
"15","COCKPIT - FLIGHT 209 ","19","AIRPLANE "
"15","COCKPIT - FLIGHT 209 ","19","AIRPLANE "
"15","COCKPIT - FLIGHT 209 ","19","AIRPLANE "
"59","CITY STREET  - (STOCK)","19","AIRPLANE "
"15","COCKPIT - FLIGHT 209 ","19","AIRPLANE "
"15","COCKPIT - FLIGHT 209 ","19","AIRPLANE "
"46","KRAMER'S HOUSE ","19","AIRPLANE "
"15","COCKPIT - FLIGHT 209 ","19","AIRPLANE "
"15","COCKPIT - FLIGHT 209 ","19","AIRPLANE "
"15","COCKPIT - FLIGHT 209 ","19","AIRPLANE "
"15","COCKPIT - FLIGHT 209 ","19","AIRPLANE "
"27","PASSENGER CABIN - STEWARDESS ALCOVE ","19","AIRPLANE "
"15","COCKPIT - FLIGHT 209 ","19","AIRPLANE "
"16","PASSENGER CABIN - BOARDING AREA ","19","AIRPLANE "
"15","COCKPIT - FLIGHT 209 ","19","AIRPLANE "
"54","BEDROOM ","19","AIRPLANE "
"16","PASSENGER CABIN - BOARDING AREA ","19","AIRPLANE "
"39","O'HARE WEATHER CENTER - CLOSEUP - TYPEWRITER ","19","AIRPLANE "
"15","COCKPIT - FLIGHT 209 ","19","AIRPLANE "
"15","COCKPIT - FLIGHT 209 ","19","AIRPLANE "
"38","COCKPIT - OVEUR ","19","AIRPLANE "
"16","PASSENGER CABIN - BOARDING AREA ","19","AIRPLANE "
"42","CHICAGO DISPATCH ","19","AIRPLANE "
"15","COCKPIT - FLIGHT 209 ","19","AIRPLANE "
"48","LAVATORY - JACK","19","AIRPLANE "
"16","PASSENGER CABIN - BOARDING AREA ","19","AIRPLANE "
"15","COCKPIT - FLIGHT 209 ","19","AIRPLANE "
"15","COCKPIT - FLIGHT 209 ","19","AIRPLANE "
"16","PASSENGER CABIN - BOARDING AREA ","19","AIRPLANE "
"16","PASSENGER CABIN - BOARDING AREA ","19","AIRPLANE "
"15","COCKPIT - FLIGHT 209 ","19","AIRPLANE "
"15","COCKPIT - FLIGHT 209 ","19","AIRPLANE "
"65","LAX PASSENGER LOADING AREA - BUSINESSMAN ","19","AIRPLANE "
"15","COCKPIT - FLIGHT 209 ","19","AIRPLANE "
"15","COCKPIT - FLIGHT 209 ","19","AIRPLANE "
"37","PASSENGER CABIN - OUTSIDE COCKPIT DOOR ","19","AIRPLANE "
"35","LAX PASSENGER LOADING AREA ","19","AIRPLANE "
"15","COCKPIT - FLIGHT 209 ","19","AIRPLANE "
"15","COCKPIT - FLIGHT 209 ","19","AIRPLANE "
"44","AIRPLANE - THROUGH COCKPIT WINDOW ","19","AIRPLANE "
"42","CHICAGO DISPATCH ","19","AIRPLANE "
"15","COCKPIT - FLIGHT 209 ","19","AIRPLANE "
"16","PASSENGER CABIN - BOARDING AREA ","19","AIRPLANE "
"16","PASSENGER CABIN - BOARDING AREA ","19","AIRPLANE "
"16","PASSENGER CABIN - BOARDING AREA ","19","AIRPLANE "
"15","COCKPIT - FLIGHT 209 ","19","AIRPLANE "
"16","PASSENGER CABIN - BOARDING AREA ","19","AIRPLANE "
"15","COCKPIT - FLIGHT 209 ","19","AIRPLANE "
"16","PASSENGER CABIN - BOARDING AREA ","19","AIRPLANE "
"16","PASSENGER CABIN - BOARDING AREA ","19","AIRPLANE "
"15","COCKPIT - FLIGHT 209 ","19","AIRPLANE "
"20","TOWER ","19","AIRPLANE "
"16","PASSENGER CABIN - BOARDING AREA ","19","AIRPLANE "
"47","CAR ","19","AIRPLANE "
"20","TOWER ","19","AIRPLANE "
"16","PASSENGER CABIN - BOARDING AREA ","19","AIRPLANE "
"15","COCKPIT - FLIGHT 209 ","19","AIRPLANE "
"17","PASSENGER CABIN - ANOTHER AREA ","19","AIRPLANE "
"15","COCKPIT - FLIGHT 209 ","19","AIRPLANE "
"42","CHICAGO DISPATCH ","19","AIRPLANE "
"15","COCKPIT - FLIGHT 209 ","19","AIRPLANE "
"20","TOWER ","19","AIRPLANE "
"17","PASSENGER CABIN - ANOTHER AREA ","19","AIRPLANE "
"57","RADAR ROOM","19","AIRPLANE "
"70","RUNWAY - PLANE ","20","TOWER "
"57","RADAR ROOM","20","TOWER "
"44","AIRPLANE - THROUGH COCKPIT WINDOW ","20","TOWER "
"15","COCKPIT - FLIGHT 209 ","20","TOWER "
"15","COCKPIT - FLIGHT 209 ","20","TOWER "
"15","COCKPIT - FLIGHT 209 ","20","TOWER "
"68","RUNWAY - ELAINE'S POV  (STOCK)","20","TOWER "
"50","AIRFIELD - SIGN ","20","TOWER "
"15","COCKPIT - FLIGHT 209 ","20","TOWER "
"16","PASSENGER CABIN - BOARDING AREA ","20","TOWER "
"42","CHICAGO DISPATCH ","20","TOWER "
"15","COCKPIT - FLIGHT 209 ","20","TOWER "
"57","RADAR ROOM","20","TOWER "
"72","COCKPIT - STRIKER ","20","TOWER "
"19","AIRPLANE ","20","TOWER "
"50","AIRFIELD - SIGN ","20","TOWER "
"70","RUNWAY - PLANE ","20","TOWER "
"66","RUNWAY - STRIKER'S POV ","20","TOWER "
"57","RADAR ROOM","20","TOWER "
"71","O'HARE TERMINAL BUILDING - GATE 7 ","20","TOWER "
"57","RADAR ROOM","20","TOWER "
"66","RUNWAY - STRIKER'S POV ","20","TOWER "
"66","RUNWAY - STRIKER'S POV ","20","TOWER "
"15","COCKPIT - FLIGHT 209 ","20","TOWER "
"44","AIRPLANE - THROUGH COCKPIT WINDOW ","20","TOWER "
"50","AIRFIELD - SIGN ","20","TOWER "
"15","COCKPIT - FLIGHT 209 ","20","TOWER "
"66","RUNWAY - STRIKER'S POV ","20","TOWER "
"50","AIRFIELD - SIGN ","20","TOWER "
"44","AIRPLANE - THROUGH COCKPIT WINDOW ","20","TOWER "
"15","COCKPIT - FLIGHT 209 ","20","TOWER "
"9","RUNWAY ","20","TOWER "
"70","RUNWAY - PLANE ","20","TOWER "
"66","RUNWAY - STRIKER'S POV ","20","TOWER "
"15","COCKPIT - FLIGHT 209 ","20","TOWER "
"57","RADAR ROOM","20","TOWER "
"15","COCKPIT - FLIGHT 209 ","20","TOWER "
"66","RUNWAY - STRIKER'S POV ","20","TOWER "
"9","RUNWAY ","20","TOWER "
"70","RUNWAY - PLANE ","20","TOWER "
"50","AIRFIELD - SIGN ","20","TOWER "
"70","RUNWAY - PLANE ","20","TOWER "
"15","COCKPIT - FLIGHT 209 ","20","TOWER "
"15","COCKPIT - FLIGHT 209 ","20","TOWER "
"19","AIRPLANE ","20","TOWER "
"15","COCKPIT - FLIGHT 209 ","20","TOWER "
"70","RUNWAY - PLANE ","20","TOWER "
"50","AIRFIELD - SIGN ","20","TOWER "
"72","COCKPIT - STRIKER ","20","TOWER "
"50","AIRFIELD - SIGN ","20","TOWER "
"57","RADAR ROOM","20","TOWER "
"15","COCKPIT - FLIGHT 209 ","20","TOWER "
"21","AIR POLAND COCKPIT ","20","TOWER "
"44","AIRPLANE - THROUGH COCKPIT WINDOW ","20","TOWER "
"21","AIR POLAND COCKPIT ","20","TOWER "
"16","PASSENGER CABIN - BOARDING AREA ","20","TOWER "
"50","AIRFIELD - SIGN ","20","TOWER "
"15","COCKPIT - FLIGHT 209 ","20","TOWER "
"15","COCKPIT - FLIGHT 209 ","20","TOWER "
"15","COCKPIT - FLIGHT 209 ","20","TOWER "
"57","RADAR ROOM","20","TOWER "
"50","AIRFIELD - SIGN ","20","TOWER "
"19","AIRPLANE ","20","TOWER "
"9","RUNWAY ","20","TOWER "
"15","COCKPIT - FLIGHT 209 ","20","TOWER "
"9","RUNWAY ","20","TOWER "
"50","AIRFIELD - SIGN ","20","TOWER "
"66","RUNWAY - STRIKER'S POV ","20","TOWER "
"65","LAX PASSENGER LOADING AREA - BUSINESSMAN ","20","TOWER "
"72","COCKPIT - STRIKER ","20","TOWER "
"20","TOWER ","21","AIR POLAND COCKPIT "
"20","TOWER ","21","AIR POLAND COCKPIT "
"23","RUNWAY - GIRL ","22","AIRPLANE - SOLDIER "
"15","COCKPIT - FLIGHT 209 ","22","AIRPLANE - SOLDIER "
"15","COCKPIT - FLIGHT 209 ","23","RUNWAY - GIRL "
"22","AIRPLANE - SOLDIER ","23","RUNWAY - GIRL "
"17","PASSENGER CABIN - ANOTHER AREA ","24","MAGUMBA BAR "
"25","MAGUMBA BAR - JUKEBOX AREA ","24","MAGUMBA BAR "
"24","MAGUMBA BAR ","25","MAGUMBA BAR - JUKEBOX AREA "
"26","MAGUMBA BAR DANCE FLOOR ","25","MAGUMBA BAR - JUKEBOX AREA "
"25","MAGUMBA BAR - JUKEBOX AREA ","26","MAGUMBA BAR DANCE FLOOR "
"16","PASSENGER CABIN - BOARDING AREA ","26","MAGUMBA BAR DANCE FLOOR "
"28","BEACH","27","PASSENGER CABIN - STEWARDESS ALCOVE "
"15","COCKPIT - FLIGHT 209 ","27","PASSENGER CABIN - STEWARDESS ALCOVE "
"17","PASSENGER CABIN - ANOTHER AREA ","27","PASSENGER CABIN - STEWARDESS ALCOVE "
"19","AIRPLANE ","27","PASSENGER CABIN - STEWARDESS ALCOVE "
"16","PASSENGER CABIN - BOARDING AREA ","27","PASSENGER CABIN - STEWARDESS ALCOVE "
"28","BEACH","27","PASSENGER CABIN - STEWARDESS ALCOVE "
"27","PASSENGER CABIN - STEWARDESS ALCOVE ","28","BEACH"
"27","PASSENGER CABIN - STEWARDESS ALCOVE ","28","BEACH"
"16","PASSENGER CABIN - BOARDING AREA ","1","SKY"
"2","AIRPORT ","1","SKY"
"29","HOSPITAL","1","SKY"
"31","HOSPITAL - CLOSEUP - ELAINE","29","HOSPITAL"
"1","SKY","29","HOSPITAL"
"32","PASSENGER CABIN - BACK TO STRIKER ","29","HOSPITAL"
"30","HOSPITAL - ANGLE - SGT. McCOBB","29","HOSPITAL"
"29","HOSPITAL","30","HOSPITAL - ANGLE - SGT. McCOBB"
"31","HOSPITAL - CLOSEUP - ELAINE","30","HOSPITAL - ANGLE - SGT. McCOBB"
"30","HOSPITAL - ANGLE - SGT. McCOBB","31","HOSPITAL - CLOSEUP - ELAINE"
"29","HOSPITAL","31","HOSPITAL - CLOSEUP - ELAINE"
"29","HOSPITAL","32","PASSENGER CABIN - BACK TO STRIKER "
"17","PASSENGER CABIN - ANOTHER AREA ","32","PASSENGER CABIN - BACK TO STRIKER "
"34","JUNGLE - ANOTHER AREA","33","AFRICAN VILLAGE"
"16","PASSENGER CABIN - BOARDING AREA ","33","AFRICAN VILLAGE"
"16","PASSENGER CABIN - BOARDING AREA ","34","JUNGLE - ANOTHER AREA"
"33","AFRICAN VILLAGE","34","JUNGLE - ANOTHER AREA"
"16","PASSENGER CABIN - BOARDING AREA ","35","LAX PASSENGER LOADING AREA "
"19","AIRPLANE ","35","LAX PASSENGER LOADING AREA "
"15","COCKPIT - FLIGHT 209 ","35","LAX PASSENGER LOADING AREA "
"42","CHICAGO DISPATCH ","35","LAX PASSENGER LOADING AREA "
"15","COCKPIT - FLIGHT 209 ","36","AIRPLANE - THUNDER AND LIGHTNING "
"17","PASSENGER CABIN - ANOTHER AREA ","36","AIRPLANE - THUNDER AND LIGHTNING "
"15","COCKPIT - FLIGHT 209 ","37","PASSENGER CABIN - OUTSIDE COCKPIT DOOR "
"19","AIRPLANE ","37","PASSENGER CABIN - OUTSIDE COCKPIT DOOR "
"16","PASSENGER CABIN - BOARDING AREA ","38","COCKPIT - OVEUR "
"19","AIRPLANE ","38","COCKPIT - OVEUR "
"15","COCKPIT - FLIGHT 209 ","39","O'HARE WEATHER CENTER - CLOSEUP - TYPEWRITER "
"19","AIRPLANE ","39","O'HARE WEATHER CENTER - CLOSEUP - TYPEWRITER "
"15","COCKPIT - FLIGHT 209 ","40","CABIN - ANOTHER AREA - CLOSEUP - A PLATE OF JELLO"
"16","PASSENGER CABIN - BOARDING AREA ","40","CABIN - ANOTHER AREA - CLOSEUP - A PLATE OF JELLO"
"42","CHICAGO DISPATCH ","41","COCKPIT - CO-PILOT'S SEAT "
"15","COCKPIT - FLIGHT 209 ","41","COCKPIT - CO-PILOT'S SEAT "
"53","O'HARE WEATHER CENTER - CLOSEUP ON TYPEWRITER","42","CHICAGO DISPATCH "
"15","COCKPIT - FLIGHT 209 ","42","CHICAGO DISPATCH "
"19","AIRPLANE ","42","CHICAGO DISPATCH "
"15","COCKPIT - FLIGHT 209 ","42","CHICAGO DISPATCH "
"75","DISPATCH LOBBY ","42","CHICAGO DISPATCH "
"35","LAX PASSENGER LOADING AREA ","42","CHICAGO DISPATCH "
"19","AIRPLANE ","42","CHICAGO DISPATCH "
"15","COCKPIT - FLIGHT 209 ","42","CHICAGO DISPATCH "
"54","BEDROOM ","42","CHICAGO DISPATCH "
"61","CHICAGO WEATHER CENTER - CLOSEUP","42","CHICAGO DISPATCH "
"20","TOWER ","42","CHICAGO DISPATCH "
"15","COCKPIT - FLIGHT 209 ","42","CHICAGO DISPATCH "
"15","COCKPIT - FLIGHT 209 ","42","CHICAGO DISPATCH "
"15","COCKPIT - FLIGHT 209 ","42","CHICAGO DISPATCH "
"57","RADAR ROOM","42","CHICAGO DISPATCH "
"15","COCKPIT - FLIGHT 209 ","42","CHICAGO DISPATCH "
"56","O'HARE AIRPORT - REVOLVING RADAR ANTENNA ","42","CHICAGO DISPATCH "
"57","RADAR ROOM","42","CHICAGO DISPATCH "
"41","COCKPIT - CO-PILOT'S SEAT ","42","CHICAGO DISPATCH "
"19","AIRPLANE ","42","CHICAGO DISPATCH "
"56","O'HARE AIRPORT - REVOLVING RADAR ANTENNA ","42","CHICAGO DISPATCH "
"15","COCKPIT - FLIGHT 209 ","42","CHICAGO DISPATCH "
"15","COCKPIT - FLIGHT 209 ","42","CHICAGO DISPATCH "
"15","COCKPIT - FLIGHT 209 ","42","CHICAGO DISPATCH "
"15","COCKPIT - FLIGHT 209 ","42","CHICAGO DISPATCH "
"15","COCKPIT - FLIGHT 209 ","42","CHICAGO DISPATCH "
"15","COCKPIT - FLIGHT 209 ","42","CHICAGO DISPATCH "
"51","TERMINAL BUILDING - LONG SHOT ","42","CHICAGO DISPATCH "
"47","CAR ","42","CHICAGO DISPATCH "
"15","COCKPIT - FLIGHT 209 ","42","CHICAGO DISPATCH "
"15","COCKPIT - FLIGHT 209 ","42","CHICAGO DISPATCH "
"49","COCKPIT NIGHT","42","CHICAGO DISPATCH "
"17","PASSENGER CABIN - ANOTHER AREA ","43","PASSENGER CABIN - OUTSIDE OF COCKPIT "
"15","COCKPIT - FLIGHT 209 ","43","PASSENGER CABIN - OUTSIDE OF COCKPIT "
"20","TOWER ","44","AIRPLANE - THROUGH COCKPIT WINDOW "
"20","TOWER ","44","AIRPLANE - THROUGH COCKPIT WINDOW "
"17","PASSENGER CABIN - ANOTHER AREA ","44","AIRPLANE - THROUGH COCKPIT WINDOW "
"19","AIRPLANE ","44","AIRPLANE - THROUGH COCKPIT WINDOW "
"20","TOWER ","44","AIRPLANE - THROUGH COCKPIT WINDOW "
"20","TOWER ","44","AIRPLANE - THROUGH COCKPIT WINDOW "
"46","KRAMER'S HOUSE ","45","KRAMER'S HOUSE"
"16","PASSENGER CABIN - BOARDING AREA ","45","KRAMER'S HOUSE"
"45","KRAMER'S HOUSE","46","KRAMER'S HOUSE "
"19","AIRPLANE ","46","KRAMER'S HOUSE "
"19","AIRPLANE ","47","CAR "
"42","CHICAGO DISPATCH ","47","CAR "
"49","COCKPIT NIGHT","48","LAVATORY - JACK"
"19","AIRPLANE ","48","LAVATORY - JACK"
"48","LAVATORY - JACK","49","COCKPIT NIGHT"
"42","CHICAGO DISPATCH ","49","COCKPIT NIGHT"
"20","TOWER ","50","AIRFIELD - SIGN "
"20","TOWER ","50","AIRFIELD - SIGN "
"20","TOWER ","50","AIRFIELD - SIGN "
"16","PASSENGER CABIN - BOARDING AREA ","50","AIRFIELD - SIGN "
"67","COCKPIT  (PROCESS)","50","AIRFIELD - SIGN "
"20","TOWER ","50","AIRFIELD - SIGN "
"20","TOWER ","50","AIRFIELD - SIGN "
"20","TOWER ","50","AIRFIELD - SIGN "
"20","TOWER ","50","AIRFIELD - SIGN "
"3","TERMINAL BUILDING ","50","AIRFIELD - SIGN "
"20","TOWER ","50","AIRFIELD - SIGN "
"20","TOWER ","50","AIRFIELD - SIGN "
"16","PASSENGER CABIN - BOARDING AREA ","50","AIRFIELD - SIGN "
"20","TOWER ","50","AIRFIELD - SIGN "
"42","CHICAGO DISPATCH ","51","TERMINAL BUILDING - LONG SHOT "
"3","TERMINAL BUILDING ","51","TERMINAL BUILDING - LONG SHOT "
"15","COCKPIT - FLIGHT 209 ","52","BACK TO COCKPIT "
"16","PASSENGER CABIN - BOARDING AREA ","52","BACK TO COCKPIT "
"42","CHICAGO DISPATCH ","53","O'HARE WEATHER CENTER - CLOSEUP ON TYPEWRITER"
"16","PASSENGER CABIN - BOARDING AREA ","53","O'HARE WEATHER CENTER - CLOSEUP ON TYPEWRITER"
"19","AIRPLANE ","54","BEDROOM "
"42","CHICAGO DISPATCH ","54","BEDROOM "
"15","COCKPIT - FLIGHT 209 ","55","CABIN ANOTHER AREA "
"15","COCKPIT - FLIGHT 209 ","55","CABIN ANOTHER AREA "
"42","CHICAGO DISPATCH ","56","O'HARE AIRPORT - REVOLVING RADAR ANTENNA "
"42","CHICAGO DISPATCH ","56","O'HARE AIRPORT - REVOLVING RADAR ANTENNA "
"64","TOWER - DIFFERENT ANGLE ","57","RADAR ROOM"
"20","TOWER ","57","RADAR ROOM"
"20","TOWER ","57","RADAR ROOM"
"20","TOWER ","57","RADAR ROOM"
"42","CHICAGO DISPATCH ","57","RADAR ROOM"
"20","TOWER ","57","RADAR ROOM"
"20","TOWER ","57","RADAR ROOM"
"16","PASSENGER CABIN - BOARDING AREA ","57","RADAR ROOM"
"42","CHICAGO DISPATCH ","57","RADAR ROOM"
"20","TOWER ","57","RADAR ROOM"
"20","TOWER ","57","RADAR ROOM"
"19","AIRPLANE ","57","RADAR ROOM"
"15","COCKPIT - FLIGHT 209 ","58","CHCICAGO DISPATCH "
"59","CITY STREET  - (STOCK)","58","CHCICAGO DISPATCH "
"58","CHCICAGO DISPATCH ","59","CITY STREET  - (STOCK)"
"19","AIRPLANE ","59","CITY STREET  - (STOCK)"
"2","AIRPORT ","60","PASSENGER CABIN - STEWARDESS' ALCOVE "
"16","PASSENGER CABIN - BOARDING AREA ","60","PASSENGER CABIN - STEWARDESS' ALCOVE "
"61","CHICAGO WEATHER CENTER - CLOSEUP","2","AIRPORT "
"3","TERMINAL BUILDING ","2","AIRPORT "
"60","PASSENGER CABIN - STEWARDESS' ALCOVE ","2","AIRPORT "
"1","SKY","2","AIRPORT "
"42","CHICAGO DISPATCH ","61","CHICAGO WEATHER CENTER - CLOSEUP"
"2","AIRPORT ","61","CHICAGO WEATHER CENTER - CLOSEUP"
"15","COCKPIT - FLIGHT 209 ","62","DISPATCH - CLOSEUP - FAN "
"15","COCKPIT - FLIGHT 209 ","62","DISPATCH - CLOSEUP - FAN "
"64","TOWER - DIFFERENT ANGLE ","63","CHICAGO TOWER "
"17","PASSENGER CABIN - ANOTHER AREA ","63","CHICAGO TOWER "
"57","RADAR ROOM","64","TOWER - DIFFERENT ANGLE "
"63","CHICAGO TOWER ","64","TOWER - DIFFERENT ANGLE "
"19","AIRPLANE ","65","LAX PASSENGER LOADING AREA - BUSINESSMAN "
"20","TOWER ","65","LAX PASSENGER LOADING AREA - BUSINESSMAN "
"15","COCKPIT - FLIGHT 209 ","66","RUNWAY - STRIKER'S POV "
"20","TOWER ","66","RUNWAY - STRIKER'S POV "
"15","COCKPIT - FLIGHT 209 ","66","RUNWAY - STRIKER'S POV "
"20","TOWER ","66","RUNWAY - STRIKER'S POV "
"20","TOWER ","66","RUNWAY - STRIKER'S POV "
"15","COCKPIT - FLIGHT 209 ","66","RUNWAY - STRIKER'S POV "
"20","TOWER ","66","RUNWAY - STRIKER'S POV "
"20","TOWER ","66","RUNWAY - STRIKER'S POV "
"20","TOWER ","66","RUNWAY - STRIKER'S POV "
"20","TOWER ","66","RUNWAY - STRIKER'S POV "
"50","AIRFIELD - SIGN ","67","COCKPIT  (PROCESS)"
"15","COCKPIT - FLIGHT 209 ","67","COCKPIT  (PROCESS)"
"15","COCKPIT - FLIGHT 209 ","68","RUNWAY - ELAINE'S POV  (STOCK)"
"20","TOWER ","68","RUNWAY - ELAINE'S POV  (STOCK)"
"15","COCKPIT - FLIGHT 209 ","68","RUNWAY - ELAINE'S POV  (STOCK)"
"15","COCKPIT - FLIGHT 209 ","68","RUNWAY - ELAINE'S POV  (STOCK)"
"15","COCKPIT - FLIGHT 209 ","69","RUNWAY - CLOSEUP - TIRES "
"15","COCKPIT - FLIGHT 209 ","69","RUNWAY - CLOSEUP - TIRES "
"74","TOWER - MRS. OVEUR ","70","RUNWAY - PLANE "
"16","PASSENGER CABIN - BOARDING AREA ","70","RUNWAY - PLANE "
"20","TOWER ","70","RUNWAY - PLANE "
"20","TOWER ","70","RUNWAY - PLANE "
"73","O'HARE TERMINAL BUILDING - GATE 13 ","70","RUNWAY - PLANE "
"15","COCKPIT - FLIGHT 209 ","70","RUNWAY - PLANE "
"71","O'HARE TERMINAL BUILDING - GATE 7 ","70","RUNWAY - PLANE "
"20","TOWER ","70","RUNWAY - PLANE "
"20","TOWER ","70","RUNWAY - PLANE "
"20","TOWER ","70","RUNWAY - PLANE "
"72","COCKPIT - STRIKER ","70","RUNWAY - PLANE "
"9","RUNWAY ","70","RUNWAY - PLANE "
"74","TOWER - MRS. OVEUR ","70","RUNWAY - PLANE "
"20","TOWER ","70","RUNWAY - PLANE "
"70","RUNWAY - PLANE ","71","O'HARE TERMINAL BUILDING - GATE 7 "
"9","RUNWAY ","71","O'HARE TERMINAL BUILDING - GATE 7 "
"72","COCKPIT - STRIKER ","71","O'HARE TERMINAL BUILDING - GATE 7 "
"20","TOWER ","71","O'HARE TERMINAL BUILDING - GATE 7 "
"20","TOWER ","72","COCKPIT - STRIKER "
"70","RUNWAY - PLANE ","72","COCKPIT - STRIKER "
"20","TOWER ","72","COCKPIT - STRIKER "
"71","O'HARE TERMINAL BUILDING - GATE 7 ","72","COCKPIT - STRIKER "
"73","O'HARE TERMINAL BUILDING - GATE 13 ","72","COCKPIT - STRIKER "
"20","TOWER ","72","COCKPIT - STRIKER "
"72","COCKPIT - STRIKER ","73","O'HARE TERMINAL BUILDING - GATE 13 "
"70","RUNWAY - PLANE ","73","O'HARE TERMINAL BUILDING - GATE 13 "
"70","RUNWAY - PLANE ","74","TOWER - MRS. OVEUR "
"70","RUNWAY - PLANE ","74","TOWER - MRS. OVEUR "
"42","CHICAGO DISPATCH ","75","DISPATCH LOBBY "
"9","RUNWAY ","75","DISPATCH LOBBY "
"3","TERMINAL BUILDING ","4","AIRPORT - PASSENGER LOADING ZONE "
"3","TERMINAL BUILDING ","4","AIRPORT - PASSENGER LOADING ZONE "
"6","TERMINAL BUILDING - PASSENGER LOADING AREA ","5","SECURITY CHECK AREA "
"3","TERMINAL BUILDING ","5","SECURITY CHECK AREA "
