"SOURCE","NAME1","TARGET","NAME2"
"92","land","68","plane"
"80","striker","68","plane"
"18","time","68","plane"
"23","phone","24","captain"
"36","truth","24","captain"
"20","things","18","time"
"7","yeah","18","time"
"19","work","18","time"
"91","woman","18","time"
"91","woman","18","time"
"80","striker","18","time"
"41","good","18","time"
"92","land","58","stewardess"
"68","plane","92","land"
"48","pilot","67","flying"
"96","experience","67","flying"
"3","passengers","67","flying"
"118","hinshaw","67","flying"
"83","waiting","80","striker"
"18","time","80","striker"
"9","love","8","person"
"4","jack","8","person"
"2","white","8","person"
"10","thing","8","person"
"88","understand","33","emergency"
"53","care","81","coffee"
"9","love","5","flight"
"4","jack","5","flight"
"104","airport","5","flight"
"80","striker","5","flight"
"96","experience","45","hell"
"67","flying","45","hell"
"89","sick","45","hell"
"28","doctor","45","hell"
"36","truth","101","kramer"
"24","captain","101","kramer"
"24","captain","101","kramer"
"73","speed","101","kramer"
"9","love","56","feet"
"85","hundred","56","feet"
"69","control","56","feet"
"39","weather","56","feet"
"85","hundred","56","feet"
"5","flight","56","feet"
"92","land","3","passengers"
"68","plane","3","passengers"
"2","white","3","passengers"
"48","pilot","3","passengers"
"34","hold","3","passengers"
"118","hinshaw","3","passengers"
"24","captain","85","hundred"
"83","waiting","85","hundred"
"80","striker","85","hundred"
"85","hundred","108","shot"
"80","striker","11","make"
"39","weather","11","make"
"93","landing","11","make"
"89","sick","72","altitude"
"28","doctor","72","altitude"
"57","people","72","altitude"
"45","hell","72","altitude"
"94","rumack","72","altitude"
"76","heading","75","niner"
"100","runway","75","niner"
"94","rumack","57","people"
"89","sick","57","people"
"28","doctor","57","people"
"45","hell","57","people"
"73","speed","15","elaine"
"101","kramer","15","elaine"
"16","talk","15","elaine"
"17","home","15","elaine"
"10","thing","93","landing"
"100","runway","93","landing"
"39","weather","34","hold"
"93","landing","34","hold"
"11","make","34","hold"
"104","airport","13","back"
"116","door","13","back"
"83","waiting","41","good"
"80","striker","41","good"
"85","hundred","41","good"
"10","thing","41","good"
"17","home","16","talk"
"16","talk","51","ground"
"99","upstairs","51","ground"
"99","upstairs","21","feel"
"16","talk","21","feel"
"51","ground","21","feel"
"16","talk","99","upstairs"
"80","striker","55","chance"
"68","plane","55","chance"
"18","time","55","chance"
"9","love","10","thing"
"3","passengers","1","listen"
"68","plane","48","pilot"
"118","hinshaw","48","pilot"
"9","love","39","weather"
"93","landing","39","weather"
"85","hundred","39","weather"
"23","phone","39","weather"
"69","control","39","weather"
"24","captain","39","weather"
"56","feet","39","weather"
"5","flight","39","weather"
"10","thing","4","jack"
"9","love","4","jack"
"81","coffee","113","business"
"8","person","113","business"
"19","work","91","woman"
"5","flight","25","oveur"
"62","thought","25","oveur"
"104","airport","25","oveur"
"104","airport","62","thought"
"5","flight","62","thought"
"104","airport","116","door"
"28","doctor","89","sick"
"3","passengers","89","sick"
"34","hold","89","sick"
"28","doctor","94","rumack"
"89","sick","94","rumack"
"45","hell","94","rumack"
"39","weather","6","chicago"
"5","flight","6","chicago"
"92","land","6","chicago"
"4","jack","6","chicago"
"68","plane","6","chicago"
"85","hundred","6","chicago"
"56","feet","6","chicago"
"10","thing","100","runway"
"9","love","69","control"
"5","flight","69","control"
"92","land","31","ready"
"3","passengers","2","white"
"4","jack","2","white"
"10","thing","2","white"
"9","love","2","white"
"1","listen","2","white"
"24","captain","103","carey"
"101","kramer","103","carey"
