"SOURCE","NAME1","TARGET","NAME2"
"2","KAT","1","RIDER"
"3","BIANCA","1","RIDER"
"6","GIRL","1","RIDER"
"4","CHASTITY ","1","RIDER"
"5","BOY","1","RIDER"
"12","MRS. BLAISE","2","KAT"
"22","MISS PERKY ","2","KAT"
"11","DEREK","2","KAT"
"13","JOEY","2","KAT"
"15","MANDELLA","2","KAT"
"5","BOY","2","KAT"
"31","BRUCE ","2","KAT"
"3","BIANCA","2","KAT"
"13","JOEY","2","KAT"
"8","CAMERON","2","KAT"
"14","TEACHER (0.S.)","2","KAT"
"27","JOEY ","2","KAT"
"1","RIDER","2","KAT"
"13","JOEY","2","KAT"
"25","MANDELLA ","2","KAT"
"39","COFFEE KID #1","2","KAT"
"10","MICHAEL","2","KAT"
"8","CAMERON","2","KAT"
"15","MANDELLA","2","KAT"
"33","LEAD SINGER","2","KAT"
"6","GIRL","2","KAT"
"23","PATRICK ","2","KAT"
"19","SHARON","2","KAT"
"27","JOEY ","2","KAT"
"32","SKIPPY","2","KAT"
"28","MR. CHAPIN ","2","KAT"
"37","BOGEY","2","KAT"
"10","MICHAEL","2","KAT"
"23","PATRICK ","2","KAT"
"18","WALTER","2","KAT"
"8","CAMERON","2","KAT"
"48","SHARON ","2","KAT"
"18","WALTER","2","KAT"
"9","PATRICK","2","KAT"
"27","JOEY ","2","KAT"
"36","PATRICK/KAT ","2","KAT"
"42","CLEM ","2","KAT"
"20","PEPE","2","KAT"
"21","KAT ","2","KAT"
"8","CAMERON","2","KAT"
"38","JOCK ","2","KAT"
"24","TREVOR","2","KAT"
"9","PATRICK","2","KAT"
"30","MICHAEL ","2","KAT"
"18","WALTER","2","KAT"
"9","PATRICK","2","KAT"
"16","MANDELIA","2","KAT"
"9","PATRICK","2","KAT"
"43","MRS. BLAISE ","2","KAT"
"19","SHARON","2","KAT"
"25","MANDELLA ","2","KAT"
"3","BIANCA","2","KAT"
"9","PATRICK","2","KAT"
"45","MISCREANT ","2","KAT"
"17","COHORT","2","KAT"
"7","MISS PERKY","2","KAT"
"49","COWBOY","2","KAT"
"14","TEACHER (0.S.)","2","KAT"
"11","DEREK","2","KAT"
"23","PATRICK ","2","KAT"
"28","MR. CHAPIN ","2","KAT"
"44","DEREK ","2","KAT"
"3","BIANCA","2","KAT"
"26","TREVOR ","2","KAT"
"3","BIANCA","2","KAT"
"10","MICHAEL","2","KAT"
"10","MICHAEL","2","KAT"
"15","MANDELLA","2","KAT"
"25","MANDELLA ","2","KAT"
"13","JOEY","2","KAT"
"4","CHASTITY ","2","KAT"
"7","MISS PERKY","2","KAT"
"35","LEAD SINGER ","2","KAT"
"8","CAMERON","2","KAT"
"40","GUY","2","KAT"
"24","TREVOR","2","KAT"
"21","KAT ","2","KAT"
"30","MICHAEL ","2","KAT"
"30","MICHAEL ","2","KAT"
"18","WALTER","2","KAT"
"46","KAT (0. S.)","2","KAT"
"3","BIANCA","2","KAT"
"8","CAMERON","2","KAT"
"22","MISS PERKY ","2","KAT"
"27","JOEY ","2","KAT"
"29","SCURVY","2","KAT"
"30","MICHAEL ","2","KAT"
"4","CHASTITY ","2","KAT"
"12","MRS. BLAISE","2","KAT"
"3","BIANCA","2","KAT"
"7","MISS PERKY","2","KAT"
"41","CLEM","2","KAT"
"47","KID ","2","KAT"
"50","CAMERON (0. S.)","2","KAT"
"21","KAT ","2","KAT"
"10","MICHAEL","2","KAT"
"7","MISS PERKY","2","KAT"
"21","KAT ","2","KAT"
"13","JOEY","2","KAT"
"34","BOY (0.S.)","2","KAT"
"9","PATRICK","2","KAT"
"21","KAT ","2","KAT"
"26","TREVOR ","2","KAT"
"10","MICHAEL","2","KAT"
"22","MISS PERKY ","2","KAT"
"3","BIANCA","2","KAT"
"13","JOEY","2","KAT"
"23","PATRICK ","2","KAT"
"21","KAT ","2","KAT"
"15","MANDELLA","2","KAT"
"25","MANDELLA ","2","KAT"
"2","KAT","3","BIANCA"
"7","MISS PERKY","3","BIANCA"
"9","PATRICK","3","BIANCA"
"7","MISS PERKY","3","BIANCA"
"4","CHASTITY ","3","BIANCA"
"23","PATRICK ","3","BIANCA"
"15","MANDELLA","3","BIANCA"
"10","MICHAEL","3","BIANCA"
"25","MANDELLA ","3","BIANCA"
"9","PATRICK","3","BIANCA"
"8","CAMERON","3","BIANCA"
"13","JOEY","3","BIANCA"
"17","COHORT","3","BIANCA"
"21","KAT ","3","BIANCA"
"14","TEACHER (0.S.)","3","BIANCA"
"23","PATRICK ","3","BIANCA"
"10","MICHAEL","3","BIANCA"
"12","MRS. BLAISE","3","BIANCA"
"50","CAMERON (0. S.)","3","BIANCA"
"2","KAT","3","BIANCA"
"18","WALTER","3","BIANCA"
"10","MICHAEL","3","BIANCA"
"11","DEREK","3","BIANCA"
"33","LEAD SINGER","3","BIANCA"
"26","TREVOR ","3","BIANCA"
"10","MICHAEL","3","BIANCA"
"5","BOY","3","BIANCA"
"36","PATRICK/KAT ","3","BIANCA"
"8","CAMERON","3","BIANCA"
"21","KAT ","3","BIANCA"
"49","COWBOY","3","BIANCA"
"42","CLEM ","3","BIANCA"
"18","WALTER","3","BIANCA"
"30","MICHAEL ","3","BIANCA"
"21","KAT ","3","BIANCA"
"18","WALTER","3","BIANCA"
"23","PATRICK ","3","BIANCA"
"4","CHASTITY ","3","BIANCA"
"2","KAT","3","BIANCA"
"30","MICHAEL ","3","BIANCA"
"8","CAMERON","3","BIANCA"
"2","KAT","3","BIANCA"
"21","KAT ","3","BIANCA"
"27","JOEY ","3","BIANCA"
"2","KAT","3","BIANCA"
"12","MRS. BLAISE","3","BIANCA"
"40","GUY","3","BIANCA"
"15","MANDELLA","3","BIANCA"
"9","PATRICK","3","BIANCA"
"13","JOEY","3","BIANCA"
"13","JOEY","3","BIANCA"
"8","CAMERON","3","BIANCA"
"6","GIRL","3","BIANCA"
"15","MANDELLA","3","BIANCA"
"7","MISS PERKY","3","BIANCA"
"24","TREVOR","3","BIANCA"
"25","MANDELLA ","3","BIANCA"
"21","KAT ","3","BIANCA"
"2","KAT","3","BIANCA"
"9","PATRICK","3","BIANCA"
"9","PATRICK","3","BIANCA"
"22","MISS PERKY ","3","BIANCA"
"45","MISCREANT ","3","BIANCA"
"38","JOCK ","3","BIANCA"
"22","MISS PERKY ","3","BIANCA"
"20","PEPE","3","BIANCA"
"2","KAT","3","BIANCA"
"39","COFFEE KID #1","3","BIANCA"
"34","BOY (0.S.)","3","BIANCA"
"29","SCURVY","3","BIANCA"
"43","MRS. BLAISE ","3","BIANCA"
"28","MR. CHAPIN ","3","BIANCA"
"10","MICHAEL","3","BIANCA"
"13","JOEY","3","BIANCA"
"1","RIDER","3","BIANCA"
"8","CAMERON","3","BIANCA"
"30","MICHAEL ","3","BIANCA"
"32","SKIPPY","3","BIANCA"
"37","BOGEY","3","BIANCA"
"18","WALTER","3","BIANCA"
"25","MANDELLA ","3","BIANCA"
"14","TEACHER (0.S.)","3","BIANCA"
"47","KID ","3","BIANCA"
"41","CLEM","3","BIANCA"
"19","SHARON","3","BIANCA"
"26","TREVOR ","3","BIANCA"
"7","MISS PERKY","3","BIANCA"
"11","DEREK","3","BIANCA"
"9","PATRICK","3","BIANCA"
"13","JOEY","3","BIANCA"
"27","JOEY ","3","BIANCA"
"46","KAT (0. S.)","3","BIANCA"
"28","MR. CHAPIN ","3","BIANCA"
"48","SHARON ","3","BIANCA"
"35","LEAD SINGER ","3","BIANCA"
"19","SHARON","3","BIANCA"
"16","MANDELIA","3","BIANCA"
"31","BRUCE ","3","BIANCA"
"44","DEREK ","3","BIANCA"
"24","TREVOR","3","BIANCA"
"27","JOEY ","3","BIANCA"
"22","MISS PERKY ","3","BIANCA"
"23","PATRICK ","3","BIANCA"
"2","KAT","4","CHASTITY "
"6","GIRL","4","CHASTITY "
"43","MRS. BLAISE ","4","CHASTITY "
"22","MISS PERKY ","4","CHASTITY "
"13","JOEY","4","CHASTITY "
"27","JOEY ","4","CHASTITY "
"5","BOY","4","CHASTITY "
"3","BIANCA","4","CHASTITY "
"48","SHARON ","4","CHASTITY "
"44","DEREK ","4","CHASTITY "
"25","MANDELLA ","4","CHASTITY "
"19","SHARON","4","CHASTITY "
"12","MRS. BLAISE","4","CHASTITY "
"30","MICHAEL ","4","CHASTITY "
"24","TREVOR","4","CHASTITY "
"8","CAMERON","4","CHASTITY "
"2","KAT","4","CHASTITY "
"37","BOGEY","4","CHASTITY "
"23","PATRICK ","4","CHASTITY "
"38","JOCK ","4","CHASTITY "
"49","COWBOY","4","CHASTITY "
"10","MICHAEL","4","CHASTITY "
"46","KAT (0. S.)","4","CHASTITY "
"50","CAMERON (0. S.)","4","CHASTITY "
"47","KID ","4","CHASTITY "
"21","KAT ","4","CHASTITY "
"28","MR. CHAPIN ","4","CHASTITY "
"14","TEACHER (0.S.)","4","CHASTITY "
"1","RIDER","4","CHASTITY "
"26","TREVOR ","4","CHASTITY "
"45","MISCREANT ","4","CHASTITY "
"11","DEREK","4","CHASTITY "
"7","MISS PERKY","4","CHASTITY "
"39","COFFEE KID #1","4","CHASTITY "
"40","GUY","4","CHASTITY "
"9","PATRICK","4","CHASTITY "
"42","CLEM ","4","CHASTITY "
"15","MANDELLA","4","CHASTITY "
"18","WALTER","4","CHASTITY "
"41","CLEM","4","CHASTITY "
"3","BIANCA","4","CHASTITY "
"2","KAT","5","BOY"
"3","BIANCA","5","BOY"
"4","CHASTITY ","5","BOY"
"6","GIRL","5","BOY"
"1","RIDER","5","BOY"
"5","BOY","6","GIRL"
"3","BIANCA","6","GIRL"
"1","RIDER","6","GIRL"
"2","KAT","6","GIRL"
"4","CHASTITY ","6","GIRL"
"2","KAT","7","MISS PERKY"
"11","DEREK","7","MISS PERKY"
"26","TREVOR ","7","MISS PERKY"
"23","PATRICK ","7","MISS PERKY"
"4","CHASTITY ","7","MISS PERKY"
"30","MICHAEL ","7","MISS PERKY"
"8","CAMERON","7","MISS PERKY"
"18","WALTER","7","MISS PERKY"
"2","KAT","7","MISS PERKY"
"10","MICHAEL","7","MISS PERKY"
"20","PEPE","7","MISS PERKY"
"25","MANDELLA ","7","MISS PERKY"
"2","KAT","7","MISS PERKY"
"11","DEREK","7","MISS PERKY"
"10","MICHAEL","7","MISS PERKY"
"28","MR. CHAPIN ","7","MISS PERKY"
"13","JOEY","7","MISS PERKY"
"15","MANDELLA","7","MISS PERKY"
"17","COHORT","7","MISS PERKY"
"14","TEACHER (0.S.)","7","MISS PERKY"
"9","PATRICK","7","MISS PERKY"
"45","MISCREANT ","7","MISS PERKY"
"9","PATRICK","7","MISS PERKY"
"23","PATRICK ","7","MISS PERKY"
"37","BOGEY","7","MISS PERKY"
"13","JOEY","7","MISS PERKY"
"3","BIANCA","7","MISS PERKY"
"16","MANDELIA","7","MISS PERKY"
"22","MISS PERKY ","7","MISS PERKY"
"19","SHARON","7","MISS PERKY"
"25","MANDELLA ","7","MISS PERKY"
"39","COFFEE KID #1","7","MISS PERKY"
"12","MRS. BLAISE","7","MISS PERKY"
"36","PATRICK/KAT ","7","MISS PERKY"
"48","SHARON ","7","MISS PERKY"
"3","BIANCA","7","MISS PERKY"
"46","KAT (0. S.)","7","MISS PERKY"
"9","PATRICK","7","MISS PERKY"
"43","MRS. BLAISE ","7","MISS PERKY"
"19","SHARON","7","MISS PERKY"
"8","CAMERON","7","MISS PERKY"
"18","WALTER","7","MISS PERKY"
"18","WALTER","7","MISS PERKY"
"21","KAT ","7","MISS PERKY"
"14","TEACHER (0.S.)","7","MISS PERKY"
"42","CLEM ","7","MISS PERKY"
"38","JOCK ","7","MISS PERKY"
"22","MISS PERKY ","7","MISS PERKY"
"21","KAT ","7","MISS PERKY"
"8","CAMERON","7","MISS PERKY"
"3","BIANCA","7","MISS PERKY"
"27","JOEY ","7","MISS PERKY"
"40","GUY","7","MISS PERKY"
"10","MICHAEL","7","MISS PERKY"
"50","CAMERON (0. S.)","7","MISS PERKY"
"10","MICHAEL","7","MISS PERKY"
"8","CAMERON","7","MISS PERKY"
"12","MRS. BLAISE","7","MISS PERKY"
"15","MANDELLA","7","MISS PERKY"
"21","KAT ","7","MISS PERKY"
"24","TREVOR","7","MISS PERKY"
"15","MANDELLA","7","MISS PERKY"
"47","KID ","7","MISS PERKY"
"41","CLEM","7","MISS PERKY"
"49","COWBOY","7","MISS PERKY"
"3","BIANCA","7","MISS PERKY"
"24","TREVOR","7","MISS PERKY"
"44","DEREK ","7","MISS PERKY"
"9","PATRICK","7","MISS PERKY"
"2","KAT","7","MISS PERKY"
"13","JOEY","7","MISS PERKY"
"26","TREVOR ","7","MISS PERKY"
"22","MISS PERKY ","7","MISS PERKY"
"2","KAT","8","CAMERON"
"33","LEAD SINGER","8","CAMERON"
"2","KAT","8","CAMERON"
"7","MISS PERKY","8","CAMERON"
"31","BRUCE ","8","CAMERON"
"30","MICHAEL ","8","CAMERON"
"14","TEACHER (0.S.)","8","CAMERON"
"7","MISS PERKY","8","CAMERON"
"3","BIANCA","8","CAMERON"
"15","MANDELLA","8","CAMERON"
"23","PATRICK ","8","CAMERON"
"46","KAT (0. S.)","8","CAMERON"
"7","MISS PERKY","8","CAMERON"
"21","KAT ","8","CAMERON"
"43","MRS. BLAISE ","8","CAMERON"
"9","PATRICK","8","CAMERON"
"25","MANDELLA ","8","CAMERON"
"23","PATRICK ","8","CAMERON"
"10","MICHAEL","8","CAMERON"
"22","MISS PERKY ","8","CAMERON"
"26","TREVOR ","8","CAMERON"
"13","JOEY","8","CAMERON"
"23","PATRICK ","8","CAMERON"
"11","DEREK","8","CAMERON"
"18","WALTER","8","CAMERON"
"32","SKIPPY","8","CAMERON"
"28","MR. CHAPIN ","8","CAMERON"
"42","CLEM ","8","CAMERON"
"19","SHARON","8","CAMERON"
"2","KAT","8","CAMERON"
"21","KAT ","8","CAMERON"
"35","LEAD SINGER ","8","CAMERON"
"20","PEPE","8","CAMERON"
"24","TREVOR","8","CAMERON"
"7","MISS PERKY","8","CAMERON"
"24","TREVOR","8","CAMERON"
"26","TREVOR ","8","CAMERON"
"41","CLEM","8","CAMERON"
"2","KAT","8","CAMERON"
"10","MICHAEL","8","CAMERON"
"18","WALTER","8","CAMERON"
"11","DEREK","8","CAMERON"
"10","MICHAEL","8","CAMERON"
"27","JOEY ","8","CAMERON"
"3","BIANCA","8","CAMERON"
"17","COHORT","8","CAMERON"
"50","CAMERON (0. S.)","8","CAMERON"
"21","KAT ","8","CAMERON"
"44","DEREK ","8","CAMERON"
"15","MANDELLA","8","CAMERON"
"9","PATRICK","8","CAMERON"
"3","BIANCA","8","CAMERON"
"3","BIANCA","8","CAMERON"
"10","MICHAEL","8","CAMERON"
"13","JOEY","8","CAMERON"
"3","BIANCA","8","CAMERON"
"30","MICHAEL ","8","CAMERON"
"2","KAT","8","CAMERON"
"25","MANDELLA ","8","CAMERON"
"12","MRS. BLAISE","8","CAMERON"
"34","BOY (0.S.)","8","CAMERON"
"16","MANDELIA","8","CAMERON"
"9","PATRICK","8","CAMERON"
"19","SHARON","8","CAMERON"
"4","CHASTITY ","8","CAMERON"
"25","MANDELLA ","8","CAMERON"
"12","MRS. BLAISE","8","CAMERON"
"13","JOEY","8","CAMERON"
"22","MISS PERKY ","8","CAMERON"
"9","PATRICK","8","CAMERON"
"21","KAT ","8","CAMERON"
"48","SHARON ","8","CAMERON"
"10","MICHAEL","8","CAMERON"
"36","PATRICK/KAT ","8","CAMERON"
"39","COFFEE KID #1","8","CAMERON"
"38","JOCK ","8","CAMERON"
"47","KID ","8","CAMERON"
"25","MANDELLA ","8","CAMERON"
"15","MANDELLA","8","CAMERON"
"27","JOEY ","8","CAMERON"
"18","WALTER","8","CAMERON"
"30","MICHAEL ","8","CAMERON"
"13","JOEY","8","CAMERON"
"27","JOEY ","8","CAMERON"
"49","COWBOY","8","CAMERON"
"2","KAT","8","CAMERON"
"15","MANDELLA","8","CAMERON"
"13","JOEY","8","CAMERON"
"9","PATRICK","8","CAMERON"
"22","MISS PERKY ","8","CAMERON"
"37","BOGEY","8","CAMERON"
"45","MISCREANT ","8","CAMERON"
"40","GUY","8","CAMERON"
"21","KAT ","8","CAMERON"
"10","MICHAEL","8","CAMERON"
"14","TEACHER (0.S.)","8","CAMERON"
"21","KAT ","9","PATRICK"
"3","BIANCA","9","PATRICK"
"15","MANDELLA","9","PATRICK"
"32","SKIPPY","9","PATRICK"
"16","MANDELIA","9","PATRICK"
"2","KAT","9","PATRICK"
"23","PATRICK ","9","PATRICK"
"8","CAMERON","9","PATRICK"
"46","KAT (0. S.)","9","PATRICK"
"25","MANDELLA ","9","PATRICK"
"7","MISS PERKY","9","PATRICK"
"19","SHARON","9","PATRICK"
"2","KAT","9","PATRICK"
"29","SCURVY","9","PATRICK"
"23","PATRICK ","9","PATRICK"
"8","CAMERON","9","PATRICK"
"40","GUY","9","PATRICK"
"21","KAT ","9","PATRICK"
"2","KAT","9","PATRICK"
"10","MICHAEL","9","PATRICK"
"20","PEPE","9","PATRICK"
"8","CAMERON","9","PATRICK"
"22","MISS PERKY ","9","PATRICK"
"3","BIANCA","9","PATRICK"
"24","TREVOR","9","PATRICK"
"13","JOEY","9","PATRICK"
"4","CHASTITY ","9","PATRICK"
"10","MICHAEL","9","PATRICK"
"7","MISS PERKY","9","PATRICK"
"18","WALTER","9","PATRICK"
"2","KAT","9","PATRICK"
"12","MRS. BLAISE","9","PATRICK"
"19","SHARON","9","PATRICK"
"7","MISS PERKY","9","PATRICK"
"3","BIANCA","9","PATRICK"
"2","KAT","9","PATRICK"
"21","KAT ","9","PATRICK"
"25","MANDELLA ","9","PATRICK"
"18","WALTER","9","PATRICK"
"23","PATRICK ","9","PATRICK"
"7","MISS PERKY","9","PATRICK"
"15","MANDELLA","9","PATRICK"
"26","TREVOR ","9","PATRICK"
"8","CAMERON","9","PATRICK"
"24","TREVOR","9","PATRICK"
"18","WALTER","9","PATRICK"
"11","DEREK","9","PATRICK"
"3","BIANCA","9","PATRICK"
"12","MRS. BLAISE","9","PATRICK"
"14","TEACHER (0.S.)","9","PATRICK"
"50","CAMERON (0. S.)","9","PATRICK"
"28","MR. CHAPIN ","9","PATRICK"
"23","PATRICK ","9","PATRICK"
"10","MICHAEL","9","PATRICK"
"30","MICHAEL ","9","PATRICK"
"23","PATRICK ","9","PATRICK"
"26","TREVOR ","9","PATRICK"
"48","SHARON ","9","PATRICK"
"27","JOEY ","9","PATRICK"
"37","BOGEY","9","PATRICK"
"31","BRUCE ","9","PATRICK"
"34","BOY (0.S.)","9","PATRICK"
"2","KAT","9","PATRICK"
"10","MICHAEL","9","PATRICK"
"3","BIANCA","9","PATRICK"
"8","CAMERON","9","PATRICK"
"38","JOCK ","9","PATRICK"
"13","JOEY","9","PATRICK"
"13","JOEY","9","PATRICK"
"39","COFFEE KID #1","9","PATRICK"
"36","PATRICK/KAT ","9","PATRICK"
"35","LEAD SINGER ","9","PATRICK"
"18","WALTER","9","PATRICK"
"43","MRS. BLAISE ","9","PATRICK"
"13","JOEY","9","PATRICK"
"45","MISCREANT ","9","PATRICK"
"44","DEREK ","9","PATRICK"
"30","MICHAEL ","9","PATRICK"
"22","MISS PERKY ","9","PATRICK"
"15","MANDELLA","9","PATRICK"
"47","KID ","9","PATRICK"
"27","JOEY ","9","PATRICK"
"27","JOEY ","9","PATRICK"
"17","COHORT","9","PATRICK"
"13","JOEY","9","PATRICK"
"49","COWBOY","9","PATRICK"
"22","MISS PERKY ","9","PATRICK"
"42","CLEM ","9","PATRICK"
"21","KAT ","9","PATRICK"
"25","MANDELLA ","9","PATRICK"
"30","MICHAEL ","9","PATRICK"
"33","LEAD SINGER","9","PATRICK"
"14","TEACHER (0.S.)","9","PATRICK"
"3","BIANCA","9","PATRICK"
"21","KAT ","9","PATRICK"
"10","MICHAEL","9","PATRICK"
"11","DEREK","9","PATRICK"
"41","CLEM","9","PATRICK"
"28","MR. CHAPIN ","9","PATRICK"
"7","MISS PERKY","10","MICHAEL"
"31","BRUCE ","10","MICHAEL"
"30","MICHAEL ","10","MICHAEL"
"8","CAMERON","10","MICHAEL"
"3","BIANCA","10","MICHAEL"
"8","CAMERON","10","MICHAEL"
"47","KID ","10","MICHAEL"
"37","BOGEY","10","MICHAEL"
"17","COHORT","10","MICHAEL"
"27","JOEY ","10","MICHAEL"
"33","LEAD SINGER","10","MICHAEL"
"3","BIANCA","10","MICHAEL"
"28","MR. CHAPIN ","10","MICHAEL"
"15","MANDELLA","10","MICHAEL"
"13","JOEY","10","MICHAEL"
"9","PATRICK","10","MICHAEL"
"25","MANDELLA ","10","MICHAEL"
"2","KAT","10","MICHAEL"
"13","JOEY","10","MICHAEL"
"7","MISS PERKY","10","MICHAEL"
"49","COWBOY","10","MICHAEL"
"39","COFFEE KID #1","10","MICHAEL"
"19","SHARON","10","MICHAEL"
"8","CAMERON","10","MICHAEL"
"3","BIANCA","10","MICHAEL"
"4","CHASTITY ","10","MICHAEL"
"2","KAT","10","MICHAEL"
"36","PATRICK/KAT ","10","MICHAEL"
"21","KAT ","10","MICHAEL"
"21","KAT ","10","MICHAEL"
"8","CAMERON","10","MICHAEL"
"18","WALTER","10","MICHAEL"
"2","KAT","10","MICHAEL"
"9","PATRICK","10","MICHAEL"
"41","CLEM","10","MICHAEL"
"15","MANDELLA","10","MICHAEL"
"32","SKIPPY","10","MICHAEL"
"27","JOEY ","10","MICHAEL"
"22","MISS PERKY ","10","MICHAEL"
"46","KAT (0. S.)","10","MICHAEL"
"22","MISS PERKY ","10","MICHAEL"
"43","MRS. BLAISE ","10","MICHAEL"
"23","PATRICK ","10","MICHAEL"
"19","SHARON","10","MICHAEL"
"21","KAT ","10","MICHAEL"
"26","TREVOR ","10","MICHAEL"
"9","PATRICK","10","MICHAEL"
"9","PATRICK","10","MICHAEL"
"42","CLEM ","10","MICHAEL"
"35","LEAD SINGER ","10","MICHAEL"
"30","MICHAEL ","10","MICHAEL"
"9","PATRICK","10","MICHAEL"
"14","TEACHER (0.S.)","10","MICHAEL"
"15","MANDELLA","10","MICHAEL"
"14","TEACHER (0.S.)","10","MICHAEL"
"23","PATRICK ","10","MICHAEL"
"13","JOEY","10","MICHAEL"
"12","MRS. BLAISE","10","MICHAEL"
"15","MANDELLA","10","MICHAEL"
"26","TREVOR ","10","MICHAEL"
"27","JOEY ","10","MICHAEL"
"22","MISS PERKY ","10","MICHAEL"
"50","CAMERON (0. S.)","10","MICHAEL"
"24","TREVOR","10","MICHAEL"
"16","MANDELIA","10","MICHAEL"
"20","PEPE","10","MICHAEL"
"13","JOEY","10","MICHAEL"
"8","CAMERON","10","MICHAEL"
"25","MANDELLA ","10","MICHAEL"
"2","KAT","10","MICHAEL"
"38","JOCK ","10","MICHAEL"
"45","MISCREANT ","10","MICHAEL"
"2","KAT","10","MICHAEL"
"12","MRS. BLAISE","10","MICHAEL"
"3","BIANCA","10","MICHAEL"
"18","WALTER","10","MICHAEL"
"13","JOEY","10","MICHAEL"
"25","MANDELLA ","10","MICHAEL"
"3","BIANCA","10","MICHAEL"
"7","MISS PERKY","10","MICHAEL"
"18","WALTER","10","MICHAEL"
"11","DEREK","10","MICHAEL"
"7","MISS PERKY","10","MICHAEL"
"21","KAT ","10","MICHAEL"
"2","KAT","10","MICHAEL"
"21","KAT ","10","MICHAEL"
"34","BOY (0.S.)","10","MICHAEL"
"30","MICHAEL ","10","MICHAEL"
"11","DEREK","10","MICHAEL"
"24","TREVOR","10","MICHAEL"
"40","GUY","10","MICHAEL"
"44","DEREK ","10","MICHAEL"
"8","CAMERON","10","MICHAEL"
"25","MANDELLA ","10","MICHAEL"
"48","SHARON ","10","MICHAEL"
"23","PATRICK ","10","MICHAEL"
"47","KID ","11","DEREK"
"41","CLEM","11","DEREK"
"44","DEREK ","11","DEREK"
"10","MICHAEL","11","DEREK"
"22","MISS PERKY ","11","DEREK"
"42","CLEM ","11","DEREK"
"12","MRS. BLAISE","11","DEREK"
"13","JOEY","11","DEREK"
"14","TEACHER (0.S.)","11","DEREK"
"9","PATRICK","11","DEREK"
"25","MANDELLA ","11","DEREK"
"8","CAMERON","11","DEREK"
"49","COWBOY","11","DEREK"
"17","COHORT","11","DEREK"
"46","KAT (0. S.)","11","DEREK"
"14","TEACHER (0.S.)","11","DEREK"
"2","KAT","11","DEREK"
"19","SHARON","11","DEREK"
"18","WALTER","11","DEREK"
"13","JOEY","11","DEREK"
"38","JOCK ","11","DEREK"
"10","MICHAEL","11","DEREK"
"12","MRS. BLAISE","11","DEREK"
"8","CAMERON","11","DEREK"
"15","MANDELLA","11","DEREK"
"9","PATRICK","11","DEREK"
"48","SHARON ","11","DEREK"
"16","MANDELIA","11","DEREK"
"7","MISS PERKY","11","DEREK"
"30","MICHAEL ","11","DEREK"
"3","BIANCA","11","DEREK"
"18","WALTER","11","DEREK"
"4","CHASTITY ","11","DEREK"
"39","COFFEE KID #1","11","DEREK"
"43","MRS. BLAISE ","11","DEREK"
"26","TREVOR ","11","DEREK"
"37","BOGEY","11","DEREK"
"2","KAT","11","DEREK"
"21","KAT ","11","DEREK"
"50","CAMERON (0. S.)","11","DEREK"
"19","SHARON","11","DEREK"
"40","GUY","11","DEREK"
"7","MISS PERKY","11","DEREK"
"24","TREVOR","11","DEREK"
"28","MR. CHAPIN ","11","DEREK"
"23","PATRICK ","11","DEREK"
"15","MANDELLA","11","DEREK"
"27","JOEY ","11","DEREK"
"45","MISCREANT ","11","DEREK"
"3","BIANCA","11","DEREK"
"13","JOEY","12","MRS. BLAISE"
"44","DEREK ","12","MRS. BLAISE"
"10","MICHAEL","12","MRS. BLAISE"
"14","TEACHER (0.S.)","12","MRS. BLAISE"
"3","BIANCA","12","MRS. BLAISE"
"42","CLEM ","12","MRS. BLAISE"
"50","CAMERON (0. S.)","12","MRS. BLAISE"
"26","TREVOR ","12","MRS. BLAISE"
"7","MISS PERKY","12","MRS. BLAISE"
"13","JOEY","12","MRS. BLAISE"
"27","JOEY ","12","MRS. BLAISE"
"25","MANDELLA ","12","MRS. BLAISE"
"2","KAT","12","MRS. BLAISE"
"2","KAT","12","MRS. BLAISE"
"24","TREVOR","12","MRS. BLAISE"
"40","GUY","12","MRS. BLAISE"
"38","JOCK ","12","MRS. BLAISE"
"10","MICHAEL","12","MRS. BLAISE"
"39","COFFEE KID #1","12","MRS. BLAISE"
"16","MANDELIA","12","MRS. BLAISE"
"15","MANDELLA","12","MRS. BLAISE"
"48","SHARON ","12","MRS. BLAISE"
"9","PATRICK","12","MRS. BLAISE"
"8","CAMERON","12","MRS. BLAISE"
"47","KID ","12","MRS. BLAISE"
"15","MANDELLA","12","MRS. BLAISE"
"37","BOGEY","12","MRS. BLAISE"
"49","COWBOY","12","MRS. BLAISE"
"18","WALTER","12","MRS. BLAISE"
"30","MICHAEL ","12","MRS. BLAISE"
"46","KAT (0. S.)","12","MRS. BLAISE"
"19","SHARON","12","MRS. BLAISE"
"11","DEREK","12","MRS. BLAISE"
"17","COHORT","12","MRS. BLAISE"
"41","CLEM","12","MRS. BLAISE"
"14","TEACHER (0.S.)","12","MRS. BLAISE"
"4","CHASTITY ","12","MRS. BLAISE"
"23","PATRICK ","12","MRS. BLAISE"
"3","BIANCA","12","MRS. BLAISE"
"45","MISCREANT ","12","MRS. BLAISE"
"8","CAMERON","12","MRS. BLAISE"
"19","SHARON","12","MRS. BLAISE"
"22","MISS PERKY ","12","MRS. BLAISE"
"43","MRS. BLAISE ","12","MRS. BLAISE"
"18","WALTER","12","MRS. BLAISE"
"21","KAT ","12","MRS. BLAISE"
"28","MR. CHAPIN ","12","MRS. BLAISE"
"9","PATRICK","12","MRS. BLAISE"
"11","DEREK","12","MRS. BLAISE"
"7","MISS PERKY","12","MRS. BLAISE"
"8","CAMERON","13","JOEY"
"23","PATRICK ","13","JOEY"
"23","PATRICK ","13","JOEY"
"12","MRS. BLAISE","13","JOEY"
"8","CAMERON","13","JOEY"
"2","KAT","13","JOEY"
"35","LEAD SINGER ","13","JOEY"
"25","MANDELLA ","13","JOEY"
"19","SHARON","13","JOEY"
"17","COHORT","13","JOEY"
"9","PATRICK","13","JOEY"
"14","TEACHER (0.S.)","13","JOEY"
"11","DEREK","13","JOEY"
"23","PATRICK ","13","JOEY"
"18","WALTER","13","JOEY"
"25","MANDELLA ","13","JOEY"
"18","WALTER","13","JOEY"
"21","KAT ","13","JOEY"
"37","BOGEY","13","JOEY"
"10","MICHAEL","13","JOEY"
"25","MANDELLA ","13","JOEY"
"49","COWBOY","13","JOEY"
"2","KAT","13","JOEY"
"30","MICHAEL ","13","JOEY"
"30","MICHAEL ","13","JOEY"
"3","BIANCA","13","JOEY"
"31","BRUCE ","13","JOEY"
"15","MANDELLA","13","JOEY"
"25","MANDELLA ","13","JOEY"
"9","PATRICK","13","JOEY"
"9","PATRICK","13","JOEY"
"24","TREVOR","13","JOEY"
"3","BIANCA","13","JOEY"
"38","JOCK ","13","JOEY"
"10","MICHAEL","13","JOEY"
"33","LEAD SINGER","13","JOEY"
"43","MRS. BLAISE ","13","JOEY"
"44","DEREK ","13","JOEY"
"46","KAT (0. S.)","13","JOEY"
"3","BIANCA","13","JOEY"
"42","CLEM ","13","JOEY"
"3","BIANCA","13","JOEY"
"9","PATRICK","13","JOEY"
"2","KAT","13","JOEY"
"28","MR. CHAPIN ","13","JOEY"
"7","MISS PERKY","13","JOEY"
"12","MRS. BLAISE","13","JOEY"
"18","WALTER","13","JOEY"
"10","MICHAEL","13","JOEY"
"30","MICHAEL ","13","JOEY"
"26","TREVOR ","13","JOEY"
"32","SKIPPY","13","JOEY"
"2","KAT","13","JOEY"
"26","TREVOR ","13","JOEY"
"2","KAT","13","JOEY"
"7","MISS PERKY","13","JOEY"
"47","KID ","13","JOEY"
"34","BOY (0.S.)","13","JOEY"
"9","PATRICK","13","JOEY"
"21","KAT ","13","JOEY"
"20","PEPE","13","JOEY"
"15","MANDELLA","13","JOEY"
"11","DEREK","13","JOEY"
"27","JOEY ","13","JOEY"
"2","KAT","13","JOEY"
"28","MR. CHAPIN ","13","JOEY"
"22","MISS PERKY ","13","JOEY"
"24","TREVOR","13","JOEY"
"27","JOEY ","13","JOEY"
"45","MISCREANT ","13","JOEY"
"14","TEACHER (0.S.)","13","JOEY"
"10","MICHAEL","13","JOEY"
"15","MANDELLA","13","JOEY"
"22","MISS PERKY ","13","JOEY"
"8","CAMERON","13","JOEY"
"29","SCURVY","13","JOEY"
"41","CLEM","13","JOEY"
"21","KAT ","13","JOEY"
"10","MICHAEL","13","JOEY"
"27","JOEY ","13","JOEY"
"21","KAT ","13","JOEY"
"40","GUY","13","JOEY"
"30","MICHAEL ","13","JOEY"
"27","JOEY ","13","JOEY"
"8","CAMERON","13","JOEY"
"21","KAT ","13","JOEY"
"8","CAMERON","13","JOEY"
"39","COFFEE KID #1","13","JOEY"
"48","SHARON ","13","JOEY"
"7","MISS PERKY","13","JOEY"
"3","BIANCA","13","JOEY"
"16","MANDELIA","13","JOEY"
"50","CAMERON (0. S.)","13","JOEY"
"4","CHASTITY ","13","JOEY"
"19","SHARON","13","JOEY"
"15","MANDELLA","13","JOEY"
"23","PATRICK ","13","JOEY"
"19","SHARON","14","TEACHER (0.S.)"
"12","MRS. BLAISE","14","TEACHER (0.S.)"
"48","SHARON ","14","TEACHER (0.S.)"
"23","PATRICK ","14","TEACHER (0.S.)"
"42","CLEM ","14","TEACHER (0.S.)"
"2","KAT","14","TEACHER (0.S.)"
"40","GUY","14","TEACHER (0.S.)"
"12","MRS. BLAISE","14","TEACHER (0.S.)"
"8","CAMERON","14","TEACHER (0.S.)"
"11","DEREK","14","TEACHER (0.S.)"
"27","JOEY ","14","TEACHER (0.S.)"
"4","CHASTITY ","14","TEACHER (0.S.)"
"11","DEREK","14","TEACHER (0.S.)"
"7","MISS PERKY","14","TEACHER (0.S.)"
"3","BIANCA","14","TEACHER (0.S.)"
"21","KAT ","14","TEACHER (0.S.)"
"10","MICHAEL","14","TEACHER (0.S.)"
"22","MISS PERKY ","14","TEACHER (0.S.)"
"15","MANDELLA","14","TEACHER (0.S.)"
"38","JOCK ","14","TEACHER (0.S.)"
"8","CAMERON","14","TEACHER (0.S.)"
"9","PATRICK","14","TEACHER (0.S.)"
"28","MR. CHAPIN ","14","TEACHER (0.S.)"
"26","TREVOR ","14","TEACHER (0.S.)"
"50","CAMERON (0. S.)","14","TEACHER (0.S.)"
"10","MICHAEL","14","TEACHER (0.S.)"
"49","COWBOY","14","TEACHER (0.S.)"
"3","BIANCA","14","TEACHER (0.S.)"
"39","COFFEE KID #1","14","TEACHER (0.S.)"
"16","MANDELIA","14","TEACHER (0.S.)"
"13","JOEY","14","TEACHER (0.S.)"
"47","KID ","14","TEACHER (0.S.)"
"17","COHORT","14","TEACHER (0.S.)"
"41","CLEM","14","TEACHER (0.S.)"
"45","MISCREANT ","14","TEACHER (0.S.)"
"13","JOEY","14","TEACHER (0.S.)"
"15","MANDELLA","14","TEACHER (0.S.)"
"25","MANDELLA ","14","TEACHER (0.S.)"
"24","TREVOR","14","TEACHER (0.S.)"
"19","SHARON","14","TEACHER (0.S.)"
"46","KAT (0. S.)","14","TEACHER (0.S.)"
"37","BOGEY","14","TEACHER (0.S.)"
"18","WALTER","14","TEACHER (0.S.)"
"7","MISS PERKY","14","TEACHER (0.S.)"
"30","MICHAEL ","14","TEACHER (0.S.)"
"44","DEREK ","14","TEACHER (0.S.)"
"43","MRS. BLAISE ","14","TEACHER (0.S.)"
"18","WALTER","14","TEACHER (0.S.)"
"9","PATRICK","14","TEACHER (0.S.)"
"2","KAT","14","TEACHER (0.S.)"
"9","PATRICK","15","MANDELLA"
"49","COWBOY","15","MANDELLA"
"14","TEACHER (0.S.)","15","MANDELLA"
"23","PATRICK ","15","MANDELLA"
"17","COHORT","15","MANDELLA"
"9","PATRICK","15","MANDELLA"
"8","CAMERON","15","MANDELLA"
"30","MICHAEL ","15","MANDELLA"
"28","MR. CHAPIN ","15","MANDELLA"
"8","CAMERON","15","MANDELLA"
"27","JOEY ","15","MANDELLA"
"13","JOEY","15","MANDELLA"
"12","MRS. BLAISE","15","MANDELLA"
"21","KAT ","15","MANDELLA"
"16","MANDELIA","15","MANDELLA"
"14","TEACHER (0.S.)","15","MANDELLA"
"48","SHARON ","15","MANDELLA"
"13","JOEY","15","MANDELLA"
"25","MANDELLA ","15","MANDELLA"
"3","BIANCA","15","MANDELLA"
"2","KAT","15","MANDELLA"
"24","TREVOR","15","MANDELLA"
"37","BOGEY","15","MANDELLA"
"22","MISS PERKY ","15","MANDELLA"
"18","WALTER","15","MANDELLA"
"45","MISCREANT ","15","MANDELLA"
"3","BIANCA","15","MANDELLA"
"2","KAT","15","MANDELLA"
"8","CAMERON","15","MANDELLA"
"21","KAT ","15","MANDELLA"
"43","MRS. BLAISE ","15","MANDELLA"
"11","DEREK","15","MANDELLA"
"2","KAT","15","MANDELLA"
"27","JOEY ","15","MANDELLA"
"19","SHARON","15","MANDELLA"
"12","MRS. BLAISE","15","MANDELLA"
"20","PEPE","15","MANDELLA"
"26","TREVOR ","15","MANDELLA"
"7","MISS PERKY","15","MANDELLA"
"44","DEREK ","15","MANDELLA"
"4","CHASTITY ","15","MANDELLA"
"9","PATRICK","15","MANDELLA"
"10","MICHAEL","15","MANDELLA"
"11","DEREK","15","MANDELLA"
"23","PATRICK ","15","MANDELLA"
"7","MISS PERKY","15","MANDELLA"
"21","KAT ","15","MANDELLA"
"50","CAMERON (0. S.)","15","MANDELLA"
"42","CLEM ","15","MANDELLA"
"40","GUY","15","MANDELLA"
"25","MANDELLA ","15","MANDELLA"
"25","MANDELLA ","15","MANDELLA"
"2","KAT","15","MANDELLA"
"19","SHARON","15","MANDELLA"
"30","MICHAEL ","15","MANDELLA"
"3","BIANCA","15","MANDELLA"
"39","COFFEE KID #1","15","MANDELLA"
"38","JOCK ","15","MANDELLA"
"10","MICHAEL","15","MANDELLA"
"24","TREVOR","15","MANDELLA"
"26","TREVOR ","15","MANDELLA"
"22","MISS PERKY ","15","MANDELLA"
"46","KAT (0. S.)","15","MANDELLA"
"13","JOEY","15","MANDELLA"
"13","JOEY","15","MANDELLA"
"7","MISS PERKY","15","MANDELLA"
"41","CLEM","15","MANDELLA"
"10","MICHAEL","15","MANDELLA"
"18","WALTER","15","MANDELLA"
"8","CAMERON","15","MANDELLA"
"10","MICHAEL","15","MANDELLA"
"47","KID ","15","MANDELLA"
"15","MANDELLA","16","MANDELIA"
"10","MICHAEL","16","MANDELIA"
"7","MISS PERKY","16","MANDELIA"
"3","BIANCA","16","MANDELIA"
"19","SHARON","16","MANDELIA"
"8","CAMERON","16","MANDELIA"
"11","DEREK","16","MANDELIA"
"12","MRS. BLAISE","16","MANDELIA"
"17","COHORT","16","MANDELIA"
"18","WALTER","16","MANDELIA"
"14","TEACHER (0.S.)","16","MANDELIA"
"2","KAT","16","MANDELIA"
"9","PATRICK","16","MANDELIA"
"13","JOEY","16","MANDELIA"
"9","PATRICK","17","COHORT"
"12","MRS. BLAISE","17","COHORT"
"13","JOEY","17","COHORT"
"3","BIANCA","17","COHORT"
"18","WALTER","17","COHORT"
"2","KAT","17","COHORT"
"19","SHARON","17","COHORT"
"14","TEACHER (0.S.)","17","COHORT"
"15","MANDELLA","17","COHORT"
"11","DEREK","17","COHORT"
"8","CAMERON","17","COHORT"
"7","MISS PERKY","17","COHORT"
"10","MICHAEL","17","COHORT"
"16","MANDELIA","17","COHORT"
"19","SHARON","18","WALTER"
"2","KAT","18","WALTER"
"28","MR. CHAPIN ","18","WALTER"
"10","MICHAEL","18","WALTER"
"3","BIANCA","18","WALTER"
"15","MANDELLA","18","WALTER"
"14","TEACHER (0.S.)","18","WALTER"
"29","SCURVY","18","WALTER"
"45","MISCREANT ","18","WALTER"
"43","MRS. BLAISE ","18","WALTER"
"8","CAMERON","18","WALTER"
"9","PATRICK","18","WALTER"
"3","BIANCA","18","WALTER"
"3","BIANCA","18","WALTER"
"21","KAT ","18","WALTER"
"40","GUY","18","WALTER"
"8","CAMERON","18","WALTER"
"16","MANDELIA","18","WALTER"
"4","CHASTITY ","18","WALTER"
"2","KAT","18","WALTER"
"47","KID ","18","WALTER"
"9","PATRICK","18","WALTER"
"12","MRS. BLAISE","18","WALTER"
"23","PATRICK ","18","WALTER"
"42","CLEM ","18","WALTER"
"9","PATRICK","18","WALTER"
"46","KAT (0. S.)","18","WALTER"
"48","SHARON ","18","WALTER"
"14","TEACHER (0.S.)","18","WALTER"
"21","KAT ","18","WALTER"
"25","MANDELLA ","18","WALTER"
"27","JOEY ","18","WALTER"
"23","PATRICK ","18","WALTER"
"17","COHORT","18","WALTER"
"13","JOEY","18","WALTER"
"7","MISS PERKY","18","WALTER"
"2","KAT","18","WALTER"
"11","DEREK","18","WALTER"
"10","MICHAEL","18","WALTER"
"9","PATRICK","18","WALTER"
"15","MANDELLA","18","WALTER"
"19","SHARON","18","WALTER"
"27","JOEY ","18","WALTER"
"36","PATRICK/KAT ","18","WALTER"
"7","MISS PERKY","18","WALTER"
"30","MICHAEL ","18","WALTER"
"21","KAT ","18","WALTER"
"49","COWBOY","18","WALTER"
"50","CAMERON (0. S.)","18","WALTER"
"8","CAMERON","18","WALTER"
"38","JOCK ","18","WALTER"
"28","MR. CHAPIN ","18","WALTER"
"22","MISS PERKY ","18","WALTER"
"30","MICHAEL ","18","WALTER"
"10","MICHAEL","18","WALTER"
"41","CLEM","18","WALTER"
"12","MRS. BLAISE","18","WALTER"
"3","BIANCA","18","WALTER"
"7","MISS PERKY","18","WALTER"
"26","TREVOR ","18","WALTER"
"11","DEREK","18","WALTER"
"13","JOEY","18","WALTER"
"13","JOEY","18","WALTER"
"24","TREVOR","18","WALTER"
"22","MISS PERKY ","18","WALTER"
"37","BOGEY","18","WALTER"
"2","KAT","18","WALTER"
"44","DEREK ","18","WALTER"
"39","COFFEE KID #1","18","WALTER"
"48","SHARON ","19","SHARON"
"12","MRS. BLAISE","19","SHARON"
"17","COHORT","19","SHARON"
"25","MANDELLA ","19","SHARON"
"23","PATRICK ","19","SHARON"
"47","KID ","19","SHARON"
"18","WALTER","19","SHARON"
"2","KAT","19","SHARON"
"45","MISCREANT ","19","SHARON"
"44","DEREK ","19","SHARON"
"27","JOEY ","19","SHARON"
"37","BOGEY","19","SHARON"
"3","BIANCA","19","SHARON"
"16","MANDELIA","19","SHARON"
"14","TEACHER (0.S.)","19","SHARON"
"39","COFFEE KID #1","19","SHARON"
"50","CAMERON (0. S.)","19","SHARON"
"4","CHASTITY ","19","SHARON"
"24","TREVOR","19","SHARON"
"10","MICHAEL","19","SHARON"
"42","CLEM ","19","SHARON"
"18","WALTER","19","SHARON"
"40","GUY","19","SHARON"
"22","MISS PERKY ","19","SHARON"
"8","CAMERON","19","SHARON"
"9","PATRICK","19","SHARON"
"7","MISS PERKY","19","SHARON"
"13","JOEY","19","SHARON"
"9","PATRICK","19","SHARON"
"46","KAT (0. S.)","19","SHARON"
"28","MR. CHAPIN ","19","SHARON"
"7","MISS PERKY","19","SHARON"
"41","CLEM","19","SHARON"
"30","MICHAEL ","19","SHARON"
"14","TEACHER (0.S.)","19","SHARON"
"38","JOCK ","19","SHARON"
"11","DEREK","19","SHARON"
"2","KAT","19","SHARON"
"43","MRS. BLAISE ","19","SHARON"
"12","MRS. BLAISE","19","SHARON"
"3","BIANCA","19","SHARON"
"13","JOEY","19","SHARON"
"10","MICHAEL","19","SHARON"
"11","DEREK","19","SHARON"
"15","MANDELLA","19","SHARON"
"49","COWBOY","19","SHARON"
"15","MANDELLA","19","SHARON"
"26","TREVOR ","19","SHARON"
"21","KAT ","19","SHARON"
"8","CAMERON","19","SHARON"
"26","TREVOR ","20","PEPE"
"3","BIANCA","20","PEPE"
"21","KAT ","20","PEPE"
"24","TREVOR","20","PEPE"
"9","PATRICK","20","PEPE"
"23","PATRICK ","20","PEPE"
"22","MISS PERKY ","20","PEPE"
"8","CAMERON","20","PEPE"
"13","JOEY","20","PEPE"
"2","KAT","20","PEPE"
"15","MANDELLA","20","PEPE"
"7","MISS PERKY","20","PEPE"
"25","MANDELLA ","20","PEPE"
"10","MICHAEL","20","PEPE"
"14","TEACHER (0.S.)","21","KAT "
"23","PATRICK ","21","KAT "
"12","MRS. BLAISE","21","KAT "
"13","JOEY","21","KAT "
"28","MR. CHAPIN ","21","KAT "
"27","JOEY ","21","KAT "
"3","BIANCA","21","KAT "
"2","KAT","21","KAT "
"3","BIANCA","21","KAT "
"46","KAT (0. S.)","21","KAT "
"7","MISS PERKY","21","KAT "
"40","GUY","21","KAT "
"41","CLEM","21","KAT "
"27","JOEY ","21","KAT "
"38","JOCK ","21","KAT "
"25","MANDELLA ","21","KAT "
"10","MICHAEL","21","KAT "
"13","JOEY","21","KAT "
"33","LEAD SINGER","21","KAT "
"19","SHARON","21","KAT "
"25","MANDELLA ","21","KAT "
"9","PATRICK","21","KAT "
"50","CAMERON (0. S.)","21","KAT "
"47","KID ","21","KAT "
"25","MANDELLA ","21","KAT "
"13","JOEY","21","KAT "
"8","CAMERON","21","KAT "
"35","LEAD SINGER ","21","KAT "
"22","MISS PERKY ","21","KAT "
"22","MISS PERKY ","21","KAT "
"24","TREVOR","21","KAT "
"49","COWBOY","21","KAT "
"9","PATRICK","21","KAT "
"37","BOGEY","21","KAT "
"8","CAMERON","21","KAT "
"7","MISS PERKY","21","KAT "
"18","WALTER","21","KAT "
"20","PEPE","21","KAT "
"9","PATRICK","21","KAT "
"30","MICHAEL ","21","KAT "
"2","KAT","21","KAT "
"43","MRS. BLAISE ","21","KAT "
"10","MICHAEL","21","KAT "
"26","TREVOR ","21","KAT "
"15","MANDELLA","21","KAT "
"30","MICHAEL ","21","KAT "
"4","CHASTITY ","21","KAT "
"28","MR. CHAPIN ","21","KAT "
"22","MISS PERKY ","21","KAT "
"3","BIANCA","21","KAT "
"15","MANDELLA","21","KAT "
"34","BOY (0.S.)","21","KAT "
"48","SHARON ","21","KAT "
"44","DEREK ","21","KAT "
"3","BIANCA","21","KAT "
"25","MANDELLA ","21","KAT "
"8","CAMERON","21","KAT "
"24","TREVOR","21","KAT "
"23","PATRICK ","21","KAT "
"42","CLEM ","21","KAT "
"2","KAT","21","KAT "
"36","PATRICK/KAT ","21","KAT "
"23","PATRICK ","21","KAT "
"30","MICHAEL ","21","KAT "
"2","KAT","21","KAT "
"13","JOEY","21","KAT "
"45","MISCREANT ","21","KAT "
"27","JOEY ","21","KAT "
"2","KAT","21","KAT "
"7","MISS PERKY","21","KAT "
"13","JOEY","21","KAT "
"31","BRUCE ","21","KAT "
"11","DEREK","21","KAT "
"8","CAMERON","21","KAT "
"9","PATRICK","21","KAT "
"10","MICHAEL","21","KAT "
"8","CAMERON","21","KAT "
"32","SKIPPY","21","KAT "
"18","WALTER","21","KAT "
"10","MICHAEL","21","KAT "
"10","MICHAEL","21","KAT "
"27","JOEY ","21","KAT "
"18","WALTER","21","KAT "
"26","TREVOR ","21","KAT "
"39","COFFEE KID #1","21","KAT "
"2","KAT","21","KAT "
"23","PATRICK ","21","KAT "
"30","MICHAEL ","21","KAT "
"15","MANDELLA","21","KAT "
"9","PATRICK","21","KAT "
"29","SCURVY","21","KAT "
"3","BIANCA","21","KAT "
"23","PATRICK ","22","MISS PERKY "
"48","SHARON ","22","MISS PERKY "
"13","JOEY","22","MISS PERKY "
"15","MANDELLA","22","MISS PERKY "
"2","KAT","22","MISS PERKY "
"36","PATRICK/KAT ","22","MISS PERKY "
"27","JOEY ","22","MISS PERKY "
"10","MICHAEL","22","MISS PERKY "
"49","COWBOY","22","MISS PERKY "
"14","TEACHER (0.S.)","22","MISS PERKY "
"30","MICHAEL ","22","MISS PERKY "
"7","MISS PERKY","22","MISS PERKY "
"19","SHARON","22","MISS PERKY "
"12","MRS. BLAISE","22","MISS PERKY "
"3","BIANCA","22","MISS PERKY "
"13","JOEY","22","MISS PERKY "
"8","CAMERON","22","MISS PERKY "
"47","KID ","22","MISS PERKY "
"3","BIANCA","22","MISS PERKY "
"23","PATRICK ","22","MISS PERKY "
"21","KAT ","22","MISS PERKY "
"25","MANDELLA ","22","MISS PERKY "
"18","WALTER","22","MISS PERKY "
"45","MISCREANT ","22","MISS PERKY "
"43","MRS. BLAISE ","22","MISS PERKY "
"7","MISS PERKY","22","MISS PERKY "
"46","KAT (0. S.)","22","MISS PERKY "
"21","KAT ","22","MISS PERKY "
"40","GUY","22","MISS PERKY "
"7","MISS PERKY","22","MISS PERKY "
"2","KAT","22","MISS PERKY "
"3","BIANCA","22","MISS PERKY "
"10","MICHAEL","22","MISS PERKY "
"15","MANDELLA","22","MISS PERKY "
"10","MICHAEL","22","MISS PERKY "
"2","KAT","22","MISS PERKY "
"4","CHASTITY ","22","MISS PERKY "
"9","PATRICK","22","MISS PERKY "
"8","CAMERON","22","MISS PERKY "
"44","DEREK ","22","MISS PERKY "
"9","PATRICK","22","MISS PERKY "
"38","JOCK ","22","MISS PERKY "
"20","PEPE","22","MISS PERKY "
"28","MR. CHAPIN ","22","MISS PERKY "
"37","BOGEY","22","MISS PERKY "
"11","DEREK","22","MISS PERKY "
"8","CAMERON","22","MISS PERKY "
"26","TREVOR ","22","MISS PERKY "
"24","TREVOR","22","MISS PERKY "
"9","PATRICK","22","MISS PERKY "
"42","CLEM ","22","MISS PERKY "
"50","CAMERON (0. S.)","22","MISS PERKY "
"24","TREVOR","22","MISS PERKY "
"25","MANDELLA ","22","MISS PERKY "
"39","COFFEE KID #1","22","MISS PERKY "
"21","KAT ","22","MISS PERKY "
"26","TREVOR ","22","MISS PERKY "
"18","WALTER","22","MISS PERKY "
"41","CLEM","22","MISS PERKY "
"9","PATRICK","23","PATRICK "
"34","BOY (0.S.)","23","PATRICK "
"28","MR. CHAPIN ","23","PATRICK "
"50","CAMERON (0. S.)","23","PATRICK "
"18","WALTER","23","PATRICK "
"40","GUY","23","PATRICK "
"32","SKIPPY","23","PATRICK "
"31","BRUCE ","23","PATRICK "
"3","BIANCA","23","PATRICK "
"42","CLEM ","23","PATRICK "
"7","MISS PERKY","23","PATRICK "
"22","MISS PERKY ","23","PATRICK "
"30","MICHAEL ","23","PATRICK "
"14","TEACHER (0.S.)","23","PATRICK "
"21","KAT ","23","PATRICK "
"8","CAMERON","23","PATRICK "
"19","SHARON","23","PATRICK "
"25","MANDELLA ","23","PATRICK "
"2","KAT","23","PATRICK "
"13","JOEY","23","PATRICK "
"48","SHARON ","23","PATRICK "
"21","KAT ","23","PATRICK "
"13","JOEY","23","PATRICK "
"24","TREVOR","23","PATRICK "
"15","MANDELLA","23","PATRICK "
"33","LEAD SINGER","23","PATRICK "
"9","PATRICK","23","PATRICK "
"2","KAT","23","PATRICK "
"26","TREVOR ","23","PATRICK "
"30","MICHAEL ","23","PATRICK "
"28","MR. CHAPIN ","23","PATRICK "
"13","JOEY","23","PATRICK "
"8","CAMERON","23","PATRICK "
"15","MANDELLA","23","PATRICK "
"44","DEREK ","23","PATRICK "
"27","JOEY ","23","PATRICK "
"4","CHASTITY ","23","PATRICK "
"46","KAT (0. S.)","23","PATRICK "
"29","SCURVY","23","PATRICK "
"25","MANDELLA ","23","PATRICK "
"26","TREVOR ","23","PATRICK "
"10","MICHAEL","23","PATRICK "
"3","BIANCA","23","PATRICK "
"38","JOCK ","23","PATRICK "
"20","PEPE","23","PATRICK "
"10","MICHAEL","23","PATRICK "
"13","JOEY","23","PATRICK "
"27","JOEY ","23","PATRICK "
"11","DEREK","23","PATRICK "
"25","MANDELLA ","23","PATRICK "
"10","MICHAEL","23","PATRICK "
"47","KID ","23","PATRICK "
"27","JOEY ","23","PATRICK "
"3","BIANCA","23","PATRICK "
"49","COWBOY","23","PATRICK "
"45","MISCREANT ","23","PATRICK "
"18","WALTER","23","PATRICK "
"2","KAT","23","PATRICK "
"37","BOGEY","23","PATRICK "
"39","COFFEE KID #1","23","PATRICK "
"3","BIANCA","23","PATRICK "
"9","PATRICK","23","PATRICK "
"9","PATRICK","23","PATRICK "
"8","CAMERON","23","PATRICK "
"21","KAT ","23","PATRICK "
"43","MRS. BLAISE ","23","PATRICK "
"35","LEAD SINGER ","23","PATRICK "
"30","MICHAEL ","23","PATRICK "
"7","MISS PERKY","23","PATRICK "
"9","PATRICK","23","PATRICK "
"12","MRS. BLAISE","23","PATRICK "
"24","TREVOR","23","PATRICK "
"2","KAT","23","PATRICK "
"41","CLEM","23","PATRICK "
"21","KAT ","23","PATRICK "
"22","MISS PERKY ","23","PATRICK "
"27","JOEY ","24","TREVOR"
"21","KAT ","24","TREVOR"
"21","KAT ","24","TREVOR"
"25","MANDELLA ","24","TREVOR"
"23","PATRICK ","24","TREVOR"
"26","TREVOR ","24","TREVOR"
"26","TREVOR ","24","TREVOR"
"15","MANDELLA","24","TREVOR"
"37","BOGEY","24","TREVOR"
"20","PEPE","24","TREVOR"
"8","CAMERON","24","TREVOR"
"9","PATRICK","24","TREVOR"
"15","MANDELLA","24","TREVOR"
"10","MICHAEL","24","TREVOR"
"22","MISS PERKY ","24","TREVOR"
"19","SHARON","24","TREVOR"
"48","SHARON ","24","TREVOR"
"13","JOEY","24","TREVOR"
"2","KAT","24","TREVOR"
"25","MANDELLA ","24","TREVOR"
"43","MRS. BLAISE ","24","TREVOR"
"41","CLEM","24","TREVOR"
"14","TEACHER (0.S.)","24","TREVOR"
"46","KAT (0. S.)","24","TREVOR"
"44","DEREK ","24","TREVOR"
"38","JOCK ","24","TREVOR"
"30","MICHAEL ","24","TREVOR"
"3","BIANCA","24","TREVOR"
"12","MRS. BLAISE","24","TREVOR"
"23","PATRICK ","24","TREVOR"
"10","MICHAEL","24","TREVOR"
"28","MR. CHAPIN ","24","TREVOR"
"18","WALTER","24","TREVOR"
"11","DEREK","24","TREVOR"
"4","CHASTITY ","24","TREVOR"
"47","KID ","24","TREVOR"
"2","KAT","24","TREVOR"
"22","MISS PERKY ","24","TREVOR"
"50","CAMERON (0. S.)","24","TREVOR"
"49","COWBOY","24","TREVOR"
"7","MISS PERKY","24","TREVOR"
"39","COFFEE KID #1","24","TREVOR"
"45","MISCREANT ","24","TREVOR"
"7","MISS PERKY","24","TREVOR"
"13","JOEY","24","TREVOR"
"3","BIANCA","24","TREVOR"
"40","GUY","24","TREVOR"
"42","CLEM ","24","TREVOR"
"9","PATRICK","24","TREVOR"
"8","CAMERON","24","TREVOR"
"47","KID ","25","MANDELLA "
"7","MISS PERKY","25","MANDELLA "
"24","TREVOR","25","MANDELLA "
"8","CAMERON","25","MANDELLA "
"23","PATRICK ","25","MANDELLA "
"10","MICHAEL","25","MANDELLA "
"26","TREVOR ","25","MANDELLA "
"39","COFFEE KID #1","25","MANDELLA "
"27","JOEY ","25","MANDELLA "
"46","KAT (0. S.)","25","MANDELLA "
"19","SHARON","25","MANDELLA "
"2","KAT","25","MANDELLA "
"40","GUY","25","MANDELLA "
"30","MICHAEL ","25","MANDELLA "
"21","KAT ","25","MANDELLA "
"49","COWBOY","25","MANDELLA "
"41","CLEM","25","MANDELLA "
"14","TEACHER (0.S.)","25","MANDELLA "
"32","SKIPPY","25","MANDELLA "
"2","KAT","25","MANDELLA "
"2","KAT","25","MANDELLA "
"12","MRS. BLAISE","25","MANDELLA "
"30","MICHAEL ","25","MANDELLA "
"15","MANDELLA","25","MANDELLA "
"8","CAMERON","25","MANDELLA "
"7","MISS PERKY","25","MANDELLA "
"15","MANDELLA","25","MANDELLA "
"8","CAMERON","25","MANDELLA "
"3","BIANCA","25","MANDELLA "
"42","CLEM ","25","MANDELLA "
"9","PATRICK","25","MANDELLA "
"21","KAT ","25","MANDELLA "
"50","CAMERON (0. S.)","25","MANDELLA "
"24","TREVOR","25","MANDELLA "
"11","DEREK","25","MANDELLA "
"13","JOEY","25","MANDELLA "
"9","PATRICK","25","MANDELLA "
"10","MICHAEL","25","MANDELLA "
"13","JOEY","25","MANDELLA "
"13","JOEY","25","MANDELLA "
"23","PATRICK ","25","MANDELLA "
"48","SHARON ","25","MANDELLA "
"38","JOCK ","25","MANDELLA "
"10","MICHAEL","25","MANDELLA "
"37","BOGEY","25","MANDELLA "
"35","LEAD SINGER ","25","MANDELLA "
"28","MR. CHAPIN ","25","MANDELLA "
"43","MRS. BLAISE ","25","MANDELLA "
"4","CHASTITY ","25","MANDELLA "
"23","PATRICK ","25","MANDELLA "
"3","BIANCA","25","MANDELLA "
"3","BIANCA","25","MANDELLA "
"31","BRUCE ","25","MANDELLA "
"9","PATRICK","25","MANDELLA "
"44","DEREK ","25","MANDELLA "
"27","JOEY ","25","MANDELLA "
"8","CAMERON","25","MANDELLA "
"21","KAT ","25","MANDELLA "
"27","JOEY ","25","MANDELLA "
"10","MICHAEL","25","MANDELLA "
"33","LEAD SINGER","25","MANDELLA "
"18","WALTER","25","MANDELLA "
"22","MISS PERKY ","25","MANDELLA "
"13","JOEY","25","MANDELLA "
"30","MICHAEL ","25","MANDELLA "
"26","TREVOR ","25","MANDELLA "
"22","MISS PERKY ","25","MANDELLA "
"34","BOY (0.S.)","25","MANDELLA "
"2","KAT","25","MANDELLA "
"21","KAT ","25","MANDELLA "
"20","PEPE","25","MANDELLA "
"15","MANDELLA","25","MANDELLA "
"45","MISCREANT ","25","MANDELLA "
"22","MISS PERKY ","26","TREVOR "
"13","JOEY","26","TREVOR "
"23","PATRICK ","26","TREVOR "
"8","CAMERON","26","TREVOR "
"9","PATRICK","26","TREVOR "
"30","MICHAEL ","26","TREVOR "
"25","MANDELLA ","26","TREVOR "
"24","TREVOR","26","TREVOR "
"22","MISS PERKY ","26","TREVOR "
"19","SHARON","26","TREVOR "
"43","MRS. BLAISE ","26","TREVOR "
"47","KID ","26","TREVOR "
"8","CAMERON","26","TREVOR "
"15","MANDELLA","26","TREVOR "
"25","MANDELLA ","26","TREVOR "
"48","SHARON ","26","TREVOR "
"4","CHASTITY ","26","TREVOR "
"18","WALTER","26","TREVOR "
"21","KAT ","26","TREVOR "
"9","PATRICK","26","TREVOR "
"27","JOEY ","26","TREVOR "
"44","DEREK ","26","TREVOR "
"46","KAT (0. S.)","26","TREVOR "
"12","MRS. BLAISE","26","TREVOR "
"7","MISS PERKY","26","TREVOR "
"21","KAT ","26","TREVOR "
"3","BIANCA","26","TREVOR "
"10","MICHAEL","26","TREVOR "
"40","GUY","26","TREVOR "
"42","CLEM ","26","TREVOR "
"2","KAT","26","TREVOR "
"20","PEPE","26","TREVOR "
"39","COFFEE KID #1","26","TREVOR "
"2","KAT","26","TREVOR "
"37","BOGEY","26","TREVOR "
"7","MISS PERKY","26","TREVOR "
"28","MR. CHAPIN ","26","TREVOR "
"45","MISCREANT ","26","TREVOR "
"13","JOEY","26","TREVOR "
"49","COWBOY","26","TREVOR "
"23","PATRICK ","26","TREVOR "
"50","CAMERON (0. S.)","26","TREVOR "
"11","DEREK","26","TREVOR "
"38","JOCK ","26","TREVOR "
"15","MANDELLA","26","TREVOR "
"41","CLEM","26","TREVOR "
"10","MICHAEL","26","TREVOR "
"24","TREVOR","26","TREVOR "
"3","BIANCA","26","TREVOR "
"14","TEACHER (0.S.)","26","TREVOR "
"26","TREVOR ","27","JOEY "
"21","KAT ","27","JOEY "
"40","GUY","27","JOEY "
"30","MICHAEL ","27","JOEY "
"48","SHARON ","27","JOEY "
"38","JOCK ","27","JOEY "
"50","CAMERON (0. S.)","27","JOEY "
"10","MICHAEL","27","JOEY "
"44","DEREK ","27","JOEY "
"18","WALTER","27","JOEY "
"22","MISS PERKY ","27","JOEY "
"7","MISS PERKY","27","JOEY "
"28","MR. CHAPIN ","27","JOEY "
"14","TEACHER (0.S.)","27","JOEY "
"30","MICHAEL ","27","JOEY "
"8","CAMERON","27","JOEY "
"9","PATRICK","27","JOEY "
"21","KAT ","27","JOEY "
"13","JOEY","27","JOEY "
"8","CAMERON","27","JOEY "
"32","SKIPPY","27","JOEY "
"33","LEAD SINGER","27","JOEY "
"47","KID ","27","JOEY "
"24","TREVOR","27","JOEY "
"13","JOEY","27","JOEY "
"30","MICHAEL ","27","JOEY "
"13","JOEY","27","JOEY "
"23","PATRICK ","27","JOEY "
"30","MICHAEL ","27","JOEY "
"23","PATRICK ","27","JOEY "
"21","KAT ","27","JOEY "
"2","KAT","27","JOEY "
"31","BRUCE ","27","JOEY "
"10","MICHAEL","27","JOEY "
"10","MICHAEL","27","JOEY "
"43","MRS. BLAISE ","27","JOEY "
"13","JOEY","27","JOEY "
"11","DEREK","27","JOEY "
"2","KAT","27","JOEY "
"4","CHASTITY ","27","JOEY "
"45","MISCREANT ","27","JOEY "
"29","SCURVY","27","JOEY "
"12","MRS. BLAISE","27","JOEY "
"35","LEAD SINGER ","27","JOEY "
"15","MANDELLA","27","JOEY "
"8","CAMERON","27","JOEY "
"46","KAT (0. S.)","27","JOEY "
"2","KAT","27","JOEY "
"9","PATRICK","27","JOEY "
"34","BOY (0.S.)","27","JOEY "
"21","KAT ","27","JOEY "
"25","MANDELLA ","27","JOEY "
"19","SHARON","27","JOEY "
"25","MANDELLA ","27","JOEY "
"2","KAT","27","JOEY "
"37","BOGEY","27","JOEY "
"3","BIANCA","27","JOEY "
"23","PATRICK ","27","JOEY "
"9","PATRICK","27","JOEY "
"41","CLEM","27","JOEY "
"42","CLEM ","27","JOEY "
"18","WALTER","27","JOEY "
"49","COWBOY","27","JOEY "
"28","MR. CHAPIN ","27","JOEY "
"15","MANDELLA","27","JOEY "
"39","COFFEE KID #1","27","JOEY "
"25","MANDELLA ","27","JOEY "
"3","BIANCA","27","JOEY "
"3","BIANCA","27","JOEY "
"10","MICHAEL","28","MR. CHAPIN "
"46","KAT (0. S.)","28","MR. CHAPIN "
"47","KID ","28","MR. CHAPIN "
"4","CHASTITY ","28","MR. CHAPIN "
"3","BIANCA","28","MR. CHAPIN "
"30","MICHAEL ","28","MR. CHAPIN "
"13","JOEY","28","MR. CHAPIN "
"41","CLEM","28","MR. CHAPIN "
"24","TREVOR","28","MR. CHAPIN "
"43","MRS. BLAISE ","28","MR. CHAPIN "
"39","COFFEE KID #1","28","MR. CHAPIN "
"15","MANDELLA","28","MR. CHAPIN "
"45","MISCREANT ","28","MR. CHAPIN "
"30","MICHAEL ","28","MR. CHAPIN "
"26","TREVOR ","28","MR. CHAPIN "
"3","BIANCA","28","MR. CHAPIN "
"22","MISS PERKY ","28","MR. CHAPIN "
"49","COWBOY","28","MR. CHAPIN "
"18","WALTER","28","MR. CHAPIN "
"12","MRS. BLAISE","28","MR. CHAPIN "
"40","GUY","28","MR. CHAPIN "
"9","PATRICK","28","MR. CHAPIN "
"23","PATRICK ","28","MR. CHAPIN "
"23","PATRICK ","28","MR. CHAPIN "
"25","MANDELLA ","28","MR. CHAPIN "
"50","CAMERON (0. S.)","28","MR. CHAPIN "
"7","MISS PERKY","28","MR. CHAPIN "
"18","WALTER","28","MR. CHAPIN "
"38","JOCK ","28","MR. CHAPIN "
"8","CAMERON","28","MR. CHAPIN "
"48","SHARON ","28","MR. CHAPIN "
"11","DEREK","28","MR. CHAPIN "
"21","KAT ","28","MR. CHAPIN "
"44","DEREK ","28","MR. CHAPIN "
"9","PATRICK","28","MR. CHAPIN "
"14","TEACHER (0.S.)","28","MR. CHAPIN "
"27","JOEY ","28","MR. CHAPIN "
"13","JOEY","28","MR. CHAPIN "
"37","BOGEY","28","MR. CHAPIN "
"27","JOEY ","28","MR. CHAPIN "
"2","KAT","28","MR. CHAPIN "
"29","SCURVY","28","MR. CHAPIN "
"19","SHARON","28","MR. CHAPIN "
"2","KAT","28","MR. CHAPIN "
"42","CLEM ","28","MR. CHAPIN "
"21","KAT ","28","MR. CHAPIN "
"27","JOEY ","29","SCURVY"
"2","KAT","29","SCURVY"
"23","PATRICK ","29","SCURVY"
"9","PATRICK","29","SCURVY"
"28","MR. CHAPIN ","29","SCURVY"
"30","MICHAEL ","29","SCURVY"
"13","JOEY","29","SCURVY"
"21","KAT ","29","SCURVY"
"18","WALTER","29","SCURVY"
"3","BIANCA","29","SCURVY"
"25","MANDELLA ","30","MICHAEL "
"48","SHARON ","30","MICHAEL "
"3","BIANCA","30","MICHAEL "
"27","JOEY ","30","MICHAEL "
"50","CAMERON (0. S.)","30","MICHAEL "
"26","TREVOR ","30","MICHAEL "
"19","SHARON","30","MICHAEL "
"28","MR. CHAPIN ","30","MICHAEL "
"27","JOEY ","30","MICHAEL "
"8","CAMERON","30","MICHAEL "
"34","BOY (0.S.)","30","MICHAEL "
"18","WALTER","30","MICHAEL "
"38","JOCK ","30","MICHAEL "
"44","DEREK ","30","MICHAEL "
"27","JOEY ","30","MICHAEL "
"9","PATRICK","30","MICHAEL "
"31","BRUCE ","30","MICHAEL "
"12","MRS. BLAISE","30","MICHAEL "
"29","SCURVY","30","MICHAEL "
"3","BIANCA","30","MICHAEL "
"41","CLEM","30","MICHAEL "
"27","JOEY ","30","MICHAEL "
"35","LEAD SINGER ","30","MICHAEL "
"8","CAMERON","30","MICHAEL "
"10","MICHAEL","30","MICHAEL "
"15","MANDELLA","30","MICHAEL "
"21","KAT ","30","MICHAEL "
"13","JOEY","30","MICHAEL "
"10","MICHAEL","30","MICHAEL "
"37","BOGEY","30","MICHAEL "
"3","BIANCA","30","MICHAEL "
"18","WALTER","30","MICHAEL "
"10","MICHAEL","30","MICHAEL "
"23","PATRICK ","30","MICHAEL "
"13","JOEY","30","MICHAEL "
"47","KID ","30","MICHAEL "
"2","KAT","30","MICHAEL "
"9","PATRICK","30","MICHAEL "
"4","CHASTITY ","30","MICHAEL "
"15","MANDELLA","30","MICHAEL "
"39","COFFEE KID #1","30","MICHAEL "
"23","PATRICK ","30","MICHAEL "
"25","MANDELLA ","30","MICHAEL "
"13","JOEY","30","MICHAEL "
"49","COWBOY","30","MICHAEL "
"28","MR. CHAPIN ","30","MICHAEL "
"2","KAT","30","MICHAEL "
"11","DEREK","30","MICHAEL "
"21","KAT ","30","MICHAEL "
"22","MISS PERKY ","30","MICHAEL "
"46","KAT (0. S.)","30","MICHAEL "
"23","PATRICK ","30","MICHAEL "
"32","SKIPPY","30","MICHAEL "
"40","GUY","30","MICHAEL "
"42","CLEM ","30","MICHAEL "
"13","JOEY","30","MICHAEL "
"21","KAT ","30","MICHAEL "
"45","MISCREANT ","30","MICHAEL "
"43","MRS. BLAISE ","30","MICHAEL "
"7","MISS PERKY","30","MICHAEL "
"33","LEAD SINGER","30","MICHAEL "
"21","KAT ","30","MICHAEL "
"9","PATRICK","30","MICHAEL "
"2","KAT","30","MICHAEL "
"14","TEACHER (0.S.)","30","MICHAEL "
"25","MANDELLA ","30","MICHAEL "
"8","CAMERON","30","MICHAEL "
"2","KAT","30","MICHAEL "
"24","TREVOR","30","MICHAEL "
"2","KAT","31","BRUCE "
"21","KAT ","31","BRUCE "
"34","BOY (0.S.)","31","BRUCE "
"23","PATRICK ","31","BRUCE "
"35","LEAD SINGER ","31","BRUCE "
"30","MICHAEL ","31","BRUCE "
"9","PATRICK","31","BRUCE "
"25","MANDELLA ","31","BRUCE "
"13","JOEY","31","BRUCE "
"32","SKIPPY","31","BRUCE "
"8","CAMERON","31","BRUCE "
"3","BIANCA","31","BRUCE "
"27","JOEY ","31","BRUCE "
"10","MICHAEL","31","BRUCE "
"33","LEAD SINGER","31","BRUCE "
"9","PATRICK","32","SKIPPY"
"21","KAT ","32","SKIPPY"
"31","BRUCE ","32","SKIPPY"
"25","MANDELLA ","32","SKIPPY"
"2","KAT","32","SKIPPY"
"30","MICHAEL ","32","SKIPPY"
"8","CAMERON","32","SKIPPY"
"35","LEAD SINGER ","32","SKIPPY"
"34","BOY (0.S.)","32","SKIPPY"
"13","JOEY","32","SKIPPY"
"27","JOEY ","32","SKIPPY"
"10","MICHAEL","32","SKIPPY"
"33","LEAD SINGER","32","SKIPPY"
"23","PATRICK ","32","SKIPPY"
"3","BIANCA","32","SKIPPY"
"2","KAT","33","LEAD SINGER"
"3","BIANCA","33","LEAD SINGER"
"9","PATRICK","33","LEAD SINGER"
"21","KAT ","33","LEAD SINGER"
"31","BRUCE ","33","LEAD SINGER"
"35","LEAD SINGER ","33","LEAD SINGER"
"30","MICHAEL ","33","LEAD SINGER"
"27","JOEY ","33","LEAD SINGER"
"23","PATRICK ","33","LEAD SINGER"
"10","MICHAEL","33","LEAD SINGER"
"34","BOY (0.S.)","33","LEAD SINGER"
"13","JOEY","33","LEAD SINGER"
"32","SKIPPY","33","LEAD SINGER"
"8","CAMERON","33","LEAD SINGER"
"25","MANDELLA ","33","LEAD SINGER"
"2","KAT","34","BOY (0.S.)"
"27","JOEY ","34","BOY (0.S.)"
"13","JOEY","34","BOY (0.S.)"
"3","BIANCA","34","BOY (0.S.)"
"33","LEAD SINGER","34","BOY (0.S.)"
"25","MANDELLA ","34","BOY (0.S.)"
"8","CAMERON","34","BOY (0.S.)"
"21","KAT ","34","BOY (0.S.)"
"32","SKIPPY","34","BOY (0.S.)"
"35","LEAD SINGER ","34","BOY (0.S.)"
"31","BRUCE ","34","BOY (0.S.)"
"10","MICHAEL","34","BOY (0.S.)"
"23","PATRICK ","34","BOY (0.S.)"
"30","MICHAEL ","34","BOY (0.S.)"
"9","PATRICK","34","BOY (0.S.)"
"25","MANDELLA ","35","LEAD SINGER "
"8","CAMERON","35","LEAD SINGER "
"10","MICHAEL","35","LEAD SINGER "
"23","PATRICK ","35","LEAD SINGER "
"31","BRUCE ","35","LEAD SINGER "
"34","BOY (0.S.)","35","LEAD SINGER "
"30","MICHAEL ","35","LEAD SINGER "
"33","LEAD SINGER","35","LEAD SINGER "
"3","BIANCA","35","LEAD SINGER "
"27","JOEY ","35","LEAD SINGER "
"21","KAT ","35","LEAD SINGER "
"13","JOEY","35","LEAD SINGER "
"9","PATRICK","35","LEAD SINGER "
"32","SKIPPY","35","LEAD SINGER "
"2","KAT","35","LEAD SINGER "
"8","CAMERON","36","PATRICK/KAT "
"22","MISS PERKY ","36","PATRICK/KAT "
"21","KAT ","36","PATRICK/KAT "
"2","KAT","36","PATRICK/KAT "
"3","BIANCA","36","PATRICK/KAT "
"18","WALTER","36","PATRICK/KAT "
"7","MISS PERKY","36","PATRICK/KAT "
"9","PATRICK","36","PATRICK/KAT "
"10","MICHAEL","36","PATRICK/KAT "
"21","KAT ","37","BOGEY"
"23","PATRICK ","37","BOGEY"
"2","KAT","37","BOGEY"
"44","DEREK ","37","BOGEY"
"11","DEREK","37","BOGEY"
"22","MISS PERKY ","37","BOGEY"
"40","GUY","37","BOGEY"
"24","TREVOR","37","BOGEY"
"49","COWBOY","37","BOGEY"
"43","MRS. BLAISE ","37","BOGEY"
"10","MICHAEL","37","BOGEY"
"13","JOEY","37","BOGEY"
"27","JOEY ","37","BOGEY"
"38","JOCK ","37","BOGEY"
"26","TREVOR ","37","BOGEY"
"15","MANDELLA","37","BOGEY"
"12","MRS. BLAISE","37","BOGEY"
"45","MISCREANT ","37","BOGEY"
"39","COFFEE KID #1","37","BOGEY"
"7","MISS PERKY","37","BOGEY"
"47","KID ","37","BOGEY"
"42","CLEM ","37","BOGEY"
"14","TEACHER (0.S.)","37","BOGEY"
"30","MICHAEL ","37","BOGEY"
"4","CHASTITY ","37","BOGEY"
"8","CAMERON","37","BOGEY"
"19","SHARON","37","BOGEY"
"46","KAT (0. S.)","37","BOGEY"
"3","BIANCA","37","BOGEY"
"25","MANDELLA ","37","BOGEY"
"28","MR. CHAPIN ","37","BOGEY"
"48","SHARON ","37","BOGEY"
"18","WALTER","37","BOGEY"
"50","CAMERON (0. S.)","37","BOGEY"
"9","PATRICK","37","BOGEY"
"41","CLEM","37","BOGEY"
"46","KAT (0. S.)","38","JOCK "
"28","MR. CHAPIN ","38","JOCK "
"23","PATRICK ","38","JOCK "
"21","KAT ","38","JOCK "
"44","DEREK ","38","JOCK "
"27","JOEY ","38","JOCK "
"47","KID ","38","JOCK "
"11","DEREK","38","JOCK "
"7","MISS PERKY","38","JOCK "
"45","MISCREANT ","38","JOCK "
"14","TEACHER (0.S.)","38","JOCK "
"18","WALTER","38","JOCK "
"24","TREVOR","38","JOCK "
"8","CAMERON","38","JOCK "
"41","CLEM","38","JOCK "
"15","MANDELLA","38","JOCK "
"30","MICHAEL ","38","JOCK "
"9","PATRICK","38","JOCK "
"42","CLEM ","38","JOCK "
"3","BIANCA","38","JOCK "
"4","CHASTITY ","38","JOCK "
"19","SHARON","38","JOCK "
"40","GUY","38","JOCK "
"49","COWBOY","38","JOCK "
"22","MISS PERKY ","38","JOCK "
"12","MRS. BLAISE","38","JOCK "
"37","BOGEY","38","JOCK "
"25","MANDELLA ","38","JOCK "
"48","SHARON ","38","JOCK "
"43","MRS. BLAISE ","38","JOCK "
"50","CAMERON (0. S.)","38","JOCK "
"10","MICHAEL","38","JOCK "
"26","TREVOR ","38","JOCK "
"2","KAT","38","JOCK "
"13","JOEY","38","JOCK "
"39","COFFEE KID #1","38","JOCK "
"48","SHARON ","39","COFFEE KID #1"
"23","PATRICK ","39","COFFEE KID #1"
"24","TREVOR","39","COFFEE KID #1"
"43","MRS. BLAISE ","39","COFFEE KID #1"
"8","CAMERON","39","COFFEE KID #1"
"30","MICHAEL ","39","COFFEE KID #1"
"3","BIANCA","39","COFFEE KID #1"
"21","KAT ","39","COFFEE KID #1"
"4","CHASTITY ","39","COFFEE KID #1"
"18","WALTER","39","COFFEE KID #1"
"26","TREVOR ","39","COFFEE KID #1"
"9","PATRICK","39","COFFEE KID #1"
"42","CLEM ","39","COFFEE KID #1"
"7","MISS PERKY","39","COFFEE KID #1"
"14","TEACHER (0.S.)","39","COFFEE KID #1"
"2","KAT","39","COFFEE KID #1"
"37","BOGEY","39","COFFEE KID #1"
"49","COWBOY","39","COFFEE KID #1"
"28","MR. CHAPIN ","39","COFFEE KID #1"
"45","MISCREANT ","39","COFFEE KID #1"
"27","JOEY ","39","COFFEE KID #1"
"19","SHARON","39","COFFEE KID #1"
"41","CLEM","39","COFFEE KID #1"
"11","DEREK","39","COFFEE KID #1"
"15","MANDELLA","39","COFFEE KID #1"
"50","CAMERON (0. S.)","39","COFFEE KID #1"
"13","JOEY","39","COFFEE KID #1"
"25","MANDELLA ","39","COFFEE KID #1"
"10","MICHAEL","39","COFFEE KID #1"
"22","MISS PERKY ","39","COFFEE KID #1"
"44","DEREK ","39","COFFEE KID #1"
"38","JOCK ","39","COFFEE KID #1"
"47","KID ","39","COFFEE KID #1"
"12","MRS. BLAISE","39","COFFEE KID #1"
"40","GUY","39","COFFEE KID #1"
"46","KAT (0. S.)","39","COFFEE KID #1"
"28","MR. CHAPIN ","40","GUY"
"23","PATRICK ","40","GUY"
"25","MANDELLA ","40","GUY"
"3","BIANCA","40","GUY"
"14","TEACHER (0.S.)","40","GUY"
"44","DEREK ","40","GUY"
"12","MRS. BLAISE","40","GUY"
"49","COWBOY","40","GUY"
"19","SHARON","40","GUY"
"15","MANDELLA","40","GUY"
"43","MRS. BLAISE ","40","GUY"
"2","KAT","40","GUY"
"9","PATRICK","40","GUY"
"27","JOEY ","40","GUY"
"50","CAMERON (0. S.)","40","GUY"
"38","JOCK ","40","GUY"
"24","TREVOR","40","GUY"
"18","WALTER","40","GUY"
"11","DEREK","40","GUY"
"10","MICHAEL","40","GUY"
"26","TREVOR ","40","GUY"
"48","SHARON ","40","GUY"
"46","KAT (0. S.)","40","GUY"
"42","CLEM ","40","GUY"
"13","JOEY","40","GUY"
"4","CHASTITY ","40","GUY"
"41","CLEM","40","GUY"
"7","MISS PERKY","40","GUY"
"30","MICHAEL ","40","GUY"
"45","MISCREANT ","40","GUY"
"22","MISS PERKY ","40","GUY"
"39","COFFEE KID #1","40","GUY"
"37","BOGEY","40","GUY"
"8","CAMERON","40","GUY"
"21","KAT ","40","GUY"
"47","KID ","40","GUY"
"37","BOGEY","41","CLEM"
"11","DEREK","41","CLEM"
"8","CAMERON","41","CLEM"
"40","GUY","41","CLEM"
"42","CLEM ","41","CLEM"
"9","PATRICK","41","CLEM"
"19","SHARON","41","CLEM"
"27","JOEY ","41","CLEM"
"21","KAT ","41","CLEM"
"15","MANDELLA","41","CLEM"
"7","MISS PERKY","41","CLEM"
"46","KAT (0. S.)","41","CLEM"
"49","COWBOY","41","CLEM"
"13","JOEY","41","CLEM"
"18","WALTER","41","CLEM"
"10","MICHAEL","41","CLEM"
"44","DEREK ","41","CLEM"
"45","MISCREANT ","41","CLEM"
"50","CAMERON (0. S.)","41","CLEM"
"48","SHARON ","41","CLEM"
"25","MANDELLA ","41","CLEM"
"22","MISS PERKY ","41","CLEM"
"23","PATRICK ","41","CLEM"
"4","CHASTITY ","41","CLEM"
"2","KAT","41","CLEM"
"14","TEACHER (0.S.)","41","CLEM"
"30","MICHAEL ","41","CLEM"
"28","MR. CHAPIN ","41","CLEM"
"38","JOCK ","41","CLEM"
"43","MRS. BLAISE ","41","CLEM"
"3","BIANCA","41","CLEM"
"39","COFFEE KID #1","41","CLEM"
"26","TREVOR ","41","CLEM"
"47","KID ","41","CLEM"
"24","TREVOR","41","CLEM"
"12","MRS. BLAISE","41","CLEM"
"27","JOEY ","42","CLEM "
"24","TREVOR","42","CLEM "
"3","BIANCA","42","CLEM "
"4","CHASTITY ","42","CLEM "
"50","CAMERON (0. S.)","42","CLEM "
"45","MISCREANT ","42","CLEM "
"10","MICHAEL","42","CLEM "
"26","TREVOR ","42","CLEM "
"40","GUY","42","CLEM "
"13","JOEY","42","CLEM "
"15","MANDELLA","42","CLEM "
"18","WALTER","42","CLEM "
"11","DEREK","42","CLEM "
"44","DEREK ","42","CLEM "
"46","KAT (0. S.)","42","CLEM "
"37","BOGEY","42","CLEM "
"47","KID ","42","CLEM "
"8","CAMERON","42","CLEM "
"30","MICHAEL ","42","CLEM "
"23","PATRICK ","42","CLEM "
"9","PATRICK","42","CLEM "
"28","MR. CHAPIN ","42","CLEM "
"39","COFFEE KID #1","42","CLEM "
"43","MRS. BLAISE ","42","CLEM "
"12","MRS. BLAISE","42","CLEM "
"2","KAT","42","CLEM "
"48","SHARON ","42","CLEM "
"7","MISS PERKY","42","CLEM "
"41","CLEM","42","CLEM "
"49","COWBOY","42","CLEM "
"14","TEACHER (0.S.)","42","CLEM "
"38","JOCK ","42","CLEM "
"22","MISS PERKY ","42","CLEM "
"21","KAT ","42","CLEM "
"25","MANDELLA ","42","CLEM "
"19","SHARON","42","CLEM "
"14","TEACHER (0.S.)","43","MRS. BLAISE "
"19","SHARON","43","MRS. BLAISE "
"41","CLEM","43","MRS. BLAISE "
"25","MANDELLA ","43","MRS. BLAISE "
"26","TREVOR ","43","MRS. BLAISE "
"44","DEREK ","43","MRS. BLAISE "
"18","WALTER","43","MRS. BLAISE "
"8","CAMERON","43","MRS. BLAISE "
"21","KAT ","43","MRS. BLAISE "
"48","SHARON ","43","MRS. BLAISE "
"27","JOEY ","43","MRS. BLAISE "
"13","JOEY","43","MRS. BLAISE "
"42","CLEM ","43","MRS. BLAISE "
"30","MICHAEL ","43","MRS. BLAISE "
"50","CAMERON (0. S.)","43","MRS. BLAISE "
"22","MISS PERKY ","43","MRS. BLAISE "
"12","MRS. BLAISE","43","MRS. BLAISE "
"28","MR. CHAPIN ","43","MRS. BLAISE "
"4","CHASTITY ","43","MRS. BLAISE "
"9","PATRICK","43","MRS. BLAISE "
"49","COWBOY","43","MRS. BLAISE "
"46","KAT (0. S.)","43","MRS. BLAISE "
"10","MICHAEL","43","MRS. BLAISE "
"38","JOCK ","43","MRS. BLAISE "
"24","TREVOR","43","MRS. BLAISE "
"23","PATRICK ","43","MRS. BLAISE "
"37","BOGEY","43","MRS. BLAISE "
"47","KID ","43","MRS. BLAISE "
"15","MANDELLA","43","MRS. BLAISE "
"40","GUY","43","MRS. BLAISE "
"39","COFFEE KID #1","43","MRS. BLAISE "
"7","MISS PERKY","43","MRS. BLAISE "
"11","DEREK","43","MRS. BLAISE "
"3","BIANCA","43","MRS. BLAISE "
"45","MISCREANT ","43","MRS. BLAISE "
"2","KAT","43","MRS. BLAISE "
"14","TEACHER (0.S.)","44","DEREK "
"46","KAT (0. S.)","44","DEREK "
"2","KAT","44","DEREK "
"12","MRS. BLAISE","44","DEREK "
"40","GUY","44","DEREK "
"43","MRS. BLAISE ","44","DEREK "
"50","CAMERON (0. S.)","44","DEREK "
"26","TREVOR ","44","DEREK "
"42","CLEM ","44","DEREK "
"37","BOGEY","44","DEREK "
"9","PATRICK","44","DEREK "
"48","SHARON ","44","DEREK "
"30","MICHAEL ","44","DEREK "
"41","CLEM","44","DEREK "
"10","MICHAEL","44","DEREK "
"3","BIANCA","44","DEREK "
"11","DEREK","44","DEREK "
"18","WALTER","44","DEREK "
"7","MISS PERKY","44","DEREK "
"27","JOEY ","44","DEREK "
"15","MANDELLA","44","DEREK "
"4","CHASTITY ","44","DEREK "
"19","SHARON","44","DEREK "
"23","PATRICK ","44","DEREK "
"24","TREVOR","44","DEREK "
"25","MANDELLA ","44","DEREK "
"39","COFFEE KID #1","44","DEREK "
"22","MISS PERKY ","44","DEREK "
"45","MISCREANT ","44","DEREK "
"8","CAMERON","44","DEREK "
"28","MR. CHAPIN ","44","DEREK "
"21","KAT ","44","DEREK "
"47","KID ","44","DEREK "
"13","JOEY","44","DEREK "
"38","JOCK ","44","DEREK "
"49","COWBOY","44","DEREK "
"9","PATRICK","45","MISCREANT "
"19","SHARON","45","MISCREANT "
"23","PATRICK ","45","MISCREANT "
"46","KAT (0. S.)","45","MISCREANT "
"44","DEREK ","45","MISCREANT "
"48","SHARON ","45","MISCREANT "
"27","JOEY ","45","MISCREANT "
"15","MANDELLA","45","MISCREANT "
"47","KID ","45","MISCREANT "
"14","TEACHER (0.S.)","45","MISCREANT "
"8","CAMERON","45","MISCREANT "
"3","BIANCA","45","MISCREANT "
"25","MANDELLA ","45","MISCREANT "
"38","JOCK ","45","MISCREANT "
"13","JOEY","45","MISCREANT "
"28","MR. CHAPIN ","45","MISCREANT "
"40","GUY","45","MISCREANT "
"30","MICHAEL ","45","MISCREANT "
"11","DEREK","45","MISCREANT "
"26","TREVOR ","45","MISCREANT "
"42","CLEM ","45","MISCREANT "
"12","MRS. BLAISE","45","MISCREANT "
"43","MRS. BLAISE ","45","MISCREANT "
"4","CHASTITY ","45","MISCREANT "
"21","KAT ","45","MISCREANT "
"24","TREVOR","45","MISCREANT "
"2","KAT","45","MISCREANT "
"37","BOGEY","45","MISCREANT "
"7","MISS PERKY","45","MISCREANT "
"10","MICHAEL","45","MISCREANT "
"50","CAMERON (0. S.)","45","MISCREANT "
"22","MISS PERKY ","45","MISCREANT "
"41","CLEM","45","MISCREANT "
"49","COWBOY","45","MISCREANT "
"18","WALTER","45","MISCREANT "
"39","COFFEE KID #1","45","MISCREANT "
"18","WALTER","46","KAT (0. S.)"
"14","TEACHER (0.S.)","46","KAT (0. S.)"
"26","TREVOR ","46","KAT (0. S.)"
"12","MRS. BLAISE","46","KAT (0. S.)"
"28","MR. CHAPIN ","46","KAT (0. S.)"
"10","MICHAEL","46","KAT (0. S.)"
"13","JOEY","46","KAT (0. S.)"
"30","MICHAEL ","46","KAT (0. S.)"
"45","MISCREANT ","46","KAT (0. S.)"
"42","CLEM ","46","KAT (0. S.)"
"23","PATRICK ","46","KAT (0. S.)"
"21","KAT ","46","KAT (0. S.)"
"40","GUY","46","KAT (0. S.)"
"44","DEREK ","46","KAT (0. S.)"
"7","MISS PERKY","46","KAT (0. S.)"
"19","SHARON","46","KAT (0. S.)"
"3","BIANCA","46","KAT (0. S.)"
"2","KAT","46","KAT (0. S.)"
"43","MRS. BLAISE ","46","KAT (0. S.)"
"41","CLEM","46","KAT (0. S.)"
"37","BOGEY","46","KAT (0. S.)"
"47","KID ","46","KAT (0. S.)"
"50","CAMERON (0. S.)","46","KAT (0. S.)"
"11","DEREK","46","KAT (0. S.)"
"24","TREVOR","46","KAT (0. S.)"
"49","COWBOY","46","KAT (0. S.)"
"15","MANDELLA","46","KAT (0. S.)"
"25","MANDELLA ","46","KAT (0. S.)"
"9","PATRICK","46","KAT (0. S.)"
"38","JOCK ","46","KAT (0. S.)"
"48","SHARON ","46","KAT (0. S.)"
"39","COFFEE KID #1","46","KAT (0. S.)"
"22","MISS PERKY ","46","KAT (0. S.)"
"27","JOEY ","46","KAT (0. S.)"
"8","CAMERON","46","KAT (0. S.)"
"4","CHASTITY ","46","KAT (0. S.)"
"11","DEREK","47","KID "
"24","TREVOR","47","KID "
"10","MICHAEL","47","KID "
"48","SHARON ","47","KID "
"41","CLEM","47","KID "
"7","MISS PERKY","47","KID "
"18","WALTER","47","KID "
"14","TEACHER (0.S.)","47","KID "
"21","KAT ","47","KID "
"26","TREVOR ","47","KID "
"27","JOEY ","47","KID "
"43","MRS. BLAISE ","47","KID "
"40","GUY","47","KID "
"22","MISS PERKY ","47","KID "
"38","JOCK ","47","KID "
"12","MRS. BLAISE","47","KID "
"13","JOEY","47","KID "
"28","MR. CHAPIN ","47","KID "
"4","CHASTITY ","47","KID "
"50","CAMERON (0. S.)","47","KID "
"15","MANDELLA","47","KID "
"19","SHARON","47","KID "
"42","CLEM ","47","KID "
"25","MANDELLA ","47","KID "
"9","PATRICK","47","KID "
"46","KAT (0. S.)","47","KID "
"23","PATRICK ","47","KID "
"37","BOGEY","47","KID "
"39","COFFEE KID #1","47","KID "
"2","KAT","47","KID "
"44","DEREK ","47","KID "
"30","MICHAEL ","47","KID "
"3","BIANCA","47","KID "
"8","CAMERON","47","KID "
"49","COWBOY","47","KID "
"45","MISCREANT ","47","KID "
"42","CLEM ","48","SHARON "
"30","MICHAEL ","48","SHARON "
"37","BOGEY","48","SHARON "
"10","MICHAEL","48","SHARON "
"44","DEREK ","48","SHARON "
"50","CAMERON (0. S.)","48","SHARON "
"46","KAT (0. S.)","48","SHARON "
"43","MRS. BLAISE ","48","SHARON "
"27","JOEY ","48","SHARON "
"25","MANDELLA ","48","SHARON "
"9","PATRICK","48","SHARON "
"4","CHASTITY ","48","SHARON "
"45","MISCREANT ","48","SHARON "
"3","BIANCA","48","SHARON "
"22","MISS PERKY ","48","SHARON "
"38","JOCK ","48","SHARON "
"28","MR. CHAPIN ","48","SHARON "
"2","KAT","48","SHARON "
"26","TREVOR ","48","SHARON "
"21","KAT ","48","SHARON "
"15","MANDELLA","48","SHARON "
"11","DEREK","48","SHARON "
"18","WALTER","48","SHARON "
"7","MISS PERKY","48","SHARON "
"47","KID ","48","SHARON "
"24","TREVOR","48","SHARON "
"49","COWBOY","48","SHARON "
"12","MRS. BLAISE","48","SHARON "
"39","COFFEE KID #1","48","SHARON "
"13","JOEY","48","SHARON "
"41","CLEM","48","SHARON "
"8","CAMERON","48","SHARON "
"14","TEACHER (0.S.)","48","SHARON "
"23","PATRICK ","48","SHARON "
"40","GUY","48","SHARON "
"19","SHARON","48","SHARON "
"46","KAT (0. S.)","49","COWBOY"
"11","DEREK","49","COWBOY"
"26","TREVOR ","49","COWBOY"
"14","TEACHER (0.S.)","49","COWBOY"
"23","PATRICK ","49","COWBOY"
"28","MR. CHAPIN ","49","COWBOY"
"13","JOEY","49","COWBOY"
"10","MICHAEL","49","COWBOY"
"25","MANDELLA ","49","COWBOY"
"8","CAMERON","49","COWBOY"
"38","JOCK ","49","COWBOY"
"3","BIANCA","49","COWBOY"
"44","DEREK ","49","COWBOY"
"12","MRS. BLAISE","49","COWBOY"
"40","GUY","49","COWBOY"
"22","MISS PERKY ","49","COWBOY"
"18","WALTER","49","COWBOY"
"7","MISS PERKY","49","COWBOY"
"47","KID ","49","COWBOY"
"30","MICHAEL ","49","COWBOY"
"21","KAT ","49","COWBOY"
"41","CLEM","49","COWBOY"
"27","JOEY ","49","COWBOY"
"9","PATRICK","49","COWBOY"
"39","COFFEE KID #1","49","COWBOY"
"42","CLEM ","49","COWBOY"
"24","TREVOR","49","COWBOY"
"2","KAT","49","COWBOY"
"48","SHARON ","49","COWBOY"
"19","SHARON","49","COWBOY"
"45","MISCREANT ","49","COWBOY"
"50","CAMERON (0. S.)","49","COWBOY"
"4","CHASTITY ","49","COWBOY"
"15","MANDELLA","49","COWBOY"
"43","MRS. BLAISE ","49","COWBOY"
"37","BOGEY","49","COWBOY"
"44","DEREK ","50","CAMERON (0. S.)"
"30","MICHAEL ","50","CAMERON (0. S.)"
"48","SHARON ","50","CAMERON (0. S.)"
"3","BIANCA","50","CAMERON (0. S.)"
"25","MANDELLA ","50","CAMERON (0. S.)"
"49","COWBOY","50","CAMERON (0. S.)"
"10","MICHAEL","50","CAMERON (0. S.)"
"19","SHARON","50","CAMERON (0. S.)"
"14","TEACHER (0.S.)","50","CAMERON (0. S.)"
"40","GUY","50","CAMERON (0. S.)"
"27","JOEY ","50","CAMERON (0. S.)"
"15","MANDELLA","50","CAMERON (0. S.)"
"18","WALTER","50","CAMERON (0. S.)"
"23","PATRICK ","50","CAMERON (0. S.)"
"2","KAT","50","CAMERON (0. S.)"
"12","MRS. BLAISE","50","CAMERON (0. S.)"
"22","MISS PERKY ","50","CAMERON (0. S.)"
"39","COFFEE KID #1","50","CAMERON (0. S.)"
"8","CAMERON","50","CAMERON (0. S.)"
"24","TREVOR","50","CAMERON (0. S.)"
"37","BOGEY","50","CAMERON (0. S.)"
"7","MISS PERKY","50","CAMERON (0. S.)"
"42","CLEM ","50","CAMERON (0. S.)"
"21","KAT ","50","CAMERON (0. S.)"
"11","DEREK","50","CAMERON (0. S.)"
"47","KID ","50","CAMERON (0. S.)"
"4","CHASTITY ","50","CAMERON (0. S.)"
"38","JOCK ","50","CAMERON (0. S.)"
"45","MISCREANT ","50","CAMERON (0. S.)"
"9","PATRICK","50","CAMERON (0. S.)"
"13","JOEY","50","CAMERON (0. S.)"
"46","KAT (0. S.)","50","CAMERON (0. S.)"
"26","TREVOR ","50","CAMERON (0. S.)"
"28","MR. CHAPIN ","50","CAMERON (0. S.)"
"41","CLEM","50","CAMERON (0. S.)"
"43","MRS. BLAISE ","50","CAMERON (0. S.)"
