"SOURCE","NAME1","TARGET","NAME2"
"2","GIRLS  ROOM","1","PADUA HIGH PARKING LOT"
"3","HALLWAY- CONTINUOUS","2","GIRLS  ROOM"
"1","PADUA HIGH PARKING LOT","2","GIRLS  ROOM"
"17","FIELD HOCKEY FIELD","3","HALLWAY- CONTINUOUS"
"19","DOWNTOWN STREET ","3","HALLWAY- CONTINUOUS"
"21","TUTORING ROOM ","3","HALLWAY- CONTINUOUS"
"4","SCHOOL COURTYARD","3","HALLWAY- CONTINUOUS"
"16","GYM CLASS ","3","HALLWAY- CONTINUOUS"
"54","STRATFORD HOUSE/DEN","3","HALLWAY- CONTINUOUS"
"17","FIELD HOCKEY FIELD","3","HALLWAY- CONTINUOUS"
"43","BIOLOGY CLASS Cameron and Michael flank Patrick ","3","HALLWAY- CONTINUOUS"
"18","HALLWAY ","3","HALLWAY- CONTINUOUS"
"21","TUTORING ROOM ","3","HALLWAY- CONTINUOUS"
"53","STUDY HALL","3","HALLWAY- CONTINUOUS"
"20","STRATFORD HOUSE  ","3","HALLWAY- CONTINUOUS"
"2","GIRLS  ROOM","3","HALLWAY- CONTINUOUS"
"10","TUTORING ROOM","3","HALLWAY- CONTINUOUS"
"25","SHOWERS","3","HALLWAY- CONTINUOUS"
"44","PARKING LOT ","3","HALLWAY- CONTINUOUS"
"5"," CAFETERIA - CONTINUOUS","4","SCHOOL COURTYARD"
"8","SCHOOL PARKING LOT","4","SCHOOL COURTYARD"
"3","HALLWAY- CONTINUOUS","4","SCHOOL COURTYARD"
"7","SOPHOMORE ENGLISH CLASS","4","SCHOOL COURTYARD"
"7","SOPHOMORE ENGLISH CLASS","5"," CAFETERIA - CONTINUOUS"
"13","BOY S ROOM","5"," CAFETERIA - CONTINUOUS"
"6","GUIDANCE COUNSELOR S OFFICE","5"," CAFETERIA - CONTINUOUS"
"47","BOOK STORE","5"," CAFETERIA - CONTINUOUS"
"12","WOODSHOP","5"," CAFETERIA - CONTINUOUS"
"4","SCHOOL COURTYARD","5"," CAFETERIA - CONTINUOUS"
"7","SOPHOMORE ENGLISH CLASS","6","GUIDANCE COUNSELOR S OFFICE"
"5"," CAFETERIA - CONTINUOUS","6","GUIDANCE COUNSELOR S OFFICE"
"4","SCHOOL COURTYARD","7","SOPHOMORE ENGLISH CLASS"
"41","KAT S CAR ","7","SOPHOMORE ENGLISH CLASS"
"6","GUIDANCE COUNSELOR S OFFICE","7","SOPHOMORE ENGLISH CLASS"
"42","KENNY S THAI FOOD DINER ","7","SOPHOMORE ENGLISH CLASS"
"5"," CAFETERIA - CONTINUOUS","7","SOPHOMORE ENGLISH CLASS"
"48","DETENTION HALL","7","SOPHOMORE ENGLISH CLASS"
"9"," STRATFORD HOUSE","8","SCHOOL PARKING LOT"
"4","SCHOOL COURTYARD","8","SCHOOL PARKING LOT"
"10","TUTORING ROOM","9"," STRATFORD HOUSE"
"8","SCHOOL PARKING LOT","9"," STRATFORD HOUSE"
"56"," PROM ","9"," STRATFORD HOUSE"
"59","CAFETERIA Kat stands grabs a box of cornflakes ","9"," STRATFORD HOUSE"
"11","BIOLOGY CLASS","10","TUTORING ROOM"
"3","HALLWAY- CONTINUOUS","10","TUTORING ROOM"
"9"," STRATFORD HOUSE","10","TUTORING ROOM"
"15"," MISS PERKY S OFFICE ","10","TUTORING ROOM"
"12","WOODSHOP","11","BIOLOGY CLASS"
"10","TUTORING ROOM","11","BIOLOGY CLASS"
"11","BIOLOGY CLASS","12","WOODSHOP"
"5"," CAFETERIA - CONTINUOUS","12","WOODSHOP"
"22","CLASSROOM","13","BOY S ROOM"
"21","TUTORING ROOM ","13","BOY S ROOM"
"5"," CAFETERIA - CONTINUOUS","13","BOY S ROOM"
"14","KENNY S THAI FOOD DINER","13","BOY S ROOM"
"13","BOY S ROOM","14","KENNY S THAI FOOD DINER"
"15"," MISS PERKY S OFFICE ","14","KENNY S THAI FOOD DINER"
"60","PARKING LOT - MOMENTS LATER","15"," MISS PERKY S OFFICE "
"10","TUTORING ROOM","15"," MISS PERKY S OFFICE "
"18","HALLWAY ","15"," MISS PERKY S OFFICE "
"18","HALLWAY ","15"," MISS PERKY S OFFICE "
"20","STRATFORD HOUSE  ","15"," MISS PERKY S OFFICE "
"14","KENNY S THAI FOOD DINER","15"," MISS PERKY S OFFICE "
"17","FIELD HOCKEY FIELD","16","GYM CLASS "
"3","HALLWAY- CONTINUOUS","16","GYM CLASS "
"18","HALLWAY ","17","FIELD HOCKEY FIELD"
"16","GYM CLASS ","17","FIELD HOCKEY FIELD"
"3","HALLWAY- CONTINUOUS","17","FIELD HOCKEY FIELD"
"3","HALLWAY- CONTINUOUS","17","FIELD HOCKEY FIELD"
"17","FIELD HOCKEY FIELD","18","HALLWAY "
"59","CAFETERIA Kat stands grabs a box of cornflakes ","18","HALLWAY "
"15"," MISS PERKY S OFFICE ","18","HALLWAY "
"3","HALLWAY- CONTINUOUS","18","HALLWAY "
"28","CLUB SKUNK ","18","HALLWAY "
"15"," MISS PERKY S OFFICE ","18","HALLWAY "
"3","HALLWAY- CONTINUOUS","19","DOWNTOWN STREET "
"20","STRATFORD HOUSE  ","19","DOWNTOWN STREET "
"15"," MISS PERKY S OFFICE ","20","STRATFORD HOUSE  "
"27","KAT S ROOM ","20","STRATFORD HOUSE  "
"3","HALLWAY- CONTINUOUS","20","STRATFORD HOUSE  "
"55","BIANCA S ROOM  ","20","STRATFORD HOUSE  "
"31"," STRATFORD HOUSE/UPSTAIRS HALLWAY ","20","STRATFORD HOUSE  "
"51","STREET  ","20","STRATFORD HOUSE  "
"19","DOWNTOWN STREET ","20","STRATFORD HOUSE  "
"50","OUTDOOR ARCADE ","20","STRATFORD HOUSE  "
"13","BOY S ROOM","21","TUTORING ROOM "
"26","DIVE BAR  ","21","TUTORING ROOM "
"3","HALLWAY- CONTINUOUS","21","TUTORING ROOM "
"3","HALLWAY- CONTINUOUS","21","TUTORING ROOM "
"13","BOY S ROOM","22","CLASSROOM"
"23"," GYM CLASS ","22","CLASSROOM"
"22","CLASSROOM","23"," GYM CLASS "
"24"," MATH CLASS ","23"," GYM CLASS "
"23"," GYM CLASS ","24"," MATH CLASS "
"25","SHOWERS","24"," MATH CLASS "
"3","HALLWAY- CONTINUOUS","25","SHOWERS"
"24"," MATH CLASS ","25","SHOWERS"
"21","TUTORING ROOM ","26","DIVE BAR  "
"27","KAT S ROOM ","26","DIVE BAR  "
"56"," PROM ","27","KAT S ROOM "
"28","CLUB SKUNK ","27","KAT S ROOM "
"26","DIVE BAR  ","27","KAT S ROOM "
"20","STRATFORD HOUSE  ","27","KAT S ROOM "
"18","HALLWAY ","28","CLUB SKUNK "
"29","CLUB FOYER ","28","CLUB SKUNK "
"27","KAT S ROOM ","28","CLUB SKUNK "
"29","CLUB FOYER ","28","CLUB SKUNK "
"28","CLUB SKUNK ","29","CLUB FOYER "
"28","CLUB SKUNK ","29","CLUB FOYER "
"30","CLUB SKUNK  ","29","CLUB FOYER "
"30","CLUB SKUNK  ","29","CLUB FOYER "
"29","CLUB FOYER ","30","CLUB SKUNK  "
"29","CLUB FOYER ","30","CLUB SKUNK  "
"32","LIVING ROOM ","31"," STRATFORD HOUSE/UPSTAIRS HALLWAY "
"20","STRATFORD HOUSE  ","31"," STRATFORD HOUSE/UPSTAIRS HALLWAY "
"33","BOGEY LOWENSTEIN S HOUSE ","32","LIVING ROOM "
"31"," STRATFORD HOUSE/UPSTAIRS HALLWAY ","32","LIVING ROOM "
"32","LIVING ROOM ","33","BOGEY LOWENSTEIN S HOUSE "
"34","BOGEY S KITCHEN ","33","BOGEY LOWENSTEIN S HOUSE "
"35","BOGEY S LIVING ROOM ","34","BOGEY S KITCHEN "
"33","BOGEY LOWENSTEIN S HOUSE ","34","BOGEY S KITCHEN "
"36","BOGEY S LIVING ROOM  ","35","BOGEY S LIVING ROOM "
"34","BOGEY S KITCHEN ","35","BOGEY S LIVING ROOM "
"37","BOGEY S BATHROOM ","36","BOGEY S LIVING ROOM  "
"35","BOGEY S LIVING ROOM ","36","BOGEY S LIVING ROOM  "
"40","BOGEY LOWENSTEIN S HOUSE  ","37","BOGEY S BATHROOM "
"36","BOGEY S LIVING ROOM  ","37","BOGEY S BATHROOM "
"41","KAT S CAR ","37","BOGEY S BATHROOM "
"38","BOGEY S KITCHEN  - LATER ","37","BOGEY S BATHROOM "
"39","BOGEY S DINING ROOM ","38","BOGEY S KITCHEN  - LATER "
"37","BOGEY S BATHROOM ","38","BOGEY S KITCHEN  - LATER "
"40","BOGEY LOWENSTEIN S HOUSE  ","39","BOGEY S DINING ROOM "
"38","BOGEY S KITCHEN  - LATER ","39","BOGEY S DINING ROOM "
"37","BOGEY S BATHROOM ","40","BOGEY LOWENSTEIN S HOUSE  "
"39","BOGEY S DINING ROOM ","40","BOGEY LOWENSTEIN S HOUSE  "
"37","BOGEY S BATHROOM ","41","KAT S CAR "
"7","SOPHOMORE ENGLISH CLASS","41","KAT S CAR "
"43","BIOLOGY CLASS Cameron and Michael flank Patrick ","42","KENNY S THAI FOOD DINER "
"7","SOPHOMORE ENGLISH CLASS","42","KENNY S THAI FOOD DINER "
"42","KENNY S THAI FOOD DINER ","43","BIOLOGY CLASS Cameron and Michael flank Patrick "
"3","HALLWAY- CONTINUOUS","43","BIOLOGY CLASS Cameron and Michael flank Patrick "
"45","SCHOOL COURTYARD ","44","PARKING LOT "
"3","HALLWAY- CONTINUOUS","44","PARKING LOT "
"44","PARKING LOT ","45","SCHOOL COURTYARD "
"46","ARCHERY FIELD ","45","SCHOOL COURTYARD "
"47","BOOK STORE","46","ARCHERY FIELD "
"45","SCHOOL COURTYARD ","46","ARCHERY FIELD "
"46","ARCHERY FIELD ","47","BOOK STORE"
"5"," CAFETERIA - CONTINUOUS","47","BOOK STORE"
"49","SCHOOL CAMPUS LAWN","48","DETENTION HALL"
"7","SOPHOMORE ENGLISH CLASS","48","DETENTION HALL"
"50","OUTDOOR ARCADE ","49","SCHOOL CAMPUS LAWN"
"48","DETENTION HALL","49","SCHOOL CAMPUS LAWN"
"49","SCHOOL CAMPUS LAWN","50","OUTDOOR ARCADE "
"20","STRATFORD HOUSE  ","50","OUTDOOR ARCADE "
"52","STRATFORD HOUSE/BATHROOM ","51","STREET  "
"20","STRATFORD HOUSE  ","51","STREET  "
"53","STUDY HALL","52","STRATFORD HOUSE/BATHROOM "
"51","STREET  ","52","STRATFORD HOUSE/BATHROOM "
"52","STRATFORD HOUSE/BATHROOM ","53","STUDY HALL"
"3","HALLWAY- CONTINUOUS","53","STUDY HALL"
"3","HALLWAY- CONTINUOUS","54","STRATFORD HOUSE/DEN"
"55","BIANCA S ROOM  ","54","STRATFORD HOUSE/DEN"
"20","STRATFORD HOUSE  ","55","BIANCA S ROOM  "
"54","STRATFORD HOUSE/DEN","55","BIANCA S ROOM  "
"57"," PROM  - LATER","56"," PROM "
"9"," STRATFORD HOUSE","56"," PROM "
"58","LADIES ROOM ","56"," PROM "
"27","KAT S ROOM ","56"," PROM "
"56"," PROM ","57"," PROM  - LATER"
"58","LADIES ROOM ","57"," PROM  - LATER"
"57"," PROM  - LATER","58","LADIES ROOM "
"56"," PROM ","58","LADIES ROOM "
"9"," STRATFORD HOUSE","59","CAFETERIA Kat stands grabs a box of cornflakes "
"18","HALLWAY ","59","CAFETERIA Kat stands grabs a box of cornflakes "
"15"," MISS PERKY S OFFICE ","60","PARKING LOT - MOMENTS LATER"
