"SOURCE","NAME1","TARGET","NAME2"
"114","glasses","1","bianca"
"65","boyfriend","1","bianca"
"113","walter","1","bianca"
"115","takes","1","bianca"
"91","beat","1","bianca"
"16","watch","1","bianca"
"62","forget","1","bianca"
"118","lets","1","bianca"
"11","talk","1","bianca"
"3","school","1","bianca"
"8","people","1","bianca"
"4","continuing","1","bianca"
"1","bianca","2","find"
"20","stratford","2","find"
"65","boyfriend","2","find"
"64","high","3","school"
"25","didn","3","school"
"57","home","3","school"
"56","thought","3","school"
"110","prom","4","continuing"
"26","read","4","continuing"
"11","talk","4","continuing"
"33","bitch","4","continuing"
"32","year","4","continuing"
"26","read","4","continuing"
"24","sister","4","continuing"
"87","tits","4","continuing"
"63","cameron","4","continuing"
"80","hate","4","continuing"
"34","makes","4","continuing"
"57","home","4","continuing"
"86","wanted","4","continuing"
"25","didn","4","continuing"
"46","joey","4","continuing"
"26","read","4","continuing"
"120","flash","4","continuing"
"2","find","4","continuing"
"36","care","4","continuing"
"41","fact","4","continuing"
"79","attention","5","patrick"
"71","great","5","patrick"
"39","haven","5","patrick"
"58","night","5","patrick"
"6","verona","5","patrick"
"79","attention","6","verona"
"95","gigglepuss","6","verona"
"5","patrick","6","verona"
"56","thought","8","people"
"28","time","8","people"
"3","school","8","people"
"40","hear","8","people"
"117","full","10","yeah"
"110","prom","11","talk"
"23","date","11","talk"
"110","prom","11","talk"
"24","sister","11","talk"
"58","night","11","talk"
"1","bianca","11","talk"
"80","hate","11","talk"
"1","bianca","12","guys"
"7","girls","12","guys"
"98","raincoats","12","guys"
"50","rest","12","guys"
"4","continuing","14","make"
"86","wanted","14","make"
"41","fact","14","make"
"25","didn","14","make"
"80","hate","14","make"
"4","continuing","16","watch"
"4","continuing","17","derek"
"4","continuing","19","back"
"4","continuing","20","stratford"
"26","read","20","stratford"
"77","proudly","20","stratford"
"36","care","20","stratford"
"8","people","21","matter"
"22","doesn","21","matter"
"21","matter","22","doesn"
"8","people","22","doesn"
"49","dress","23","date"
"110","prom","23","date"
"1","bianca","23","date"
"110","prom","23","date"
"26","read","24","sister"
"1","bianca","24","sister"
"4","continuing","25","didn"
"65","boyfriend","25","didn"
"14","make","25","didn"
"54","daddy","25","didn"
"111","room","25","didn"
"4","continuing","25","didn"
"56","thought","25","didn"
"109","stunned","25","didn"
"1","bianca","25","didn"
"4","continuing","25","didn"
"64","high","25","didn"
"41","fact","25","didn"
"2","find","25","didn"
"11","talk","25","didn"
"10","yeah","26","read"
"38","william","26","read"
"80","hate","26","read"
"4","continuing","26","read"
"36","care","26","read"
"4","continuing","27","asshole"
"4","continuing","28","time"
"92","found","28","time"
"73","spent","32","year"
"11","talk","32","year"
"6","verona","32","year"
"86","wanted","33","bitch"
"80","hate","34","makes"
"86","wanted","34","makes"
"33","bitch","34","makes"
"35","realize","34","makes"
"26","read","34","makes"
"4","continuing","35","realize"
"11","talk","35","realize"
"25","didn","36","care"
"4","continuing","36","care"
"26","read","36","care"
"73","spent","37","mandella"
"4","continuing","37","mandella"
"4","continuing","37","mandella"
"26","read","37","mandella"
"64","high","38","william"
"3","school","38","william"
"35","realize","38","william"
"11","talk","38","william"
"25","didn","38","william"
"58","night","39","haven"
"71","great","39","haven"
"42","english","40","hear"
"41","fact","40","hear"
"42","english","41","fact"
"21","matter","41","fact"
"11","talk","43","severely"
"35","realize","43","severely"
"38","william","43","severely"
"10","yeah","45","sock"
"47","stuff","45","sock"
"46","joey","45","sock"
"25","didn","46","joey"
"80","hate","46","joey"
"4","continuing","46","joey"
"46","joey","47","stuff"
"4","continuing","47","stuff"
"39","haven","48","reading"
"107","note","48","reading"
"48","reading","49","dress"
"39","haven","49","dress"
"51","yelling","52","head"
"19","back","52","head"
"110","prom","54","daddy"
"56","thought","54","daddy"
"58","night","54","daddy"
"14","make","54","daddy"
"23","date","54","daddy"
"14","make","56","thought"
"1","bianca","57","home"
"1","bianca","58","night"
"71","great","58","night"
"23","date","58","night"
"110","prom","58","night"
"3","school","62","forget"
"57","home","64","high"
"3","school","64","high"
"34","makes","65","boyfriend"
"86","wanted","65","boyfriend"
"33","bitch","65","boyfriend"
"4","continuing","66","love"
"107","note","66","love"
"81","eyes","66","love"
"48","reading","66","love"
"28","time","71","great"
"27","asshole","71","great"
"4","continuing","71","great"
"92","found","71","great"
"1","bianca","76","pick"
"64","high","80","hate"
"3","school","80","hate"
"41","fact","80","hate"
"25","didn","80","hate"
"4","continuing","80","hate"
"57","home","80","hate"
"48","reading","81","eyes"
"107","note","81","eyes"
"11","talk","86","wanted"
"2","find","87","tits"
"39","haven","89","bogey"
"57","home","90","kiss"
"4","continuing","91","beat"
"2","find","93","miss"
"20","stratford","93","miss"
"95","gigglepuss","94","club"
"58","night","95","gigglepuss"
"7","girls","97","short"
"90","kiss","106","dance"
"57","home","106","dance"
"35","realize","108","puts"
"1","bianca","110","prom"
"58","night","110","prom"
"61","quick","110","prom"
"11","talk","111","room"
"113","walter","114","glasses"
"115","takes","114","glasses"
"113","walter","115","takes"
"16","watch","118","lets"
"4","continuing","118","lets"
"2","find","120","flash"
"87","tits","120","flash"
