"SOURCE","NAME1","TARGET","NAME2"
"4","CHRISTINE","7","THE GHOST"
"19","VOICE","7","THE GHOST"
"41","MILTON ","7","THE GHOST"
"5","VOICE","7","THE GHOST"
"11","DETECTIVE KINCAID","7","THE GHOST"
"25","SIDNEY","7","THE GHOST"
"44","COP","7","THE GHOST"
"9","ROMAN","7","THE GHOST"
"18","ANGELINA","7","THE GHOST"
"10","GALE","7","THE GHOST"
"45","COP 2","7","THE GHOST"
"21","JENNIFER","7","THE GHOST"
"32","DEWEY/GALE","7","THE GHOST"
"30","DETECTIVE WALLACE","7","THE GHOST"
"10","GALE","7","THE GHOST"
"6","RECORDED MESSAGE","7","THE GHOST"
"47","ROMAN ","7","THE GHOST"
"22","MILTON","7","THE GHOST"
"39","MAN","7","THE GHOST"
"5","VOICE","7","THE GHOST"
"31","GHOST","7","THE GHOST"
"43","PHONE SIDNEY","7","THE GHOST"
"1","BEN","7","THE GHOST"
"15","DEWEY","7","THE GHOST"
"10","GALE","7","THE GHOST"
"42","SIDNEY'S VOICE","7","THE GHOST"
"46","DEWEY","7","THE GHOST"
"9","ROMAN","7","THE GHOST"
"40","DEWEY/JENNIFER","7","THE GHOST"
"40","DEWEY/JENNIFER","10","GALE"
"11","DETECTIVE KINCAID","10","GALE"
"9","ROMAN","10","GALE"
"22","MILTON","10","GALE"
"30","DETECTIVE WALLACE","10","GALE"
"14","TOM","10","GALE"
"18","ANGELINA","10","GALE"
"29","SECURITY GUARD","10","GALE"
"31","GHOST","10","GALE"
"9","ROMAN","10","GALE"
"17","TYSON","10","GALE"
"5","VOICE","10","GALE"
"35","KAREN","10","GALE"
"41","MILTON ","10","GALE"
"5","VOICE","10","GALE"
"15","DEWEY","10","GALE"
"5","VOICE","10","GALE"
"45","COP 2","10","GALE"
"11","DETECTIVE KINCAID","10","GALE"
"46","DEWEY","10","GALE"
"20","WOMAN","10","GALE"
"47","ROMAN ","10","GALE"
"6","RECORDED MESSAGE","10","GALE"
"21","JENNIFER","10","GALE"
"25","SIDNEY","10","GALE"
"11","DETECTIVE KINCAID","10","GALE"
"27","REPORTER","10","GALE"
"11","DETECTIVE KINCAID","10","GALE"
"16","SARAH","10","GALE"
"17","TYSON","10","GALE"
"15","DEWEY","10","GALE"
"25","SIDNEY","10","GALE"
"18","ANGELINA","10","GALE"
"26","OPERATOR","10","GALE"
"1","BEN","10","GALE"
"10","GALE","10","GALE"
"14","TOM","10","GALE"
"15","DEWEY","10","GALE"
"36","RANDY","10","GALE"
"19","VOICE","10","GALE"
"22","MILTON","10","GALE"
"21","JENNIFER","10","GALE"
"31","GHOST","10","GALE"
"30","DETECTIVE WALLACE","10","GALE"
"16","SARAH","10","GALE"
"32","DEWEY/GALE","10","GALE"
"24","SECURITY GAURD","10","GALE"
"7","THE GHOST","10","GALE"
"30","DETECTIVE WALLACE","10","GALE"
"10","GALE","10","GALE"
"32","DEWEY/GALE","10","GALE"
"9","ROMAN","10","GALE"
"28","STAN","10","GALE"
"7","THE GHOST","10","GALE"
"4","CHRISTINE","10","GALE"
"33","SIDNEY'S ANSWERING MACHINE","10","GALE"
"39","MAN","10","GALE"
"23","BUDDY","10","GALE"
"38","GALE/JENNIFER","10","GALE"
"34","SIDNEY ","10","GALE"
"37","BIANCA","10","GALE"
"19","VOICE","10","GALE"
"10","GALE","10","GALE"
"18","ANGELINA","10","GALE"
"44","COP","10","GALE"
"42","SIDNEY'S VOICE","10","GALE"
"48","DEWEY","10","GALE"
"25","SIDNEY","10","GALE"
"15","DEWEY","10","GALE"
"9","ROMAN","10","GALE"
"43","PHONE SIDNEY","10","GALE"
"46","DEWEY","9","ROMAN"
"19","VOICE","9","ROMAN"
"5","VOICE","9","ROMAN"
"29","SECURITY GUARD","9","ROMAN"
"5","VOICE","9","ROMAN"
"10","GALE","9","ROMAN"
"20","WOMAN","9","ROMAN"
"23","BUDDY","9","ROMAN"
"11","DETECTIVE KINCAID","9","ROMAN"
"11","DETECTIVE KINCAID","9","ROMAN"
"31","GHOST","9","ROMAN"
"10","GALE","9","ROMAN"
"4","CHRISTINE","9","ROMAN"
"18","ANGELINA","9","ROMAN"
"10","GALE","9","ROMAN"
"10","GALE","9","ROMAN"
"6","RECORDED MESSAGE","9","ROMAN"
"35","KAREN","9","ROMAN"
"47","ROMAN ","9","ROMAN"
"39","MAN","9","ROMAN"
"28","STAN","9","ROMAN"
"22","MILTON","9","ROMAN"
"32","DEWEY/GALE","9","ROMAN"
"14","TOM","9","ROMAN"
"1","BEN","9","ROMAN"
"22","MILTON","9","ROMAN"
"10","GALE","9","ROMAN"
"14","TOM","9","ROMAN"
"21","JENNIFER","9","ROMAN"
"7","THE GHOST","9","ROMAN"
"24","SECURITY GAURD","9","ROMAN"
"18","ANGELINA","9","ROMAN"
"18","ANGELINA","9","ROMAN"
"19","VOICE","9","ROMAN"
"11","DETECTIVE KINCAID","9","ROMAN"
"41","MILTON ","9","ROMAN"
"17","TYSON","9","ROMAN"
"31","GHOST","9","ROMAN"
"33","SIDNEY'S ANSWERING MACHINE","9","ROMAN"
"36","RANDY","9","ROMAN"
"45","COP 2","9","ROMAN"
"30","DETECTIVE WALLACE","9","ROMAN"
"5","VOICE","9","ROMAN"
"30","DETECTIVE WALLACE","9","ROMAN"
"17","TYSON","9","ROMAN"
"40","DEWEY/JENNIFER","9","ROMAN"
"15","DEWEY","9","ROMAN"
"34","SIDNEY ","9","ROMAN"
"15","DEWEY","9","ROMAN"
"7","THE GHOST","9","ROMAN"
"16","SARAH","9","ROMAN"
"10","GALE","9","ROMAN"
"11","DETECTIVE KINCAID","9","ROMAN"
"42","SIDNEY'S VOICE","9","ROMAN"
"32","DEWEY/GALE","9","ROMAN"
"43","PHONE SIDNEY","9","ROMAN"
"10","GALE","9","ROMAN"
"26","OPERATOR","9","ROMAN"
"15","DEWEY","9","ROMAN"
"25","SIDNEY","9","ROMAN"
"37","BIANCA","9","ROMAN"
"44","COP","9","ROMAN"
"38","GALE/JENNIFER","9","ROMAN"
"21","JENNIFER","9","ROMAN"
"27","REPORTER","9","ROMAN"
"16","SARAH","9","ROMAN"
"25","SIDNEY","9","ROMAN"
"10","GALE","10","GALE"
"17","TYSON","10","GALE"
"19","VOICE","10","GALE"
"11","DETECTIVE KINCAID","10","GALE"
"9","ROMAN","10","GALE"
"16","SARAH","10","GALE"
"18","ANGELINA","10","GALE"
"10","GALE","10","GALE"
"11","DETECTIVE KINCAID","10","GALE"
"15","DEWEY","10","GALE"
"14","TOM","10","GALE"
"10","GALE","11","DETECTIVE KINCAID"
"18","ANGELINA","11","DETECTIVE KINCAID"
"21","JENNIFER","11","DETECTIVE KINCAID"
"46","DEWEY","11","DETECTIVE KINCAID"
"10","GALE","11","DETECTIVE KINCAID"
"15","DEWEY","11","DETECTIVE KINCAID"
"10","GALE","11","DETECTIVE KINCAID"
"9","ROMAN","11","DETECTIVE KINCAID"
"5","VOICE","11","DETECTIVE KINCAID"
"18","ANGELINA","11","DETECTIVE KINCAID"
"24","SECURITY GAURD","11","DETECTIVE KINCAID"
"9","ROMAN","11","DETECTIVE KINCAID"
"16","SARAH","11","DETECTIVE KINCAID"
"41","MILTON ","11","DETECTIVE KINCAID"
"31","GHOST","11","DETECTIVE KINCAID"
"19","VOICE","11","DETECTIVE KINCAID"
"30","DETECTIVE WALLACE","11","DETECTIVE KINCAID"
"18","ANGELINA","11","DETECTIVE KINCAID"
"47","ROMAN ","11","DETECTIVE KINCAID"
"19","VOICE","11","DETECTIVE KINCAID"
"25","SIDNEY","11","DETECTIVE KINCAID"
"30","DETECTIVE WALLACE","11","DETECTIVE KINCAID"
"20","WOMAN","11","DETECTIVE KINCAID"
"34","SIDNEY ","11","DETECTIVE KINCAID"
"32","DEWEY/GALE","11","DETECTIVE KINCAID"
"26","OPERATOR","11","DETECTIVE KINCAID"
"31","GHOST","11","DETECTIVE KINCAID"
"11","DETECTIVE KINCAID","11","DETECTIVE KINCAID"
"7","THE GHOST","11","DETECTIVE KINCAID"
"40","DEWEY/JENNIFER","11","DETECTIVE KINCAID"
"14","TOM","11","DETECTIVE KINCAID"
"35","KAREN","11","DETECTIVE KINCAID"
"45","COP 2","11","DETECTIVE KINCAID"
"10","GALE","11","DETECTIVE KINCAID"
"44","COP","11","DETECTIVE KINCAID"
"17","TYSON","11","DETECTIVE KINCAID"
"14","TOM","11","DETECTIVE KINCAID"
"16","SARAH","11","DETECTIVE KINCAID"
"25","SIDNEY","11","DETECTIVE KINCAID"
"28","STAN","11","DETECTIVE KINCAID"
"22","MILTON","11","DETECTIVE KINCAID"
"10","GALE","11","DETECTIVE KINCAID"
"32","DEWEY/GALE","11","DETECTIVE KINCAID"
"38","GALE/JENNIFER","11","DETECTIVE KINCAID"
"23","BUDDY","11","DETECTIVE KINCAID"
"43","PHONE SIDNEY","11","DETECTIVE KINCAID"
"10","GALE","11","DETECTIVE KINCAID"
"42","SIDNEY'S VOICE","11","DETECTIVE KINCAID"
"22","MILTON","11","DETECTIVE KINCAID"
"29","SECURITY GUARD","11","DETECTIVE KINCAID"
"39","MAN","11","DETECTIVE KINCAID"
"21","JENNIFER","11","DETECTIVE KINCAID"
"17","TYSON","11","DETECTIVE KINCAID"
"15","DEWEY","11","DETECTIVE KINCAID"
"37","BIANCA","11","DETECTIVE KINCAID"
"36","RANDY","11","DETECTIVE KINCAID"
"33","SIDNEY'S ANSWERING MACHINE","11","DETECTIVE KINCAID"
"15","DEWEY","11","DETECTIVE KINCAID"
"5","VOICE","11","DETECTIVE KINCAID"
"27","REPORTER","11","DETECTIVE KINCAID"
"9","ROMAN","11","DETECTIVE KINCAID"
"11","DETECTIVE KINCAID","10","GALE"
"44","COP","10","GALE"
"47","ROMAN ","10","GALE"
"40","DEWEY/JENNIFER","10","GALE"
"18","ANGELINA","10","GALE"
"45","COP 2","10","GALE"
"25","SIDNEY","10","GALE"
"11","DETECTIVE KINCAID","10","GALE"
"7","THE GHOST","10","GALE"
"9","ROMAN","10","GALE"
"31","GHOST","10","GALE"
"10","GALE","10","GALE"
"30","DETECTIVE WALLACE","10","GALE"
"10","GALE","10","GALE"
"22","MILTON","10","GALE"
"32","DEWEY/GALE","10","GALE"
"15","DEWEY","10","GALE"
"15","DEWEY","10","GALE"
"21","JENNIFER","10","GALE"
"19","VOICE","10","GALE"
"10","GALE","10","GALE"
"46","DEWEY","10","GALE"
"9","ROMAN","10","GALE"
"17","TYSON","10","GALE"
"18","ANGELINA","10","GALE"
"43","PHONE SIDNEY","10","GALE"
"41","MILTON ","10","GALE"
"42","SIDNEY'S VOICE","10","GALE"
"39","MAN","10","GALE"
"5","VOICE","10","GALE"
"11","DETECTIVE KINCAID","10","GALE"
"16","SARAH","10","GALE"
"19","VOICE","10","GALE"
"14","TOM","10","GALE"
"18","ANGELINA","11","DETECTIVE KINCAID"
"16","SARAH","11","DETECTIVE KINCAID"
"14","TOM","11","DETECTIVE KINCAID"
"9","ROMAN","11","DETECTIVE KINCAID"
"15","DEWEY","11","DETECTIVE KINCAID"
"10","GALE","11","DETECTIVE KINCAID"
"10","GALE","11","DETECTIVE KINCAID"
"10","GALE","11","DETECTIVE KINCAID"
"11","DETECTIVE KINCAID","11","DETECTIVE KINCAID"
"17","TYSON","11","DETECTIVE KINCAID"
"19","VOICE","11","DETECTIVE KINCAID"
"10","GALE","14","TOM"
"37","BIANCA","14","TOM"
"18","ANGELINA","14","TOM"
"10","GALE","14","TOM"
"31","GHOST","14","TOM"
"30","DETECTIVE WALLACE","14","TOM"
"16","SARAH","14","TOM"
"10","GALE","14","TOM"
"25","SIDNEY","14","TOM"
"9","ROMAN","14","TOM"
"5","VOICE","14","TOM"
"21","JENNIFER","14","TOM"
"10","GALE","14","TOM"
"26","OPERATOR","14","TOM"
"16","SARAH","14","TOM"
"22","MILTON","14","TOM"
"27","REPORTER","14","TOM"
"15","DEWEY","14","TOM"
"11","DETECTIVE KINCAID","14","TOM"
"29","SECURITY GUARD","14","TOM"
"36","RANDY","14","TOM"
"18","ANGELINA","14","TOM"
"17","TYSON","14","TOM"
"28","STAN","14","TOM"
"23","BUDDY","14","TOM"
"38","GALE/JENNIFER","14","TOM"
"15","DEWEY","14","TOM"
"32","DEWEY/GALE","14","TOM"
"17","TYSON","14","TOM"
"19","VOICE","14","TOM"
"11","DETECTIVE KINCAID","14","TOM"
"33","SIDNEY'S ANSWERING MACHINE","14","TOM"
"20","WOMAN","14","TOM"
"11","DETECTIVE KINCAID","14","TOM"
"34","SIDNEY ","14","TOM"
"35","KAREN","14","TOM"
"9","ROMAN","14","TOM"
"24","SECURITY GAURD","14","TOM"
"16","SARAH","15","DEWEY"
"21","JENNIFER","15","DEWEY"
"10","GALE","15","DEWEY"
"10","GALE","15","DEWEY"
"18","ANGELINA","15","DEWEY"
"10","GALE","15","DEWEY"
"24","SECURITY GAURD","15","DEWEY"
"10","GALE","15","DEWEY"
"45","COP 2","15","DEWEY"
"23","BUDDY","15","DEWEY"
"21","JENNIFER","15","DEWEY"
"14","TOM","15","DEWEY"
"30","DETECTIVE WALLACE","15","DEWEY"
"17","TYSON","15","DEWEY"
"38","GALE/JENNIFER","15","DEWEY"
"30","DETECTIVE WALLACE","15","DEWEY"
"31","GHOST","15","DEWEY"
"10","GALE","15","DEWEY"
"11","DETECTIVE KINCAID","15","DEWEY"
"18","ANGELINA","15","DEWEY"
"22","MILTON","15","DEWEY"
"33","SIDNEY'S ANSWERING MACHINE","15","DEWEY"
"25","SIDNEY","15","DEWEY"
"18","ANGELINA","15","DEWEY"
"14","TOM","15","DEWEY"
"42","SIDNEY'S VOICE","15","DEWEY"
"47","ROMAN ","15","DEWEY"
"29","SECURITY GUARD","15","DEWEY"
"39","MAN","15","DEWEY"
"36","RANDY","15","DEWEY"
"27","REPORTER","15","DEWEY"
"30","DETECTIVE WALLACE","15","DEWEY"
"11","DETECTIVE KINCAID","15","DEWEY"
"22","MILTON","15","DEWEY"
"7","THE GHOST","15","DEWEY"
"20","WOMAN","15","DEWEY"
"9","ROMAN","15","DEWEY"
"43","PHONE SIDNEY","15","DEWEY"
"11","DETECTIVE KINCAID","15","DEWEY"
"5","VOICE","15","DEWEY"
"34","SIDNEY ","15","DEWEY"
"31","GHOST","15","DEWEY"
"37","BIANCA","15","DEWEY"
"9","ROMAN","15","DEWEY"
"11","DETECTIVE KINCAID","15","DEWEY"
"41","MILTON ","15","DEWEY"
"19","VOICE","15","DEWEY"
"48","DEWEY","15","DEWEY"
"9","ROMAN","15","DEWEY"
"44","COP","15","DEWEY"
"5","VOICE","15","DEWEY"
"17","TYSON","15","DEWEY"
"16","SARAH","15","DEWEY"
"35","KAREN","15","DEWEY"
"25","SIDNEY","15","DEWEY"
"10","GALE","15","DEWEY"
"26","OPERATOR","15","DEWEY"
"19","VOICE","15","DEWEY"
"25","SIDNEY","15","DEWEY"
"10","GALE","15","DEWEY"
"32","DEWEY/GALE","15","DEWEY"
"46","DEWEY","15","DEWEY"
"40","DEWEY/JENNIFER","15","DEWEY"
"28","STAN","15","DEWEY"
"32","DEWEY/GALE","15","DEWEY"
"9","ROMAN","16","SARAH"
"17","TYSON","16","SARAH"
"5","VOICE","16","SARAH"
"31","GHOST","16","SARAH"
"20","WOMAN","16","SARAH"
"24","SECURITY GAURD","16","SARAH"
"15","DEWEY","16","SARAH"
"38","GALE/JENNIFER","16","SARAH"
"29","SECURITY GUARD","16","SARAH"
"36","RANDY","16","SARAH"
"25","SIDNEY","16","SARAH"
"26","OPERATOR","16","SARAH"
"17","TYSON","16","SARAH"
"33","SIDNEY'S ANSWERING MACHINE","16","SARAH"
"30","DETECTIVE WALLACE","16","SARAH"
"21","JENNIFER","16","SARAH"
"37","BIANCA","16","SARAH"
"10","GALE","16","SARAH"
"10","GALE","16","SARAH"
"28","STAN","16","SARAH"
"19","VOICE","16","SARAH"
"14","TOM","16","SARAH"
"11","DETECTIVE KINCAID","16","SARAH"
"11","DETECTIVE KINCAID","16","SARAH"
"18","ANGELINA","16","SARAH"
"15","DEWEY","16","SARAH"
"18","ANGELINA","16","SARAH"
"35","KAREN","16","SARAH"
"27","REPORTER","16","SARAH"
"23","BUDDY","16","SARAH"
"11","DETECTIVE KINCAID","16","SARAH"
"14","TOM","16","SARAH"
"9","ROMAN","16","SARAH"
"22","MILTON","16","SARAH"
"10","GALE","16","SARAH"
"32","DEWEY/GALE","16","SARAH"
"34","SIDNEY ","16","SARAH"
"10","GALE","16","SARAH"
"34","SIDNEY ","17","TYSON"
"32","DEWEY/GALE","17","TYSON"
"14","TOM","17","TYSON"
"38","GALE/JENNIFER","17","TYSON"
"5","VOICE","17","TYSON"
"21","JENNIFER","17","TYSON"
"11","DETECTIVE KINCAID","17","TYSON"
"26","OPERATOR","17","TYSON"
"18","ANGELINA","17","TYSON"
"9","ROMAN","17","TYSON"
"35","KAREN","17","TYSON"
"36","RANDY","17","TYSON"
"10","GALE","17","TYSON"
"20","WOMAN","17","TYSON"
"33","SIDNEY'S ANSWERING MACHINE","17","TYSON"
"18","ANGELINA","17","TYSON"
"15","DEWEY","17","TYSON"
"23","BUDDY","17","TYSON"
"27","REPORTER","17","TYSON"
"9","ROMAN","17","TYSON"
"31","GHOST","17","TYSON"
"11","DETECTIVE KINCAID","17","TYSON"
"14","TOM","17","TYSON"
"16","SARAH","17","TYSON"
"28","STAN","17","TYSON"
"29","SECURITY GUARD","17","TYSON"
"25","SIDNEY","17","TYSON"
"19","VOICE","17","TYSON"
"22","MILTON","17","TYSON"
"10","GALE","17","TYSON"
"10","GALE","17","TYSON"
"16","SARAH","17","TYSON"
"11","DETECTIVE KINCAID","17","TYSON"
"30","DETECTIVE WALLACE","17","TYSON"
"15","DEWEY","17","TYSON"
"37","BIANCA","17","TYSON"
"10","GALE","17","TYSON"
"24","SECURITY GAURD","17","TYSON"
"10","GALE","18","ANGELINA"
"35","KAREN","18","ANGELINA"
"43","PHONE SIDNEY","18","ANGELINA"
"10","GALE","18","ANGELINA"
"5","VOICE","18","ANGELINA"
"29","SECURITY GUARD","18","ANGELINA"
"10","GALE","18","ANGELINA"
"32","DEWEY/GALE","18","ANGELINA"
"14","TOM","18","ANGELINA"
"41","MILTON ","18","ANGELINA"
"30","DETECTIVE WALLACE","18","ANGELINA"
"46","DEWEY","18","ANGELINA"
"10","GALE","18","ANGELINA"
"20","WOMAN","18","ANGELINA"
"21","JENNIFER","18","ANGELINA"
"11","DETECTIVE KINCAID","18","ANGELINA"
"17","TYSON","18","ANGELINA"
"33","SIDNEY'S ANSWERING MACHINE","18","ANGELINA"
"34","SIDNEY ","18","ANGELINA"
"10","GALE","18","ANGELINA"
"31","GHOST","18","ANGELINA"
"19","VOICE","18","ANGELINA"
"21","JENNIFER","18","ANGELINA"
"42","SIDNEY'S VOICE","18","ANGELINA"
"5","VOICE","18","ANGELINA"
"19","VOICE","18","ANGELINA"
"9","ROMAN","18","ANGELINA"
"22","MILTON","18","ANGELINA"
"47","ROMAN ","18","ANGELINA"
"14","TOM","18","ANGELINA"
"24","SECURITY GAURD","18","ANGELINA"
"31","GHOST","18","ANGELINA"
"16","SARAH","18","ANGELINA"
"17","TYSON","18","ANGELINA"
"15","DEWEY","18","ANGELINA"
"27","REPORTER","18","ANGELINA"
"26","OPERATOR","18","ANGELINA"
"10","GALE","18","ANGELINA"
"9","ROMAN","18","ANGELINA"
"11","DETECTIVE KINCAID","18","ANGELINA"
"36","RANDY","18","ANGELINA"
"44","COP","18","ANGELINA"
"45","COP 2","18","ANGELINA"
"40","DEWEY/JENNIFER","18","ANGELINA"
"11","DETECTIVE KINCAID","18","ANGELINA"
"32","DEWEY/GALE","18","ANGELINA"
"25","SIDNEY","18","ANGELINA"
"39","MAN","18","ANGELINA"
"16","SARAH","18","ANGELINA"
"38","GALE/JENNIFER","18","ANGELINA"
"25","SIDNEY","18","ANGELINA"
"11","DETECTIVE KINCAID","18","ANGELINA"
"37","BIANCA","18","ANGELINA"
"22","MILTON","18","ANGELINA"
"15","DEWEY","18","ANGELINA"
"15","DEWEY","18","ANGELINA"
"30","DETECTIVE WALLACE","18","ANGELINA"
"9","ROMAN","18","ANGELINA"
"28","STAN","18","ANGELINA"
"23","BUDDY","18","ANGELINA"
"7","THE GHOST","18","ANGELINA"
"14","TOM","19","VOICE"
"5","VOICE","19","VOICE"
"11","DETECTIVE KINCAID","19","VOICE"
"18","ANGELINA","19","VOICE"
"15","DEWEY","19","VOICE"
"31","GHOST","19","VOICE"
"15","DEWEY","19","VOICE"
"9","ROMAN","19","VOICE"
"10","GALE","19","VOICE"
"11","DETECTIVE KINCAID","19","VOICE"
"25","SIDNEY","19","VOICE"
"9","ROMAN","19","VOICE"
"42","SIDNEY'S VOICE","19","VOICE"
"30","DETECTIVE WALLACE","19","VOICE"
"7","THE GHOST","19","VOICE"
"44","COP","19","VOICE"
"39","MAN","19","VOICE"
"47","ROMAN ","19","VOICE"
"41","MILTON ","19","VOICE"
"21","JENNIFER","19","VOICE"
"10","GALE","19","VOICE"
"17","TYSON","19","VOICE"
"40","DEWEY/JENNIFER","19","VOICE"
"32","DEWEY/GALE","19","VOICE"
"45","COP 2","19","VOICE"
"43","PHONE SIDNEY","19","VOICE"
"10","GALE","19","VOICE"
"10","GALE","19","VOICE"
"16","SARAH","19","VOICE"
"22","MILTON","19","VOICE"
"46","DEWEY","19","VOICE"
"18","ANGELINA","19","VOICE"
"10","GALE","19","VOICE"
"11","DETECTIVE KINCAID","19","VOICE"
"23","BUDDY","20","WOMAN"
"33","SIDNEY'S ANSWERING MACHINE","20","WOMAN"
"28","STAN","20","WOMAN"
"30","DETECTIVE WALLACE","20","WOMAN"
"34","SIDNEY ","20","WOMAN"
"5","VOICE","20","WOMAN"
"37","BIANCA","20","WOMAN"
"31","GHOST","20","WOMAN"
"24","SECURITY GAURD","20","WOMAN"
"25","SIDNEY","20","WOMAN"
"22","MILTON","20","WOMAN"
"35","KAREN","20","WOMAN"
"29","SECURITY GUARD","20","WOMAN"
"16","SARAH","20","WOMAN"
"26","OPERATOR","20","WOMAN"
"21","JENNIFER","20","WOMAN"
"32","DEWEY/GALE","20","WOMAN"
"10","GALE","20","WOMAN"
"17","TYSON","20","WOMAN"
"9","ROMAN","20","WOMAN"
"27","REPORTER","20","WOMAN"
"36","RANDY","20","WOMAN"
"14","TOM","20","WOMAN"
"11","DETECTIVE KINCAID","20","WOMAN"
"38","GALE/JENNIFER","20","WOMAN"
"15","DEWEY","20","WOMAN"
"18","ANGELINA","20","WOMAN"
"23","BUDDY","21","JENNIFER"
"42","SIDNEY'S VOICE","21","JENNIFER"
"44","COP","21","JENNIFER"
"39","MAN","21","JENNIFER"
"18","ANGELINA","21","JENNIFER"
"17","TYSON","21","JENNIFER"
"10","GALE","21","JENNIFER"
"32","DEWEY/GALE","21","JENNIFER"
"30","DETECTIVE WALLACE","21","JENNIFER"
"9","ROMAN","21","JENNIFER"
"11","DETECTIVE KINCAID","21","JENNIFER"
"11","DETECTIVE KINCAID","21","JENNIFER"
"29","SECURITY GUARD","21","JENNIFER"
"31","GHOST","21","JENNIFER"
"22","MILTON","21","JENNIFER"
"37","BIANCA","21","JENNIFER"
"31","GHOST","21","JENNIFER"
"25","SIDNEY","21","JENNIFER"
"25","SIDNEY","21","JENNIFER"
"28","STAN","21","JENNIFER"
"15","DEWEY","21","JENNIFER"
"14","TOM","21","JENNIFER"
"18","ANGELINA","21","JENNIFER"
"41","MILTON ","21","JENNIFER"
"43","PHONE SIDNEY","21","JENNIFER"
"10","GALE","21","JENNIFER"
"30","DETECTIVE WALLACE","21","JENNIFER"
"32","DEWEY/GALE","21","JENNIFER"
"35","KAREN","21","JENNIFER"
"45","COP 2","21","JENNIFER"
"38","GALE/JENNIFER","21","JENNIFER"
"20","WOMAN","21","JENNIFER"
"10","GALE","21","JENNIFER"
"40","DEWEY/JENNIFER","21","JENNIFER"
"5","VOICE","21","JENNIFER"
"24","SECURITY GAURD","21","JENNIFER"
"27","REPORTER","21","JENNIFER"
"22","MILTON","21","JENNIFER"
"47","ROMAN ","21","JENNIFER"
"7","THE GHOST","21","JENNIFER"
"19","VOICE","21","JENNIFER"
"5","VOICE","21","JENNIFER"
"15","DEWEY","21","JENNIFER"
"36","RANDY","21","JENNIFER"
"33","SIDNEY'S ANSWERING MACHINE","21","JENNIFER"
"26","OPERATOR","21","JENNIFER"
"16","SARAH","21","JENNIFER"
"46","DEWEY","21","JENNIFER"
"34","SIDNEY ","21","JENNIFER"
"9","ROMAN","21","JENNIFER"
"47","ROMAN ","22","MILTON"
"32","DEWEY/GALE","22","MILTON"
"45","COP 2","22","MILTON"
"14","TOM","22","MILTON"
"31","GHOST","22","MILTON"
"41","MILTON ","22","MILTON"
"21","JENNIFER","22","MILTON"
"39","MAN","22","MILTON"
"17","TYSON","22","MILTON"
"19","VOICE","22","MILTON"
"15","DEWEY","22","MILTON"
"30","DETECTIVE WALLACE","22","MILTON"
"18","ANGELINA","22","MILTON"
"30","DETECTIVE WALLACE","22","MILTON"
"34","SIDNEY ","22","MILTON"
"44","COP","22","MILTON"
"18","ANGELINA","22","MILTON"
"25","SIDNEY","22","MILTON"
"10","GALE","22","MILTON"
"36","RANDY","22","MILTON"
"5","VOICE","22","MILTON"
"9","ROMAN","22","MILTON"
"33","SIDNEY'S ANSWERING MACHINE","22","MILTON"
"11","DETECTIVE KINCAID","22","MILTON"
"15","DEWEY","22","MILTON"
"32","DEWEY/GALE","22","MILTON"
"40","DEWEY/JENNIFER","22","MILTON"
"46","DEWEY","22","MILTON"
"28","STAN","22","MILTON"
"43","PHONE SIDNEY","22","MILTON"
"10","GALE","22","MILTON"
"10","GALE","22","MILTON"
"31","GHOST","22","MILTON"
"20","WOMAN","22","MILTON"
"11","DETECTIVE KINCAID","22","MILTON"
"7","THE GHOST","22","MILTON"
"29","SECURITY GUARD","22","MILTON"
"9","ROMAN","22","MILTON"
"37","BIANCA","22","MILTON"
"38","GALE/JENNIFER","22","MILTON"
"16","SARAH","22","MILTON"
"5","VOICE","22","MILTON"
"42","SIDNEY'S VOICE","22","MILTON"
"27","REPORTER","22","MILTON"
"25","SIDNEY","22","MILTON"
"35","KAREN","22","MILTON"
"23","BUDDY","22","MILTON"
"24","SECURITY GAURD","22","MILTON"
"21","JENNIFER","22","MILTON"
"26","OPERATOR","22","MILTON"
"10","GALE","23","BUDDY"
"15","DEWEY","23","BUDDY"
"20","WOMAN","23","BUDDY"
"37","BIANCA","23","BUDDY"
"34","SIDNEY ","23","BUDDY"
"9","ROMAN","23","BUDDY"
"5","VOICE","23","BUDDY"
"27","REPORTER","23","BUDDY"
"24","SECURITY GAURD","23","BUDDY"
"16","SARAH","23","BUDDY"
"28","STAN","23","BUDDY"
"26","OPERATOR","23","BUDDY"
"30","DETECTIVE WALLACE","23","BUDDY"
"32","DEWEY/GALE","23","BUDDY"
"38","GALE/JENNIFER","23","BUDDY"
"25","SIDNEY","23","BUDDY"
"35","KAREN","23","BUDDY"
"29","SECURITY GUARD","23","BUDDY"
"33","SIDNEY'S ANSWERING MACHINE","23","BUDDY"
"21","JENNIFER","23","BUDDY"
"14","TOM","23","BUDDY"
"17","TYSON","23","BUDDY"
"22","MILTON","23","BUDDY"
"31","GHOST","23","BUDDY"
"36","RANDY","23","BUDDY"
"11","DETECTIVE KINCAID","23","BUDDY"
"18","ANGELINA","23","BUDDY"
"32","DEWEY/GALE","24","SECURITY GAURD"
"27","REPORTER","24","SECURITY GAURD"
"14","TOM","24","SECURITY GAURD"
"25","SIDNEY","24","SECURITY GAURD"
"38","GALE/JENNIFER","24","SECURITY GAURD"
"11","DETECTIVE KINCAID","24","SECURITY GAURD"
"26","OPERATOR","24","SECURITY GAURD"
"33","SIDNEY'S ANSWERING MACHINE","24","SECURITY GAURD"
"20","WOMAN","24","SECURITY GAURD"
"28","STAN","24","SECURITY GAURD"
"16","SARAH","24","SECURITY GAURD"
"22","MILTON","24","SECURITY GAURD"
"17","TYSON","24","SECURITY GAURD"
"18","ANGELINA","24","SECURITY GAURD"
"36","RANDY","24","SECURITY GAURD"
"35","KAREN","24","SECURITY GAURD"
"10","GALE","24","SECURITY GAURD"
"21","JENNIFER","24","SECURITY GAURD"
"30","DETECTIVE WALLACE","24","SECURITY GAURD"
"34","SIDNEY ","24","SECURITY GAURD"
"31","GHOST","24","SECURITY GAURD"
"29","SECURITY GUARD","24","SECURITY GAURD"
"23","BUDDY","24","SECURITY GAURD"
"5","VOICE","24","SECURITY GAURD"
"9","ROMAN","24","SECURITY GAURD"
"15","DEWEY","24","SECURITY GAURD"
"37","BIANCA","24","SECURITY GAURD"
"30","DETECTIVE WALLACE","25","SIDNEY"
"7","THE GHOST","25","SIDNEY"
"19","VOICE","25","SIDNEY"
"15","DEWEY","25","SIDNEY"
"17","TYSON","25","SIDNEY"
"21","JENNIFER","25","SIDNEY"
"10","GALE","25","SIDNEY"
"33","SIDNEY'S ANSWERING MACHINE","25","SIDNEY"
"11","DETECTIVE KINCAID","25","SIDNEY"
"22","MILTON","25","SIDNEY"
"38","GALE/JENNIFER","25","SIDNEY"
"30","DETECTIVE WALLACE","25","SIDNEY"
"44","COP","25","SIDNEY"
"16","SARAH","25","SIDNEY"
"27","REPORTER","25","SIDNEY"
"26","OPERATOR","25","SIDNEY"
"41","MILTON ","25","SIDNEY"
"47","ROMAN ","25","SIDNEY"
"31","GHOST","25","SIDNEY"
"23","BUDDY","25","SIDNEY"
"35","KAREN","25","SIDNEY"
"22","MILTON","25","SIDNEY"
"40","DEWEY/JENNIFER","25","SIDNEY"
"14","TOM","25","SIDNEY"
"15","DEWEY","25","SIDNEY"
"45","COP 2","25","SIDNEY"
"36","RANDY","25","SIDNEY"
"9","ROMAN","25","SIDNEY"
"20","WOMAN","25","SIDNEY"
"37","BIANCA","25","SIDNEY"
"32","DEWEY/GALE","25","SIDNEY"
"10","GALE","25","SIDNEY"
"30","DETECTIVE WALLACE","25","SIDNEY"
"18","ANGELINA","25","SIDNEY"
"42","SIDNEY'S VOICE","25","SIDNEY"
"10","GALE","25","SIDNEY"
"32","DEWEY/GALE","25","SIDNEY"
"46","DEWEY","25","SIDNEY"
"29","SECURITY GUARD","25","SIDNEY"
"18","ANGELINA","25","SIDNEY"
"28","STAN","25","SIDNEY"
"5","VOICE","25","SIDNEY"
"24","SECURITY GAURD","25","SIDNEY"
"39","MAN","25","SIDNEY"
"21","JENNIFER","25","SIDNEY"
"10","GALE","25","SIDNEY"
"9","ROMAN","25","SIDNEY"
"43","PHONE SIDNEY","25","SIDNEY"
"48","DEWEY","25","SIDNEY"
"31","GHOST","25","SIDNEY"
"5","VOICE","25","SIDNEY"
"15","DEWEY","25","SIDNEY"
"34","SIDNEY ","25","SIDNEY"
"11","DETECTIVE KINCAID","25","SIDNEY"
"32","DEWEY/GALE","26","OPERATOR"
"15","DEWEY","26","OPERATOR"
"35","KAREN","26","OPERATOR"
"34","SIDNEY ","26","OPERATOR"
"10","GALE","26","OPERATOR"
"14","TOM","26","OPERATOR"
"29","SECURITY GUARD","26","OPERATOR"
"16","SARAH","26","OPERATOR"
"36","RANDY","26","OPERATOR"
"9","ROMAN","26","OPERATOR"
"23","BUDDY","26","OPERATOR"
"30","DETECTIVE WALLACE","26","OPERATOR"
"5","VOICE","26","OPERATOR"
"38","GALE/JENNIFER","26","OPERATOR"
"24","SECURITY GAURD","26","OPERATOR"
"18","ANGELINA","26","OPERATOR"
"17","TYSON","26","OPERATOR"
"27","REPORTER","26","OPERATOR"
"37","BIANCA","26","OPERATOR"
"11","DETECTIVE KINCAID","26","OPERATOR"
"28","STAN","26","OPERATOR"
"20","WOMAN","26","OPERATOR"
"31","GHOST","26","OPERATOR"
"21","JENNIFER","26","OPERATOR"
"25","SIDNEY","26","OPERATOR"
"22","MILTON","26","OPERATOR"
"33","SIDNEY'S ANSWERING MACHINE","26","OPERATOR"
"38","GALE/JENNIFER","27","REPORTER"
"26","OPERATOR","27","REPORTER"
"35","KAREN","27","REPORTER"
"14","TOM","27","REPORTER"
"36","RANDY","27","REPORTER"
"29","SECURITY GUARD","27","REPORTER"
"18","ANGELINA","27","REPORTER"
"25","SIDNEY","27","REPORTER"
"28","STAN","27","REPORTER"
"37","BIANCA","27","REPORTER"
"23","BUDDY","27","REPORTER"
"17","TYSON","27","REPORTER"
"16","SARAH","27","REPORTER"
"11","DETECTIVE KINCAID","27","REPORTER"
"10","GALE","27","REPORTER"
"30","DETECTIVE WALLACE","27","REPORTER"
"20","WOMAN","27","REPORTER"
"32","DEWEY/GALE","27","REPORTER"
"15","DEWEY","27","REPORTER"
"22","MILTON","27","REPORTER"
"21","JENNIFER","27","REPORTER"
"9","ROMAN","27","REPORTER"
"33","SIDNEY'S ANSWERING MACHINE","27","REPORTER"
"31","GHOST","27","REPORTER"
"24","SECURITY GAURD","27","REPORTER"
"34","SIDNEY ","27","REPORTER"
"5","VOICE","27","REPORTER"
"37","BIANCA","28","STAN"
"17","TYSON","28","STAN"
"30","DETECTIVE WALLACE","28","STAN"
"26","OPERATOR","28","STAN"
"32","DEWEY/GALE","28","STAN"
"31","GHOST","28","STAN"
"10","GALE","28","STAN"
"15","DEWEY","28","STAN"
"25","SIDNEY","28","STAN"
"29","SECURITY GUARD","28","STAN"
"16","SARAH","28","STAN"
"34","SIDNEY ","28","STAN"
"9","ROMAN","28","STAN"
"27","REPORTER","28","STAN"
"23","BUDDY","28","STAN"
"11","DETECTIVE KINCAID","28","STAN"
"14","TOM","28","STAN"
"18","ANGELINA","28","STAN"
"21","JENNIFER","28","STAN"
"22","MILTON","28","STAN"
"36","RANDY","28","STAN"
"33","SIDNEY'S ANSWERING MACHINE","28","STAN"
"5","VOICE","28","STAN"
"24","SECURITY GAURD","28","STAN"
"20","WOMAN","28","STAN"
"38","GALE/JENNIFER","28","STAN"
"35","KAREN","28","STAN"
"26","OPERATOR","29","SECURITY GUARD"
"10","GALE","29","SECURITY GUARD"
"28","STAN","29","SECURITY GUARD"
"18","ANGELINA","29","SECURITY GUARD"
"30","DETECTIVE WALLACE","29","SECURITY GUARD"
"25","SIDNEY","29","SECURITY GUARD"
"14","TOM","29","SECURITY GUARD"
"37","BIANCA","29","SECURITY GUARD"
"16","SARAH","29","SECURITY GUARD"
"15","DEWEY","29","SECURITY GUARD"
"34","SIDNEY ","29","SECURITY GUARD"
"35","KAREN","29","SECURITY GUARD"
"17","TYSON","29","SECURITY GUARD"
"32","DEWEY/GALE","29","SECURITY GUARD"
"9","ROMAN","29","SECURITY GUARD"
"33","SIDNEY'S ANSWERING MACHINE","29","SECURITY GUARD"
"36","RANDY","29","SECURITY GUARD"
"11","DETECTIVE KINCAID","29","SECURITY GUARD"
"21","JENNIFER","29","SECURITY GUARD"
"31","GHOST","29","SECURITY GUARD"
"27","REPORTER","29","SECURITY GUARD"
"22","MILTON","29","SECURITY GUARD"
"38","GALE/JENNIFER","29","SECURITY GUARD"
"23","BUDDY","29","SECURITY GUARD"
"20","WOMAN","29","SECURITY GUARD"
"5","VOICE","29","SECURITY GUARD"
"24","SECURITY GAURD","29","SECURITY GUARD"
"46","DEWEY","30","DETECTIVE WALLACE"
"27","REPORTER","30","DETECTIVE WALLACE"
"42","SIDNEY'S VOICE","30","DETECTIVE WALLACE"
"35","KAREN","30","DETECTIVE WALLACE"
"22","MILTON","30","DETECTIVE WALLACE"
"7","THE GHOST","30","DETECTIVE WALLACE"
"23","BUDDY","30","DETECTIVE WALLACE"
"34","SIDNEY ","30","DETECTIVE WALLACE"
"44","COP","30","DETECTIVE WALLACE"
"21","JENNIFER","30","DETECTIVE WALLACE"
"26","OPERATOR","30","DETECTIVE WALLACE"
"45","COP 2","30","DETECTIVE WALLACE"
"10","GALE","30","DETECTIVE WALLACE"
"32","DEWEY/GALE","30","DETECTIVE WALLACE"
"18","ANGELINA","30","DETECTIVE WALLACE"
"9","ROMAN","30","DETECTIVE WALLACE"
"38","GALE/JENNIFER","30","DETECTIVE WALLACE"
"9","ROMAN","30","DETECTIVE WALLACE"
"41","MILTON ","30","DETECTIVE WALLACE"
"15","DEWEY","30","DETECTIVE WALLACE"
"40","DEWEY/JENNIFER","30","DETECTIVE WALLACE"
"15","DEWEY","30","DETECTIVE WALLACE"
"36","RANDY","30","DETECTIVE WALLACE"
"22","MILTON","30","DETECTIVE WALLACE"
"25","SIDNEY","30","DETECTIVE WALLACE"
"18","ANGELINA","30","DETECTIVE WALLACE"
"32","DEWEY/GALE","30","DETECTIVE WALLACE"
"17","TYSON","30","DETECTIVE WALLACE"
"10","GALE","30","DETECTIVE WALLACE"
"5","VOICE","30","DETECTIVE WALLACE"
"28","STAN","30","DETECTIVE WALLACE"
"33","SIDNEY'S ANSWERING MACHINE","30","DETECTIVE WALLACE"
"43","PHONE SIDNEY","30","DETECTIVE WALLACE"
"11","DETECTIVE KINCAID","30","DETECTIVE WALLACE"
"19","VOICE","30","DETECTIVE WALLACE"
"5","VOICE","30","DETECTIVE WALLACE"
"48","DEWEY","30","DETECTIVE WALLACE"
"31","GHOST","30","DETECTIVE WALLACE"
"29","SECURITY GUARD","30","DETECTIVE WALLACE"
"21","JENNIFER","30","DETECTIVE WALLACE"
"25","SIDNEY","30","DETECTIVE WALLACE"
"39","MAN","30","DETECTIVE WALLACE"
"10","GALE","30","DETECTIVE WALLACE"
"15","DEWEY","30","DETECTIVE WALLACE"
"47","ROMAN ","30","DETECTIVE WALLACE"
"14","TOM","30","DETECTIVE WALLACE"
"24","SECURITY GAURD","30","DETECTIVE WALLACE"
"16","SARAH","30","DETECTIVE WALLACE"
"31","GHOST","30","DETECTIVE WALLACE"
"10","GALE","30","DETECTIVE WALLACE"
"25","SIDNEY","30","DETECTIVE WALLACE"
"20","WOMAN","30","DETECTIVE WALLACE"
"11","DETECTIVE KINCAID","30","DETECTIVE WALLACE"
"37","BIANCA","30","DETECTIVE WALLACE"
"26","OPERATOR","31","GHOST"
"38","GALE/JENNIFER","31","GHOST"
"33","SIDNEY'S ANSWERING MACHINE","31","GHOST"
"41","MILTON ","31","GHOST"
"46","DEWEY","31","GHOST"
"15","DEWEY","31","GHOST"
"29","SECURITY GUARD","31","GHOST"
"22","MILTON","31","GHOST"
"5","VOICE","31","GHOST"
"10","GALE","31","GHOST"
"18","ANGELINA","31","GHOST"
"10","GALE","31","GHOST"
"14","TOM","31","GHOST"
"15","DEWEY","31","GHOST"
"36","RANDY","31","GHOST"
"39","MAN","31","GHOST"
"40","DEWEY/JENNIFER","31","GHOST"
"19","VOICE","31","GHOST"
"5","VOICE","31","GHOST"
"30","DETECTIVE WALLACE","31","GHOST"
"17","TYSON","31","GHOST"
"10","GALE","31","GHOST"
"11","DETECTIVE KINCAID","31","GHOST"
"44","COP","31","GHOST"
"18","ANGELINA","31","GHOST"
"23","BUDDY","31","GHOST"
"9","ROMAN","31","GHOST"
"21","JENNIFER","31","GHOST"
"35","KAREN","31","GHOST"
"28","STAN","31","GHOST"
"32","DEWEY/GALE","31","GHOST"
"42","SIDNEY'S VOICE","31","GHOST"
"45","COP 2","31","GHOST"
"43","PHONE SIDNEY","31","GHOST"
"20","WOMAN","31","GHOST"
"11","DETECTIVE KINCAID","31","GHOST"
"30","DETECTIVE WALLACE","31","GHOST"
"24","SECURITY GAURD","31","GHOST"
"7","THE GHOST","31","GHOST"
"32","DEWEY/GALE","31","GHOST"
"47","ROMAN ","31","GHOST"
"34","SIDNEY ","31","GHOST"
"25","SIDNEY","31","GHOST"
"21","JENNIFER","31","GHOST"
"25","SIDNEY","31","GHOST"
"37","BIANCA","31","GHOST"
"16","SARAH","31","GHOST"
"27","REPORTER","31","GHOST"
"22","MILTON","31","GHOST"
"9","ROMAN","31","GHOST"
"23","BUDDY","32","DEWEY/GALE"
"39","MAN","32","DEWEY/GALE"
"47","ROMAN ","32","DEWEY/GALE"
"11","DETECTIVE KINCAID","32","DEWEY/GALE"
"20","WOMAN","32","DEWEY/GALE"
"26","OPERATOR","32","DEWEY/GALE"
"31","GHOST","32","DEWEY/GALE"
"31","GHOST","32","DEWEY/GALE"
"10","GALE","32","DEWEY/GALE"
"15","DEWEY","32","DEWEY/GALE"
"10","GALE","32","DEWEY/GALE"
"43","PHONE SIDNEY","32","DEWEY/GALE"
"11","DETECTIVE KINCAID","32","DEWEY/GALE"
"22","MILTON","32","DEWEY/GALE"
"42","SIDNEY'S VOICE","32","DEWEY/GALE"
"18","ANGELINA","32","DEWEY/GALE"
"15","DEWEY","32","DEWEY/GALE"
"25","SIDNEY","32","DEWEY/GALE"
"14","TOM","32","DEWEY/GALE"
"40","DEWEY/JENNIFER","32","DEWEY/GALE"
"34","SIDNEY ","32","DEWEY/GALE"
"21","JENNIFER","32","DEWEY/GALE"
"17","TYSON","32","DEWEY/GALE"
"41","MILTON ","32","DEWEY/GALE"
"5","VOICE","32","DEWEY/GALE"
"30","DETECTIVE WALLACE","32","DEWEY/GALE"
"38","GALE/JENNIFER","32","DEWEY/GALE"
"10","GALE","32","DEWEY/GALE"
"29","SECURITY GUARD","32","DEWEY/GALE"
"16","SARAH","32","DEWEY/GALE"
"19","VOICE","32","DEWEY/GALE"
"22","MILTON","32","DEWEY/GALE"
"35","KAREN","32","DEWEY/GALE"
"30","DETECTIVE WALLACE","32","DEWEY/GALE"
"25","SIDNEY","32","DEWEY/GALE"
"24","SECURITY GAURD","32","DEWEY/GALE"
"45","COP 2","32","DEWEY/GALE"
"33","SIDNEY'S ANSWERING MACHINE","32","DEWEY/GALE"
"7","THE GHOST","32","DEWEY/GALE"
"27","REPORTER","32","DEWEY/GALE"
"9","ROMAN","32","DEWEY/GALE"
"9","ROMAN","32","DEWEY/GALE"
"37","BIANCA","32","DEWEY/GALE"
"21","JENNIFER","32","DEWEY/GALE"
"46","DEWEY","32","DEWEY/GALE"
"28","STAN","32","DEWEY/GALE"
"5","VOICE","32","DEWEY/GALE"
"18","ANGELINA","32","DEWEY/GALE"
"44","COP","32","DEWEY/GALE"
"36","RANDY","32","DEWEY/GALE"
"37","BIANCA","33","SIDNEY'S ANSWERING MACHINE"
"28","STAN","33","SIDNEY'S ANSWERING MACHINE"
"5","VOICE","33","SIDNEY'S ANSWERING MACHINE"
"14","TOM","33","SIDNEY'S ANSWERING MACHINE"
"22","MILTON","33","SIDNEY'S ANSWERING MACHINE"
"11","DETECTIVE KINCAID","33","SIDNEY'S ANSWERING MACHINE"
"20","WOMAN","33","SIDNEY'S ANSWERING MACHINE"
"21","JENNIFER","33","SIDNEY'S ANSWERING MACHINE"
"29","SECURITY GUARD","33","SIDNEY'S ANSWERING MACHINE"
"10","GALE","33","SIDNEY'S ANSWERING MACHINE"
"26","OPERATOR","33","SIDNEY'S ANSWERING MACHINE"
"15","DEWEY","33","SIDNEY'S ANSWERING MACHINE"
"34","SIDNEY ","33","SIDNEY'S ANSWERING MACHINE"
"31","GHOST","33","SIDNEY'S ANSWERING MACHINE"
"23","BUDDY","33","SIDNEY'S ANSWERING MACHINE"
"32","DEWEY/GALE","33","SIDNEY'S ANSWERING MACHINE"
"9","ROMAN","33","SIDNEY'S ANSWERING MACHINE"
"18","ANGELINA","33","SIDNEY'S ANSWERING MACHINE"
"17","TYSON","33","SIDNEY'S ANSWERING MACHINE"
"16","SARAH","33","SIDNEY'S ANSWERING MACHINE"
"38","GALE/JENNIFER","33","SIDNEY'S ANSWERING MACHINE"
"30","DETECTIVE WALLACE","33","SIDNEY'S ANSWERING MACHINE"
"24","SECURITY GAURD","33","SIDNEY'S ANSWERING MACHINE"
"25","SIDNEY","33","SIDNEY'S ANSWERING MACHINE"
"35","KAREN","33","SIDNEY'S ANSWERING MACHINE"
"36","RANDY","33","SIDNEY'S ANSWERING MACHINE"
"27","REPORTER","33","SIDNEY'S ANSWERING MACHINE"
"29","SECURITY GUARD","34","SIDNEY "
"24","SECURITY GAURD","34","SIDNEY "
"21","JENNIFER","34","SIDNEY "
"28","STAN","34","SIDNEY "
"15","DEWEY","34","SIDNEY "
"35","KAREN","34","SIDNEY "
"25","SIDNEY","34","SIDNEY "
"9","ROMAN","34","SIDNEY "
"30","DETECTIVE WALLACE","34","SIDNEY "
"14","TOM","34","SIDNEY "
"37","BIANCA","34","SIDNEY "
"5","VOICE","34","SIDNEY "
"38","GALE/JENNIFER","34","SIDNEY "
"17","TYSON","34","SIDNEY "
"22","MILTON","34","SIDNEY "
"36","RANDY","34","SIDNEY "
"10","GALE","34","SIDNEY "
"23","BUDDY","34","SIDNEY "
"27","REPORTER","34","SIDNEY "
"26","OPERATOR","34","SIDNEY "
"31","GHOST","34","SIDNEY "
"32","DEWEY/GALE","34","SIDNEY "
"11","DETECTIVE KINCAID","34","SIDNEY "
"18","ANGELINA","34","SIDNEY "
"33","SIDNEY'S ANSWERING MACHINE","34","SIDNEY "
"16","SARAH","34","SIDNEY "
"20","WOMAN","34","SIDNEY "
"18","ANGELINA","35","KAREN"
"20","WOMAN","35","KAREN"
"22","MILTON","35","KAREN"
"27","REPORTER","35","KAREN"
"33","SIDNEY'S ANSWERING MACHINE","35","KAREN"
"37","BIANCA","35","KAREN"
"5","VOICE","35","KAREN"
"32","DEWEY/GALE","35","KAREN"
"17","TYSON","35","KAREN"
"9","ROMAN","35","KAREN"
"11","DETECTIVE KINCAID","35","KAREN"
"26","OPERATOR","35","KAREN"
"29","SECURITY GUARD","35","KAREN"
"38","GALE/JENNIFER","35","KAREN"
"23","BUDDY","35","KAREN"
"15","DEWEY","35","KAREN"
"24","SECURITY GAURD","35","KAREN"
"34","SIDNEY ","35","KAREN"
"21","JENNIFER","35","KAREN"
"25","SIDNEY","35","KAREN"
"16","SARAH","35","KAREN"
"28","STAN","35","KAREN"
"30","DETECTIVE WALLACE","35","KAREN"
"36","RANDY","35","KAREN"
"10","GALE","35","KAREN"
"14","TOM","35","KAREN"
"31","GHOST","35","KAREN"
"15","DEWEY","36","RANDY"
"18","ANGELINA","36","RANDY"
"26","OPERATOR","36","RANDY"
"21","JENNIFER","36","RANDY"
"14","TOM","36","RANDY"
"9","ROMAN","36","RANDY"
"22","MILTON","36","RANDY"
"32","DEWEY/GALE","36","RANDY"
"35","KAREN","36","RANDY"
"25","SIDNEY","36","RANDY"
"17","TYSON","36","RANDY"
"11","DETECTIVE KINCAID","36","RANDY"
"29","SECURITY GUARD","36","RANDY"
"5","VOICE","36","RANDY"
"23","BUDDY","36","RANDY"
"24","SECURITY GAURD","36","RANDY"
"28","STAN","36","RANDY"
"20","WOMAN","36","RANDY"
"37","BIANCA","36","RANDY"
"34","SIDNEY ","36","RANDY"
"16","SARAH","36","RANDY"
"33","SIDNEY'S ANSWERING MACHINE","36","RANDY"
"30","DETECTIVE WALLACE","36","RANDY"
"27","REPORTER","36","RANDY"
"10","GALE","36","RANDY"
"38","GALE/JENNIFER","36","RANDY"
"31","GHOST","36","RANDY"
"31","GHOST","37","BIANCA"
"17","TYSON","37","BIANCA"
"14","TOM","37","BIANCA"
"25","SIDNEY","37","BIANCA"
"38","GALE/JENNIFER","37","BIANCA"
"30","DETECTIVE WALLACE","37","BIANCA"
"36","RANDY","37","BIANCA"
"34","SIDNEY ","37","BIANCA"
"24","SECURITY GAURD","37","BIANCA"
"11","DETECTIVE KINCAID","37","BIANCA"
"33","SIDNEY'S ANSWERING MACHINE","37","BIANCA"
"22","MILTON","37","BIANCA"
"29","SECURITY GUARD","37","BIANCA"
"20","WOMAN","37","BIANCA"
"21","JENNIFER","37","BIANCA"
"15","DEWEY","37","BIANCA"
"28","STAN","37","BIANCA"
"23","BUDDY","37","BIANCA"
"9","ROMAN","37","BIANCA"
"35","KAREN","37","BIANCA"
"26","OPERATOR","37","BIANCA"
"5","VOICE","37","BIANCA"
"18","ANGELINA","37","BIANCA"
"16","SARAH","37","BIANCA"
"27","REPORTER","37","BIANCA"
"32","DEWEY/GALE","37","BIANCA"
"10","GALE","37","BIANCA"
"11","DETECTIVE KINCAID","38","GALE/JENNIFER"
"5","VOICE","38","GALE/JENNIFER"
"24","SECURITY GAURD","38","GALE/JENNIFER"
"17","TYSON","38","GALE/JENNIFER"
"22","MILTON","38","GALE/JENNIFER"
"20","WOMAN","38","GALE/JENNIFER"
"37","BIANCA","38","GALE/JENNIFER"
"21","JENNIFER","38","GALE/JENNIFER"
"23","BUDDY","38","GALE/JENNIFER"
"31","GHOST","38","GALE/JENNIFER"
"36","RANDY","38","GALE/JENNIFER"
"28","STAN","38","GALE/JENNIFER"
"9","ROMAN","38","GALE/JENNIFER"
"30","DETECTIVE WALLACE","38","GALE/JENNIFER"
"16","SARAH","38","GALE/JENNIFER"
"27","REPORTER","38","GALE/JENNIFER"
"25","SIDNEY","38","GALE/JENNIFER"
"14","TOM","38","GALE/JENNIFER"
"15","DEWEY","38","GALE/JENNIFER"
"18","ANGELINA","38","GALE/JENNIFER"
"35","KAREN","38","GALE/JENNIFER"
"29","SECURITY GUARD","38","GALE/JENNIFER"
"26","OPERATOR","38","GALE/JENNIFER"
"33","SIDNEY'S ANSWERING MACHINE","38","GALE/JENNIFER"
"32","DEWEY/GALE","38","GALE/JENNIFER"
"10","GALE","38","GALE/JENNIFER"
"34","SIDNEY ","38","GALE/JENNIFER"
"18","ANGELINA","39","MAN"
"9","ROMAN","39","MAN"
"44","COP","39","MAN"
"22","MILTON","39","MAN"
"10","GALE","39","MAN"
"30","DETECTIVE WALLACE","39","MAN"
"25","SIDNEY","39","MAN"
"42","SIDNEY'S VOICE","39","MAN"
"21","JENNIFER","39","MAN"
"7","THE GHOST","39","MAN"
"46","DEWEY","39","MAN"
"41","MILTON ","39","MAN"
"45","COP 2","39","MAN"
"40","DEWEY/JENNIFER","39","MAN"
"5","VOICE","39","MAN"
"32","DEWEY/GALE","39","MAN"
"19","VOICE","39","MAN"
"10","GALE","39","MAN"
"47","ROMAN ","39","MAN"
"11","DETECTIVE KINCAID","39","MAN"
"15","DEWEY","39","MAN"
"43","PHONE SIDNEY","39","MAN"
"31","GHOST","39","MAN"
"43","PHONE SIDNEY","40","DEWEY/JENNIFER"
"15","DEWEY","40","DEWEY/JENNIFER"
"21","JENNIFER","40","DEWEY/JENNIFER"
"10","GALE","40","DEWEY/JENNIFER"
"22","MILTON","40","DEWEY/JENNIFER"
"5","VOICE","40","DEWEY/JENNIFER"
"41","MILTON ","40","DEWEY/JENNIFER"
"30","DETECTIVE WALLACE","40","DEWEY/JENNIFER"
"32","DEWEY/GALE","40","DEWEY/JENNIFER"
"9","ROMAN","40","DEWEY/JENNIFER"
"42","SIDNEY'S VOICE","40","DEWEY/JENNIFER"
"25","SIDNEY","40","DEWEY/JENNIFER"
"46","DEWEY","40","DEWEY/JENNIFER"
"47","ROMAN ","40","DEWEY/JENNIFER"
"10","GALE","40","DEWEY/JENNIFER"
"31","GHOST","40","DEWEY/JENNIFER"
"7","THE GHOST","40","DEWEY/JENNIFER"
"11","DETECTIVE KINCAID","40","DEWEY/JENNIFER"
"18","ANGELINA","40","DEWEY/JENNIFER"
"19","VOICE","40","DEWEY/JENNIFER"
"45","COP 2","40","DEWEY/JENNIFER"
"44","COP","40","DEWEY/JENNIFER"
"39","MAN","40","DEWEY/JENNIFER"
"40","DEWEY/JENNIFER","41","MILTON "
"39","MAN","41","MILTON "
"30","DETECTIVE WALLACE","41","MILTON "
"5","VOICE","41","MILTON "
"18","ANGELINA","41","MILTON "
"43","PHONE SIDNEY","41","MILTON "
"22","MILTON","41","MILTON "
"21","JENNIFER","41","MILTON "
"10","GALE","41","MILTON "
"42","SIDNEY'S VOICE","41","MILTON "
"47","ROMAN ","41","MILTON "
"46","DEWEY","41","MILTON "
"44","COP","41","MILTON "
"15","DEWEY","41","MILTON "
"19","VOICE","41","MILTON "
"11","DETECTIVE KINCAID","41","MILTON "
"7","THE GHOST","41","MILTON "
"32","DEWEY/GALE","41","MILTON "
"45","COP 2","41","MILTON "
"31","GHOST","41","MILTON "
"9","ROMAN","41","MILTON "
"25","SIDNEY","41","MILTON "
"10","GALE","41","MILTON "
"43","PHONE SIDNEY","42","SIDNEY'S VOICE"
"19","VOICE","42","SIDNEY'S VOICE"
"9","ROMAN","42","SIDNEY'S VOICE"
"40","DEWEY/JENNIFER","42","SIDNEY'S VOICE"
"25","SIDNEY","42","SIDNEY'S VOICE"
"22","MILTON","42","SIDNEY'S VOICE"
"41","MILTON ","42","SIDNEY'S VOICE"
"39","MAN","42","SIDNEY'S VOICE"
"11","DETECTIVE KINCAID","42","SIDNEY'S VOICE"
"46","DEWEY","42","SIDNEY'S VOICE"
"44","COP","42","SIDNEY'S VOICE"
"30","DETECTIVE WALLACE","42","SIDNEY'S VOICE"
"18","ANGELINA","42","SIDNEY'S VOICE"
"47","ROMAN ","42","SIDNEY'S VOICE"
"10","GALE","42","SIDNEY'S VOICE"
"45","COP 2","42","SIDNEY'S VOICE"
"5","VOICE","42","SIDNEY'S VOICE"
"10","GALE","42","SIDNEY'S VOICE"
"32","DEWEY/GALE","42","SIDNEY'S VOICE"
"31","GHOST","42","SIDNEY'S VOICE"
"7","THE GHOST","42","SIDNEY'S VOICE"
"15","DEWEY","42","SIDNEY'S VOICE"
"21","JENNIFER","42","SIDNEY'S VOICE"
"44","COP","43","PHONE SIDNEY"
"22","MILTON","43","PHONE SIDNEY"
"7","THE GHOST","43","PHONE SIDNEY"
"25","SIDNEY","43","PHONE SIDNEY"
"11","DETECTIVE KINCAID","43","PHONE SIDNEY"
"47","ROMAN ","43","PHONE SIDNEY"
"19","VOICE","43","PHONE SIDNEY"
"21","JENNIFER","43","PHONE SIDNEY"
"10","GALE","43","PHONE SIDNEY"
"40","DEWEY/JENNIFER","43","PHONE SIDNEY"
"5","VOICE","43","PHONE SIDNEY"
"30","DETECTIVE WALLACE","43","PHONE SIDNEY"
"42","SIDNEY'S VOICE","43","PHONE SIDNEY"
"31","GHOST","43","PHONE SIDNEY"
"45","COP 2","43","PHONE SIDNEY"
"10","GALE","43","PHONE SIDNEY"
"15","DEWEY","43","PHONE SIDNEY"
"18","ANGELINA","43","PHONE SIDNEY"
"39","MAN","43","PHONE SIDNEY"
"9","ROMAN","43","PHONE SIDNEY"
"46","DEWEY","43","PHONE SIDNEY"
"32","DEWEY/GALE","43","PHONE SIDNEY"
"41","MILTON ","43","PHONE SIDNEY"
"47","ROMAN ","44","COP"
"10","GALE","44","COP"
"5","VOICE","44","COP"
"39","MAN","44","COP"
"15","DEWEY","44","COP"
"9","ROMAN","44","COP"
"21","JENNIFER","44","COP"
"43","PHONE SIDNEY","44","COP"
"7","THE GHOST","44","COP"
"46","DEWEY","44","COP"
"41","MILTON ","44","COP"
"11","DETECTIVE KINCAID","44","COP"
"42","SIDNEY'S VOICE","44","COP"
"31","GHOST","44","COP"
"19","VOICE","44","COP"
"25","SIDNEY","44","COP"
"10","GALE","44","COP"
"40","DEWEY/JENNIFER","44","COP"
"18","ANGELINA","44","COP"
"32","DEWEY/GALE","44","COP"
"45","COP 2","44","COP"
"22","MILTON","44","COP"
"30","DETECTIVE WALLACE","44","COP"
"11","DETECTIVE KINCAID","45","COP 2"
"39","MAN","45","COP 2"
"10","GALE","45","COP 2"
"32","DEWEY/GALE","45","COP 2"
"21","JENNIFER","45","COP 2"
"46","DEWEY","45","COP 2"
"5","VOICE","45","COP 2"
"19","VOICE","45","COP 2"
"40","DEWEY/JENNIFER","45","COP 2"
"15","DEWEY","45","COP 2"
"42","SIDNEY'S VOICE","45","COP 2"
"31","GHOST","45","COP 2"
"10","GALE","45","COP 2"
"9","ROMAN","45","COP 2"
"47","ROMAN ","45","COP 2"
"18","ANGELINA","45","COP 2"
"43","PHONE SIDNEY","45","COP 2"
"44","COP","45","COP 2"
"30","DETECTIVE WALLACE","45","COP 2"
"25","SIDNEY","45","COP 2"
"41","MILTON ","45","COP 2"
"22","MILTON","45","COP 2"
"7","THE GHOST","45","COP 2"
"22","MILTON","46","DEWEY"
"9","ROMAN","46","DEWEY"
"30","DETECTIVE WALLACE","46","DEWEY"
"10","GALE","46","DEWEY"
"15","DEWEY","46","DEWEY"
"21","JENNIFER","46","DEWEY"
"7","THE GHOST","46","DEWEY"
"25","SIDNEY","46","DEWEY"
"44","COP","46","DEWEY"
"11","DETECTIVE KINCAID","46","DEWEY"
"5","VOICE","46","DEWEY"
"19","VOICE","46","DEWEY"
"18","ANGELINA","46","DEWEY"
"43","PHONE SIDNEY","46","DEWEY"
"10","GALE","46","DEWEY"
"41","MILTON ","46","DEWEY"
"42","SIDNEY'S VOICE","46","DEWEY"
"45","COP 2","46","DEWEY"
"39","MAN","46","DEWEY"
"32","DEWEY/GALE","46","DEWEY"
"40","DEWEY/JENNIFER","46","DEWEY"
"47","ROMAN ","46","DEWEY"
"31","GHOST","46","DEWEY"
"18","ANGELINA","47","ROMAN "
"44","COP","47","ROMAN "
"40","DEWEY/JENNIFER","47","ROMAN "
"32","DEWEY/GALE","47","ROMAN "
"10","GALE","47","ROMAN "
"42","SIDNEY'S VOICE","47","ROMAN "
"5","VOICE","47","ROMAN "
"22","MILTON","47","ROMAN "
"7","THE GHOST","47","ROMAN "
"25","SIDNEY","47","ROMAN "
"21","JENNIFER","47","ROMAN "
"43","PHONE SIDNEY","47","ROMAN "
"46","DEWEY","47","ROMAN "
"10","GALE","47","ROMAN "
"9","ROMAN","47","ROMAN "
"45","COP 2","47","ROMAN "
"11","DETECTIVE KINCAID","47","ROMAN "
"30","DETECTIVE WALLACE","47","ROMAN "
"31","GHOST","47","ROMAN "
"41","MILTON ","47","ROMAN "
"15","DEWEY","47","ROMAN "
"39","MAN","47","ROMAN "
"19","VOICE","47","ROMAN "
"15","DEWEY","48","DEWEY"
"30","DETECTIVE WALLACE","48","DEWEY"
"10","GALE","48","DEWEY"
"25","SIDNEY","48","DEWEY"
"6","RECORDED MESSAGE","1","BEN"
"5","VOICE","1","BEN"
"7","THE GHOST","1","BEN"
"10","GALE","1","BEN"
"4","CHRISTINE","1","BEN"
"3","WOMAN'S VOICE","1","BEN"
"2","CATHY","1","BEN"
"9","ROMAN","1","BEN"
"3","WOMAN'S VOICE","2","CATHY"
"1","BEN","2","CATHY"
"1","BEN","3","WOMAN'S VOICE"
"2","CATHY","3","WOMAN'S VOICE"
"7","THE GHOST","4","CHRISTINE"
"6","RECORDED MESSAGE","4","CHRISTINE"
"10","GALE","4","CHRISTINE"
"1","BEN","4","CHRISTINE"
"5","VOICE","4","CHRISTINE"
"9","ROMAN","4","CHRISTINE"
"7","THE GHOST","5","VOICE"
"32","DEWEY/GALE","5","VOICE"
"41","MILTON ","5","VOICE"
"15","DEWEY","5","VOICE"
"11","DETECTIVE KINCAID","5","VOICE"
"16","SARAH","5","VOICE"
"37","BIANCA","5","VOICE"
"22","MILTON","5","VOICE"
"4","CHRISTINE","5","VOICE"
"46","DEWEY","5","VOICE"
"17","TYSON","5","VOICE"
"32","DEWEY/GALE","5","VOICE"
"18","ANGELINA","5","VOICE"
"23","BUDDY","5","VOICE"
"11","DETECTIVE KINCAID","5","VOICE"
"24","SECURITY GAURD","5","VOICE"
"28","STAN","5","VOICE"
"9","ROMAN","5","VOICE"
"42","SIDNEY'S VOICE","5","VOICE"
"29","SECURITY GUARD","5","VOICE"
"25","SIDNEY","5","VOICE"
"7","THE GHOST","5","VOICE"
"30","DETECTIVE WALLACE","5","VOICE"
"44","COP","5","VOICE"
"40","DEWEY/JENNIFER","5","VOICE"
"31","GHOST","5","VOICE"
"9","ROMAN","5","VOICE"
"25","SIDNEY","5","VOICE"
"39","MAN","5","VOICE"
"47","ROMAN ","5","VOICE"
"15","DEWEY","5","VOICE"
"1","BEN","5","VOICE"
"14","TOM","5","VOICE"
"27","REPORTER","5","VOICE"
"20","WOMAN","5","VOICE"
"34","SIDNEY ","5","VOICE"
"9","ROMAN","5","VOICE"
"18","ANGELINA","5","VOICE"
"6","RECORDED MESSAGE","5","VOICE"
"45","COP 2","5","VOICE"
"33","SIDNEY'S ANSWERING MACHINE","5","VOICE"
"10","GALE","5","VOICE"
"21","JENNIFER","5","VOICE"
"30","DETECTIVE WALLACE","5","VOICE"
"26","OPERATOR","5","VOICE"
"10","GALE","5","VOICE"
"10","GALE","5","VOICE"
"19","VOICE","5","VOICE"
"10","GALE","5","VOICE"
"36","RANDY","5","VOICE"
"43","PHONE SIDNEY","5","VOICE"
"22","MILTON","5","VOICE"
"31","GHOST","5","VOICE"
"35","KAREN","5","VOICE"
"38","GALE/JENNIFER","5","VOICE"
"21","JENNIFER","5","VOICE"
"9","ROMAN","6","RECORDED MESSAGE"
"4","CHRISTINE","6","RECORDED MESSAGE"
"1","BEN","6","RECORDED MESSAGE"
"7","THE GHOST","6","RECORDED MESSAGE"
"5","VOICE","6","RECORDED MESSAGE"
"10","GALE","6","RECORDED MESSAGE"
