"SOURCE","NAME1","TARGET","NAME2"
"2","FORD EXPLORER ","1","HOLLYWOOD FREEWAY - SUNSET - AERIAL"
"1","HOLLYWOOD FREEWAY - SUNSET - AERIAL","2","FORD EXPLORER "
"3","HOLLYWOOD HILLS ","2","FORD EXPLORER "
"4","HOLLYWOOD SIGN ","3","HOLLYWOOD HILLS "
"2","FORD EXPLORER ","3","HOLLYWOOD HILLS "
"5","BACKSTAGE - TOTAL ENTERTAINMENT SET","4","HOLLYWOOD SIGN "
"3","HOLLYWOOD HILLS ","4","HOLLYWOOD SIGN "
"4","HOLLYWOOD SIGN ","5","BACKSTAGE - TOTAL ENTERTAINMENT SET"
"6","SUNRISE STUDIOS BACK LOT","5","BACKSTAGE - TOTAL ENTERTAINMENT SET"
"8","SID'S OFFICE ","6","SUNRISE STUDIOS BACK LOT"
"9","STAB 3 PRODUCTION OFFICES ","6","SUNRISE STUDIOS BACK LOT"
"28","TRAILER - STUDIO LOT","6","SUNRISE STUDIOS BACK LOT"
"7","STAB 3 SET","6","SUNRISE STUDIOS BACK LOT"
"26","DETECTIVE KINCAID'S OFFICE","6","SUNRISE STUDIOS BACK LOT"
"5","BACKSTAGE - TOTAL ENTERTAINMENT SET","6","SUNRISE STUDIOS BACK LOT"
"6","SUNRISE STUDIOS BACK LOT","7","STAB 3 SET"
"8","SID'S OFFICE ","7","STAB 3 SET"
"6","SUNRISE STUDIOS BACK LOT","8","SID'S OFFICE "
"7","STAB 3 SET","8","SID'S OFFICE "
"6","SUNRISE STUDIOS BACK LOT","9","STAB 3 PRODUCTION OFFICES "
"10","ROMAN'S OFFICE ","9","STAB 3 PRODUCTION OFFICES "
"11","HALLWAY ","10","ROMAN'S OFFICE "
"9","STAB 3 PRODUCTION OFFICES ","10","ROMAN'S OFFICE "
"12","PROP ROOM ","11","HALLWAY "
"10","ROMAN'S OFFICE ","11","HALLWAY "
"13","STAB 3 - PRODUCTION OFFICES ","12","PROP ROOM "
"14","HIGHWAY 39 -  N. CALIFORNIA ","12","PROP ROOM "
"13","STAB 3 - PRODUCTION OFFICES ","12","PROP ROOM "
"11","HALLWAY ","12","PROP ROOM "
"12","PROP ROOM ","13","STAB 3 - PRODUCTION OFFICES "
"12","PROP ROOM ","13","STAB 3 - PRODUCTION OFFICES "
"15","HONDA CIVIC ","14","HIGHWAY 39 -  N. CALIFORNIA "
"12","PROP ROOM ","14","HIGHWAY 39 -  N. CALIFORNIA "
"15","HONDA CIVIC ","14","HIGHWAY 39 -  N. CALIFORNIA "
"16","SUNRISE STUDIOS BACK LOT  - EST.","14","HIGHWAY 39 -  N. CALIFORNIA "
"14","HIGHWAY 39 -  N. CALIFORNIA ","15","HONDA CIVIC "
"14","HIGHWAY 39 -  N. CALIFORNIA ","15","HONDA CIVIC "
"14","HIGHWAY 39 -  N. CALIFORNIA ","16","SUNRISE STUDIOS BACK LOT  - EST."
"17"," STAB 3 PRODUCTION OFFICES ","16","SUNRISE STUDIOS BACK LOT  - EST."
"16","SUNRISE STUDIOS BACK LOT  - EST.","17"," STAB 3 PRODUCTION OFFICES "
"18","INTEROGATION ROOM - POLICE STATION ","17"," STAB 3 PRODUCTION OFFICES "
"19","VIEWING ROOM - POLICE STATION ","18","INTEROGATION ROOM - POLICE STATION "
"17"," STAB 3 PRODUCTION OFFICES ","18","INTEROGATION ROOM - POLICE STATION "
"20","SAN FERNANDO VALLEY ","19","VIEWING ROOM - POLICE STATION "
"18","INTEROGATION ROOM - POLICE STATION ","19","VIEWING ROOM - POLICE STATION "
"19","VIEWING ROOM - POLICE STATION ","20","SAN FERNANDO VALLEY "
"21","JENNIFER'S HOUSE ","20","SAN FERNANDO VALLEY "
"25","BACKYARD - JENNIFER'S HOUSE ","21","JENNIFER'S HOUSE "
"20","SAN FERNANDO VALLEY ","21","JENNIFER'S HOUSE "
"22","JENNIFER JOLLIE'S HOUSE ","21","JENNIFER'S HOUSE "
"24","GUEST HOUSE ","21","JENNIFER'S HOUSE "
"21","JENNIFER'S HOUSE ","22","JENNIFER JOLLIE'S HOUSE "
"23"," JENNIFER'S HOUSE ","22","JENNIFER JOLLIE'S HOUSE "
"22","JENNIFER JOLLIE'S HOUSE ","23"," JENNIFER'S HOUSE "
"24","GUEST HOUSE ","23"," JENNIFER'S HOUSE "
"23"," JENNIFER'S HOUSE ","24","GUEST HOUSE "
"21","JENNIFER'S HOUSE ","24","GUEST HOUSE "
"26","DETECTIVE KINCAID'S OFFICE","25","BACKYARD - JENNIFER'S HOUSE "
"21","JENNIFER'S HOUSE ","25","BACKYARD - JENNIFER'S HOUSE "
"25","BACKYARD - JENNIFER'S HOUSE ","26","DETECTIVE KINCAID'S OFFICE"
"6","SUNRISE STUDIOS BACK LOT","26","DETECTIVE KINCAID'S OFFICE"
"27","HALLWAY - POLICE STATION","26","DETECTIVE KINCAID'S OFFICE"
"27","HALLWAY - POLICE STATION","26","DETECTIVE KINCAID'S OFFICE"
"26","DETECTIVE KINCAID'S OFFICE","27","HALLWAY - POLICE STATION"
"26","DETECTIVE KINCAID'S OFFICE","27","HALLWAY - POLICE STATION"
"36","JOHN MILTON'S OFFICE","28","TRAILER - STUDIO LOT"
"6","SUNRISE STUDIOS BACK LOT","28","TRAILER - STUDIO LOT"
"35","LADIES ROOM - SOUNDSTAGE BUILDING","28","TRAILER - STUDIO LOT"
"29","SUNRISE STUDIO BACK LOT","28","TRAILER - STUDIO LOT"
"30","SUNRISE STUDIO FILM ARCHIVES","29","SUNRISE STUDIO BACK LOT"
"28","TRAILER - STUDIO LOT","29","SUNRISE STUDIO BACK LOT"
"31","BASEMENT HALLWAY - ARCHIVES","30","SUNRISE STUDIO FILM ARCHIVES"
"29","SUNRISE STUDIO BACK LOT","30","SUNRISE STUDIO FILM ARCHIVES"
"30","SUNRISE STUDIO FILM ARCHIVES","31","BASEMENT HALLWAY - ARCHIVES"
"32","CLERICAL AREA - ARCHIVES","31","BASEMENT HALLWAY - ARCHIVES"
"33","FILE ROOM - ARCHIVES","32","CLERICAL AREA - ARCHIVES"
"31","BASEMENT HALLWAY - ARCHIVES","32","CLERICAL AREA - ARCHIVES"
"34","SOUNDSTAGE - SUNRISE STUDIOS","33","FILE ROOM - ARCHIVES"
"32","CLERICAL AREA - ARCHIVES","33","FILE ROOM - ARCHIVES"
"35","LADIES ROOM - SOUNDSTAGE BUILDING","34","SOUNDSTAGE - SUNRISE STUDIOS"
"33","FILE ROOM - ARCHIVES","34","SOUNDSTAGE - SUNRISE STUDIOS"
"28","TRAILER - STUDIO LOT","35","LADIES ROOM - SOUNDSTAGE BUILDING"
"34","SOUNDSTAGE - SUNRISE STUDIOS","35","LADIES ROOM - SOUNDSTAGE BUILDING"
"28","TRAILER - STUDIO LOT","36","JOHN MILTON'S OFFICE"
"37"," DETECTIVE KINCAID'S OFFICE","36","JOHN MILTON'S OFFICE"
"38"," RECEPTION AREA - MILTON'S OFFICE - SUNSET","37"," DETECTIVE KINCAID'S OFFICE"
"36","JOHN MILTON'S OFFICE","37"," DETECTIVE KINCAID'S OFFICE"
"39","HALLWAY - BUILDING ","38"," RECEPTION AREA - MILTON'S OFFICE - SUNSET"
"40","HALLWAY - OFFICES ","38"," RECEPTION AREA - MILTON'S OFFICE - SUNSET"
"39","HALLWAY - BUILDING ","38"," RECEPTION AREA - MILTON'S OFFICE - SUNSET"
"37"," DETECTIVE KINCAID'S OFFICE","38"," RECEPTION AREA - MILTON'S OFFICE - SUNSET"
"38"," RECEPTION AREA - MILTON'S OFFICE - SUNSET","39","HALLWAY - BUILDING "
"38"," RECEPTION AREA - MILTON'S OFFICE - SUNSET","39","HALLWAY - BUILDING "
"41","STAIRWELL - OFFICES ","40","HALLWAY - OFFICES "
"38"," RECEPTION AREA - MILTON'S OFFICE - SUNSET","40","HALLWAY - OFFICES "
"42","SUNRISE STUDIO LOT ","41","STAIRWELL - OFFICES "
"40","HALLWAY - OFFICES ","41","STAIRWELL - OFFICES "
"41","STAIRWELL - OFFICES ","42","SUNRISE STUDIO LOT "
"43","DETECTIVE KINCAID'S OFFICE ","42","SUNRISE STUDIO LOT "
"44","WALLACE'S CAR ","43","DETECTIVE KINCAID'S OFFICE "
"42","SUNRISE STUDIO LOT ","43","DETECTIVE KINCAID'S OFFICE "
"45","SUNRISE STUDIOS LOT ","44","WALLACE'S CAR "
"43","DETECTIVE KINCAID'S OFFICE ","44","WALLACE'S CAR "
"44","WALLACE'S CAR ","45","SUNRISE STUDIOS LOT "
"46","SOUNDSTAGE - STUDIO LOT ","45","SUNRISE STUDIOS LOT "
"45","SUNRISE STUDIOS LOT ","46","SOUNDSTAGE - STUDIO LOT "
"47","STAB 3 SETS ","46","SOUNDSTAGE - STUDIO LOT "
"46","SOUNDSTAGE - STUDIO LOT ","47","STAB 3 SETS "
"48","BECKER HOUSE - SET ","47","STAB 3 SETS "
"47","STAB 3 SETS ","48","BECKER HOUSE - SET "
"49","PRESCOTT HOUSE - SET ","48","BECKER HOUSE - SET "
"50","SIDNEY'S BEDROOM - SET ","49","PRESCOTT HOUSE - SET "
"48","BECKER HOUSE - SET ","49","PRESCOTT HOUSE - SET "
"51","MAUREEN'S BEDROOM - PRESCOTT HOUSE SET ","50","SIDNEY'S BEDROOM - SET "
"49","PRESCOTT HOUSE - SET ","50","SIDNEY'S BEDROOM - SET "
"52","FOYER - MACHER HOUSE SET ","51","MAUREEN'S BEDROOM - PRESCOTT HOUSE SET "
"50","SIDNEY'S BEDROOM - SET ","51","MAUREEN'S BEDROOM - PRESCOTT HOUSE SET "
"53","MACHER LIVING ROOM - SET ","52","FOYER - MACHER HOUSE SET "
"51","MAUREEN'S BEDROOM - PRESCOTT HOUSE SET ","52","FOYER - MACHER HOUSE SET "
"52","FOYER - MACHER HOUSE SET ","53","MACHER LIVING ROOM - SET "
"54","SUNRISE STUDIOS - THE NEXT MORNING","53","MACHER LIVING ROOM - SET "
"53","MACHER LIVING ROOM - SET ","54","SUNRISE STUDIOS - THE NEXT MORNING"
"55","AMBULANCE ","54","SUNRISE STUDIOS - THE NEXT MORNING"
"54","SUNRISE STUDIOS - THE NEXT MORNING","55","AMBULANCE "
