"SOURCE","NAME1","TARGET","NAME2"
"3","cathy","1","slasher"
"2","work","1","slasher"
"5","shit","1","slasher"
"37","shut","1","slasher"
"48","director","1","slasher"
"4","part","1","slasher"
"57","back","2","work"
"4","part","2","work"
"5","shit","2","work"
"109","tape","2","work"
"41","killer","2","work"
"4","part","3","cathy"
"5","shit","3","cathy"
"2","work","3","cathy"
"59","sidney","4","part"
"102","angelina","4","part"
"62","face","4","part"
"88","hell","5","shit"
"69","dewey","5","shit"
"4","part","5","shit"
"88","hell","5","shit"
"12","movie","5","shit"
"69","dewey","5","shit"
"73","business","5","shit"
"102","angelina","5","shit"
"48","director","6","phone"
"53","long","6","phone"
"8","listen","6","phone"
"121","desk","6","phone"
"78","problem","6","phone"
"17","talk","6","phone"
"8","listen","6","phone"
"17","talk","6","phone"
"95","wallace","6","phone"
"38","real","6","phone"
"104","door","6","phone"
"18","call","6","phone"
"114","john","6","phone"
"4","part","7","show"
"9","christine","7","show"
"8","listen","7","show"
"38","real","7","show"
"6","phone","7","show"
"54","studio","8","listen"
"54","studio","8","listen"
"2","work","8","listen"
"116","bathroom","8","listen"
"38","real","9","christine"
"55","weathers","9","christine"
"4","part","9","christine"
"63","script","10","minutes"
"12","movie","10","minutes"
"30","fucking","10","minutes"
"10","minutes","11","standing"
"48","director","12","movie"
"73","business","12","movie"
"88","hell","12","movie"
"114","john","12","movie"
"11","standing","12","movie"
"13","jennifer","12","movie"
"123","trilogies","12","movie"
"37","shut","12","movie"
"1","slasher","12","movie"
"32","character","12","movie"
"10","minutes","12","movie"
"123","trilogies","12","movie"
"103","head","12","movie"
"114","john","13","jennifer"
"11","standing","13","jennifer"
"10","minutes","13","jennifer"
"69","dewey","13","jennifer"
"30","fucking","13","jennifer"
"12","movie","16","total"
"10","minutes","16","total"
"55","weathers","16","total"
"121","desk","17","talk"
"104","door","17","talk"
"51","gale","17","talk"
"62","face","17","talk"
"48","director","17","talk"
"98","file","18","call"
"57","back","18","call"
"6","phone","18","call"
"69","dewey","18","call"
"51","gale","18","call"
"41","killer","18","call"
"36","calls","18","call"
"79","home","18","call"
"79","home","18","call"
"76","happened","18","call"
"69","dewey","18","call"
"51","gale","18","call"
"59","sidney","18","call"
"114","john","19","point"
"7","show","19","point"
"48","director","19","point"
"37","shut","19","point"
"12","movie","19","point"
"1","slasher","19","point"
"19","point","20","voice"
"51","gale","21","wrong"
"69","dewey","21","wrong"
"60","prescott","23","sound"
"8","listen","28","turning"
"104","door","29","answer"
"30","fucking","29","answer"
"31","kill","30","fucking"
"104","door","30","fucking"
"120","coming","30","fucking"
"59","sidney","30","fucking"
"27","room","30","fucking"
"51","gale","30","fucking"
"93","house","31","kill"
"12","movie","31","kill"
"30","fucking","31","kill"
"97","make","31","kill"
"116","bathroom","31","kill"
"91","sarah","32","character"
"30","fucking","32","character"
"122","matter","33","meet"
"76","happened","33","meet"
"59","sidney","33","meet"
"47","office","35","hollywood"
"71","things","35","hollywood"
"64","film","35","hollywood"
"12","movie","35","hollywood"
"96","death","35","hollywood"
"5","shit","35","hollywood"
"46","bridges","35","hollywood"
"80","crying","35","hollywood"
"18","call","36","calls"
"38","real","36","calls"
"49","bridger","36","calls"
"18","call","36","calls"
"6","phone","36","calls"
"38","real","37","shut"
"48","director","37","shut"
"36","calls","37","shut"
"6","phone","37","shut"
"18","call","37","shut"
"4","part","38","real"
"18","call","38","real"
"41","killer","38","real"
"79","home","38","real"
"35","hollywood","39","hand"
"69","dewey","41","killer"
"85","blood","41","killer"
"59","sidney","41","killer"
"42","screaming","41","killer"
"68","find","41","killer"
"58","mother","42","screaming"
"44","open","43","card"
"44","open","45","lost"
"50","roman","45","lost"
"43","card","45","lost"
"13","jennifer","45","lost"
"30","fucking","45","lost"
"47","office","46","bridges"
"12","movie","46","bridges"
"12","movie","47","office"
"64","film","47","office"
"104","door","48","director"
"121","desk","48","director"
"18","call","49","bridger"
"36","calls","50","roman"
"31","kill","50","roman"
"30","fucking","50","roman"
"49","bridger","50","roman"
"91","sarah","50","roman"
"18","call","50","roman"
"13","jennifer","50","roman"
"30","fucking","50","roman"
"69","dewey","51","gale"
"81","killed","51","gale"
"38","real","51","gale"
"55","weathers","51","gale"
"22","running","51","gale"
"55","weathers","51","gale"
"69","dewey","51","gale"
"22","running","51","gale"
"91","sarah","51","gale"
"41","killer","51","gale"
"62","face","51","gale"
"55","weathers","51","gale"
"16","total","51","gale"
"63","script","51","gale"
"117","knife","52","smiles"
"69","dewey","53","long"
"17","talk","53","long"
"14","watch","54","studio"
"22","running","55","weathers"
"11","standing","55","weathers"
"51","gale","55","weathers"
"41","killer","55","weathers"
"68","find","55","weathers"
"51","gale","55","weathers"
"51","gale","55","weathers"
"51","gale","55","weathers"
"51","gale","55","weathers"
"60","prescott","55","weathers"
"111","opens","55","weathers"
"21","wrong","55","weathers"
"104","door","55","weathers"
"9","christine","56","kincaid"
"55","weathers","56","kincaid"
"51","gale","57","back"
"35","hollywood","57","back"
"69","dewey","57","back"
"41","killer","57","back"
"51","gale","57","back"
"53","long","58","mother"
"69","dewey","58","mother"
"62","face","59","sidney"
"112","ahead","59","sidney"
"38","real","59","sidney"
"17","talk","59","sidney"
"79","home","59","sidney"
"61","mind","59","sidney"
"21","wrong","59","sidney"
"51","gale","59","sidney"
"76","happened","59","sidney"
"18","call","59","sidney"
"60","prescott","59","sidney"
"62","face","59","sidney"
"58","mother","59","sidney"
"76","happened","59","sidney"
"60","prescott","59","sidney"
"59","sidney","60","prescott"
"21","wrong","60","prescott"
"41","killer","60","prescott"
"62","face","61","mind"
"17","talk","61","mind"
"51","gale","61","mind"
"119","basically","62","face"
"60","prescott","62","face"
"109","tape","62","face"
"38","real","63","script"
"101","written","63","script"
"41","killer","63","script"
"106","case","64","film"
"5","shit","64","film"
"97","make","64","film"
"127","frame","65","dead"
"104","door","65","dead"
"53","long","65","dead"
"64","film","65","dead"
"97","make","65","dead"
"109","tape","65","dead"
"106","case","65","dead"
"51","gale","65","dead"
"63","script","66","rest"
"69","dewey","67","night"
"41","killer","67","night"
"78","problem","67","night"
"18","call","67","night"
"104","door","68","find"
"106","case","68","find"
"64","film","68","find"
"65","dead","68","find"
"51","gale","68","find"
"111","opens","68","find"
"127","frame","68","find"
"70","detective","68","find"
"61","mind","68","find"
"64","film","68","find"
"97","make","68","find"
"81","killed","69","dewey"
"116","bathroom","69","dewey"
"38","real","69","dewey"
"8","listen","69","dewey"
"116","bathroom","69","dewey"
"59","sidney","69","dewey"
"74","milton","69","dewey"
"2","work","69","dewey"
"31","kill","69","dewey"
"100","inside","69","dewey"
"58","mother","69","dewey"
"57","back","69","dewey"
"55","weathers","70","detective"
"8","listen","70","detective"
"54","studio","70","detective"
"61","mind","70","detective"
"39","hand","71","things"
"35","hollywood","71","things"
"19","point","73","business"
"7","show","73","business"
"59","sidney","73","business"
"114","john","74","milton"
"114","john","74","milton"
"81","killed","74","milton"
"13","jennifer","74","milton"
"69","dewey","74","milton"
"115","early","74","milton"
"79","home","76","happened"
"35","hollywood","76","happened"
"59","sidney","76","happened"
"27","room","77","station"
"95","wallace","78","problem"
"71","things","79","home"
"6","phone","79","home"
"39","hand","79","home"
"112","ahead","79","home"
"35","hollywood","79","home"
"5","shit","80","crying"
"5","shit","80","crying"
"64","film","80","crying"
"91","sarah","81","killed"
"56","kincaid","81","killed"
"60","prescott","81","killed"
"41","killer","81","killed"
"38","real","81","killed"
"59","sidney","81","killed"
"63","script","81","killed"
"59","sidney","83","macher"
"81","killed","83","macher"
"60","prescott","83","macher"
"25","waiting","84","building"
"102","angelina","88","hell"
"21","wrong","88","hell"
"69","dewey","88","hell"
"51","gale","88","hell"
"55","weathers","88","hell"
"51","gale","88","hell"
"4","part","88","hell"
"73","business","88","hell"
"69","dewey","90","test"
"49","bridger","91","sarah"
"79","home","91","sarah"
"6","phone","91","sarah"
"18","call","91","sarah"
"67","night","91","sarah"
"18","call","91","sarah"
"30","fucking","91","sarah"
"38","real","91","sarah"
"18","call","91","sarah"
"36","calls","91","sarah"
"41","killer","91","sarah"
"63","script","91","sarah"
"97","make","93","house"
"12","movie","93","house"
"116","bathroom","95","wallace"
"2","work","96","death"
"41","killer","96","death"
"68","find","96","death"
"109","tape","96","death"
"57","back","96","death"
"41","killer","96","death"
"12","movie","97","make"
"53","long","97","make"
"12","movie","97","make"
"36","calls","97","make"
"5","shit","97","make"
"87","eyes","97","make"
"49","bridger","97","make"
"50","roman","97","make"
"69","dewey","97","make"
"91","sarah","97","make"
"18","call","97","make"
"62","face","98","file"
"60","prescott","98","file"
"27","room","98","file"
"77","station","98","file"
"81","killed","100","inside"
"17","talk","100","inside"
"74","milton","100","inside"
"88","hell","102","angelina"
"30","fucking","103","head"
"104","door","103","head"
"4","part","103","head"
"88","hell","103","head"
"102","angelina","103","head"
"30","fucking","104","door"
"68","find","104","door"
"111","opens","104","door"
"64","film","104","door"
"51","gale","104","door"
"106","case","104","door"
"5","shit","108","karen"
"97","make","109","tape"
"53","long","109","tape"
"57","back","109","tape"
"41","killer","109","tape"
"32","character","110","fence"
"51","gale","111","opens"
"38","real","112","ahead"
"71","things","112","ahead"
"35","hollywood","112","ahead"
"39","hand","112","ahead"
"55","weathers","112","ahead"
"51","gale","112","ahead"
"37","shut","114","john"
"121","desk","114","john"
"1","slasher","114","john"
"53","long","114","john"
"115","early","114","john"
"109","tape","114","john"
"48","director","114","john"
"104","door","114","john"
"48","director","114","john"
"17","talk","114","john"
"65","dead","114","john"
"64","film","114","john"
"69","dewey","114","john"
"97","make","114","john"
"69","dewey","118","hysterical"
"31","kill","118","hysterical"
"116","bathroom","118","hysterical"
"59","sidney","120","coming"
"104","door","121","desk"
"76","happened","122","matter"
"12","movie","124","ghosts"
"103","head","124","ghosts"
"60","prescott","124","ghosts"
"5","shit","125","nervously"
"104","door","127","frame"
"64","film","127","frame"
"106","case","127","frame"
