"SOURCE","NAME1","TARGET","NAME2"
"29","NARRATOR ","9","SUMMER"
"32","AUNT BETSY","9","SUMMER"
"15","VANCE.","9","SUMMER"
"28","MARTIN","9","SUMMER"
"31","AUNT ANITA","9","SUMMER"
"22"," ALISON","9","SUMMER"
"20","DOUCHE","9","SUMMER"
"6","RACHEL","9","SUMMER"
"33","MAN","9","SUMMER"
"27","MAHOGANY WRITER #1","9","SUMMER"
"30","CO WORKER ","9","SUMMER"
"6","RACHEL","9","SUMMER"
"13","AMANDA","9","SUMMER"
"25","ALL","9","SUMMER"
"23","ALISON ","9","SUMMER"
"18","BOTH","9","SUMMER"
"26","EMPLOYEE #1","9","SUMMER"
"10","VANCE","9","SUMMER"
"14","SUMMER ","9","SUMMER"
"4","TOM","9","SUMMER"
"1","NARRATOR","9","SUMMER"
"7","MCKENZIE","9","SUMMER"
"24","RACHEL ","9","SUMMER"
"12","REBECCA","9","SUMMER"
"2","PAUL","9","SUMMER"
"3","GIRL","9","SUMMER"
"8","TOM ","9","SUMMER"
"3","GIRL","9","SUMMER"
"10","VANCE","9","SUMMER"
"4","TOM","9","SUMMER"
"11","SARAH ","9","SUMMER"
"5","GIRL ","9","SUMMER"
"7","MCKENZIE","9","SUMMER"
"19","B.M.","9","SUMMER"
"17","CO WORKER","9","SUMMER"
"2","PAUL","9","SUMMER"
"8","TOM ","9","SUMMER"
"21","ALISON","9","SUMMER"
"16","BUS DRIVER","9","SUMMER"
"1","NARRATOR","9","SUMMER"
"18","BOTH","10","VANCE"
"8","TOM ","10","VANCE"
"21","ALISON","10","VANCE"
"16","BUS DRIVER","10","VANCE"
"3","GIRL","10","VANCE"
"17","CO WORKER","10","VANCE"
"12","REBECCA","10","VANCE"
"7","MCKENZIE","10","VANCE"
"25","ALL","10","VANCE"
"31","AUNT ANITA","10","VANCE"
"8","TOM ","10","VANCE"
"11","SARAH ","10","VANCE"
"1","NARRATOR","10","VANCE"
"19","B.M.","10","VANCE"
"29","NARRATOR ","10","VANCE"
"6","RACHEL","10","VANCE"
"23","ALISON ","10","VANCE"
"4","TOM","10","VANCE"
"30","CO WORKER ","10","VANCE"
"5","GIRL ","10","VANCE"
"9","SUMMER","10","VANCE"
"26","EMPLOYEE #1","10","VANCE"
"6","RACHEL","10","VANCE"
"22"," ALISON","10","VANCE"
"13","AMANDA","10","VANCE"
"32","AUNT BETSY","10","VANCE"
"28","MARTIN","10","VANCE"
"4","TOM","10","VANCE"
"9","SUMMER","10","VANCE"
"24","RACHEL ","10","VANCE"
"14","SUMMER ","10","VANCE"
"2","PAUL","10","VANCE"
"7","MCKENZIE","10","VANCE"
"33","MAN","10","VANCE"
"2","PAUL","10","VANCE"
"1","NARRATOR","10","VANCE"
"15","VANCE.","10","VANCE"
"20","DOUCHE","10","VANCE"
"3","GIRL","10","VANCE"
"27","MAHOGANY WRITER #1","10","VANCE"
"20","DOUCHE","11","SARAH "
"18","BOTH","11","SARAH "
"24","RACHEL ","11","SARAH "
"2","PAUL","11","SARAH "
"16","BUS DRIVER","11","SARAH "
"25","ALL","11","SARAH "
"33","MAN","11","SARAH "
"22"," ALISON","11","SARAH "
"1","NARRATOR","11","SARAH "
"21","ALISON","11","SARAH "
"12","REBECCA","11","SARAH "
"28","MARTIN","11","SARAH "
"3","GIRL","11","SARAH "
"32","AUNT BETSY","11","SARAH "
"8","TOM ","11","SARAH "
"19","B.M.","11","SARAH "
"15","VANCE.","11","SARAH "
"9","SUMMER","11","SARAH "
"29","NARRATOR ","11","SARAH "
"23","ALISON ","11","SARAH "
"30","CO WORKER ","11","SARAH "
"31","AUNT ANITA","11","SARAH "
"13","AMANDA","11","SARAH "
"26","EMPLOYEE #1","11","SARAH "
"27","MAHOGANY WRITER #1","11","SARAH "
"7","MCKENZIE","11","SARAH "
"10","VANCE","11","SARAH "
"6","RACHEL","11","SARAH "
"4","TOM","11","SARAH "
"17","CO WORKER","11","SARAH "
"14","SUMMER ","11","SARAH "
"29","NARRATOR ","12","REBECCA"
"13","AMANDA","12","REBECCA"
"23","ALISON ","12","REBECCA"
"26","EMPLOYEE #1","12","REBECCA"
"30","CO WORKER ","12","REBECCA"
"21","ALISON","12","REBECCA"
"1","NARRATOR","12","REBECCA"
"8","TOM ","12","REBECCA"
"10","VANCE","12","REBECCA"
"14","SUMMER ","12","REBECCA"
"16","BUS DRIVER","12","REBECCA"
"31","AUNT ANITA","12","REBECCA"
"7","MCKENZIE","12","REBECCA"
"2","PAUL","12","REBECCA"
"22"," ALISON","12","REBECCA"
"11","SARAH ","12","REBECCA"
"18","BOTH","12","REBECCA"
"17","CO WORKER","12","REBECCA"
"33","MAN","12","REBECCA"
"9","SUMMER","12","REBECCA"
"19","B.M.","12","REBECCA"
"32","AUNT BETSY","12","REBECCA"
"20","DOUCHE","12","REBECCA"
"27","MAHOGANY WRITER #1","12","REBECCA"
"28","MARTIN","12","REBECCA"
"6","RACHEL","12","REBECCA"
"24","RACHEL ","12","REBECCA"
"4","TOM","12","REBECCA"
"3","GIRL","12","REBECCA"
"15","VANCE.","12","REBECCA"
"25","ALL","12","REBECCA"
"30","CO WORKER ","13","AMANDA"
"1","NARRATOR","13","AMANDA"
"33","MAN","13","AMANDA"
"31","AUNT ANITA","13","AMANDA"
"11","SARAH ","13","AMANDA"
"27","MAHOGANY WRITER #1","13","AMANDA"
"9","SUMMER","13","AMANDA"
"26","EMPLOYEE #1","13","AMANDA"
"19","B.M.","13","AMANDA"
"4","TOM","13","AMANDA"
"25","ALL","13","AMANDA"
"6","RACHEL","13","AMANDA"
"16","BUS DRIVER","13","AMANDA"
"17","CO WORKER","13","AMANDA"
"2","PAUL","13","AMANDA"
"29","NARRATOR ","13","AMANDA"
"23","ALISON ","13","AMANDA"
"7","MCKENZIE","13","AMANDA"
"14","SUMMER ","13","AMANDA"
"32","AUNT BETSY","13","AMANDA"
"10","VANCE","13","AMANDA"
"8","TOM ","13","AMANDA"
"20","DOUCHE","13","AMANDA"
"22"," ALISON","13","AMANDA"
"18","BOTH","13","AMANDA"
"21","ALISON","13","AMANDA"
"28","MARTIN","13","AMANDA"
"24","RACHEL ","13","AMANDA"
"15","VANCE.","13","AMANDA"
"3","GIRL","13","AMANDA"
"12","REBECCA","13","AMANDA"
"29","NARRATOR ","14","SUMMER "
"30","CO WORKER ","14","SUMMER "
"20","DOUCHE","14","SUMMER "
"2","PAUL","14","SUMMER "
"10","VANCE","14","SUMMER "
"15","VANCE.","14","SUMMER "
"27","MAHOGANY WRITER #1","14","SUMMER "
"6","RACHEL","14","SUMMER "
"4","TOM","14","SUMMER "
"18","BOTH","14","SUMMER "
"19","B.M.","14","SUMMER "
"26","EMPLOYEE #1","14","SUMMER "
"12","REBECCA","14","SUMMER "
"9","SUMMER","14","SUMMER "
"1","NARRATOR","14","SUMMER "
"24","RACHEL ","14","SUMMER "
"7","MCKENZIE","14","SUMMER "
"8","TOM ","14","SUMMER "
"31","AUNT ANITA","14","SUMMER "
"13","AMANDA","14","SUMMER "
"22"," ALISON","14","SUMMER "
"25","ALL","14","SUMMER "
"3","GIRL","14","SUMMER "
"32","AUNT BETSY","14","SUMMER "
"16","BUS DRIVER","14","SUMMER "
"11","SARAH ","14","SUMMER "
"23","ALISON ","14","SUMMER "
"28","MARTIN","14","SUMMER "
"17","CO WORKER","14","SUMMER "
"33","MAN","14","SUMMER "
"21","ALISON","14","SUMMER "
"19","B.M.","15","VANCE."
"12","REBECCA","15","VANCE."
"23","ALISON ","15","VANCE."
"2","PAUL","15","VANCE."
"25","ALL","15","VANCE."
"22"," ALISON","15","VANCE."
"8","TOM ","15","VANCE."
"26","EMPLOYEE #1","15","VANCE."
"7","MCKENZIE","15","VANCE."
"32","AUNT BETSY","15","VANCE."
"27","MAHOGANY WRITER #1","15","VANCE."
"11","SARAH ","15","VANCE."
"3","GIRL","15","VANCE."
"18","BOTH","15","VANCE."
"1","NARRATOR","15","VANCE."
"21","ALISON","15","VANCE."
"10","VANCE","15","VANCE."
"16","BUS DRIVER","15","VANCE."
"33","MAN","15","VANCE."
"9","SUMMER","15","VANCE."
"20","DOUCHE","15","VANCE."
"14","SUMMER ","15","VANCE."
"13","AMANDA","15","VANCE."
"24","RACHEL ","15","VANCE."
"17","CO WORKER","15","VANCE."
"31","AUNT ANITA","15","VANCE."
"29","NARRATOR ","15","VANCE."
"6","RACHEL","15","VANCE."
"28","MARTIN","15","VANCE."
"30","CO WORKER ","15","VANCE."
"4","TOM","15","VANCE."
"9","SUMMER","16","BUS DRIVER"
"24","RACHEL ","16","BUS DRIVER"
"30","CO WORKER ","16","BUS DRIVER"
"28","MARTIN","16","BUS DRIVER"
"11","SARAH ","16","BUS DRIVER"
"25","ALL","16","BUS DRIVER"
"26","EMPLOYEE #1","16","BUS DRIVER"
"31","AUNT ANITA","16","BUS DRIVER"
"20","DOUCHE","16","BUS DRIVER"
"1","NARRATOR","16","BUS DRIVER"
"32","AUNT BETSY","16","BUS DRIVER"
"33","MAN","16","BUS DRIVER"
"27","MAHOGANY WRITER #1","16","BUS DRIVER"
"29","NARRATOR ","16","BUS DRIVER"
"12","REBECCA","16","BUS DRIVER"
"23","ALISON ","16","BUS DRIVER"
"21","ALISON","16","BUS DRIVER"
"4","TOM","16","BUS DRIVER"
"19","B.M.","16","BUS DRIVER"
"13","AMANDA","16","BUS DRIVER"
"3","GIRL","16","BUS DRIVER"
"15","VANCE.","16","BUS DRIVER"
"22"," ALISON","16","BUS DRIVER"
"10","VANCE","16","BUS DRIVER"
"18","BOTH","16","BUS DRIVER"
"8","TOM ","16","BUS DRIVER"
"17","CO WORKER","16","BUS DRIVER"
"2","PAUL","16","BUS DRIVER"
"7","MCKENZIE","16","BUS DRIVER"
"6","RACHEL","16","BUS DRIVER"
"14","SUMMER ","16","BUS DRIVER"
"16","BUS DRIVER","17","CO WORKER"
"2","PAUL","17","CO WORKER"
"30","CO WORKER ","17","CO WORKER"
"31","AUNT ANITA","17","CO WORKER"
"20","DOUCHE","17","CO WORKER"
"1","NARRATOR","17","CO WORKER"
"6","RACHEL","17","CO WORKER"
"11","SARAH ","17","CO WORKER"
"3","GIRL","17","CO WORKER"
"28","MARTIN","17","CO WORKER"
"33","MAN","17","CO WORKER"
"7","MCKENZIE","17","CO WORKER"
"23","ALISON ","17","CO WORKER"
"22"," ALISON","17","CO WORKER"
"21","ALISON","17","CO WORKER"
"18","BOTH","17","CO WORKER"
"26","EMPLOYEE #1","17","CO WORKER"
"13","AMANDA","17","CO WORKER"
"32","AUNT BETSY","17","CO WORKER"
"19","B.M.","17","CO WORKER"
"29","NARRATOR ","17","CO WORKER"
"9","SUMMER","17","CO WORKER"
"12","REBECCA","17","CO WORKER"
"27","MAHOGANY WRITER #1","17","CO WORKER"
"8","TOM ","17","CO WORKER"
"15","VANCE.","17","CO WORKER"
"10","VANCE","17","CO WORKER"
"25","ALL","17","CO WORKER"
"14","SUMMER ","17","CO WORKER"
"4","TOM","17","CO WORKER"
"24","RACHEL ","17","CO WORKER"
"14","SUMMER ","18","BOTH"
"15","VANCE.","18","BOTH"
"33","MAN","18","BOTH"
"7","MCKENZIE","18","BOTH"
"11","SARAH ","18","BOTH"
"3","GIRL","18","BOTH"
"21","ALISON","18","BOTH"
"4","TOM","18","BOTH"
"19","B.M.","18","BOTH"
"12","REBECCA","18","BOTH"
"28","MARTIN","18","BOTH"
"2","PAUL","18","BOTH"
"27","MAHOGANY WRITER #1","18","BOTH"
"1","NARRATOR","18","BOTH"
"6","RACHEL","18","BOTH"
"17","CO WORKER","18","BOTH"
"25","ALL","18","BOTH"
"13","AMANDA","18","BOTH"
"10","VANCE","18","BOTH"
"29","NARRATOR ","18","BOTH"
"8","TOM ","18","BOTH"
"23","ALISON ","18","BOTH"
"22"," ALISON","18","BOTH"
"32","AUNT BETSY","18","BOTH"
"9","SUMMER","18","BOTH"
"24","RACHEL ","18","BOTH"
"31","AUNT ANITA","18","BOTH"
"30","CO WORKER ","18","BOTH"
"20","DOUCHE","18","BOTH"
"16","BUS DRIVER","18","BOTH"
"26","EMPLOYEE #1","18","BOTH"
"24","RACHEL ","19","B.M."
"30","CO WORKER ","19","B.M."
"2","PAUL","19","B.M."
"32","AUNT BETSY","19","B.M."
"9","SUMMER","19","B.M."
"14","SUMMER ","19","B.M."
"18","BOTH","19","B.M."
"31","AUNT ANITA","19","B.M."
"17","CO WORKER","19","B.M."
"15","VANCE.","19","B.M."
"10","VANCE","19","B.M."
"29","NARRATOR ","19","B.M."
"1","NARRATOR","19","B.M."
"26","EMPLOYEE #1","19","B.M."
"11","SARAH ","19","B.M."
"25","ALL","19","B.M."
"13","AMANDA","19","B.M."
"8","TOM ","19","B.M."
"20","DOUCHE","19","B.M."
"12","REBECCA","19","B.M."
"6","RACHEL","19","B.M."
"4","TOM","19","B.M."
"28","MARTIN","19","B.M."
"3","GIRL","19","B.M."
"27","MAHOGANY WRITER #1","19","B.M."
"16","BUS DRIVER","19","B.M."
"7","MCKENZIE","19","B.M."
"33","MAN","19","B.M."
"22"," ALISON","19","B.M."
"21","ALISON","19","B.M."
"23","ALISON ","19","B.M."
"12","REBECCA","20","DOUCHE"
"9","SUMMER","20","DOUCHE"
"6","RACHEL","20","DOUCHE"
"30","CO WORKER ","20","DOUCHE"
"7","MCKENZIE","20","DOUCHE"
"27","MAHOGANY WRITER #1","20","DOUCHE"
"2","PAUL","20","DOUCHE"
"19","B.M.","20","DOUCHE"
"16","BUS DRIVER","20","DOUCHE"
"23","ALISON ","20","DOUCHE"
"31","AUNT ANITA","20","DOUCHE"
"21","ALISON","20","DOUCHE"
"4","TOM","20","DOUCHE"
"33","MAN","20","DOUCHE"
"29","NARRATOR ","20","DOUCHE"
"17","CO WORKER","20","DOUCHE"
"1","NARRATOR","20","DOUCHE"
"18","BOTH","20","DOUCHE"
"22"," ALISON","20","DOUCHE"
"10","VANCE","20","DOUCHE"
"14","SUMMER ","20","DOUCHE"
"28","MARTIN","20","DOUCHE"
"3","GIRL","20","DOUCHE"
"15","VANCE.","20","DOUCHE"
"11","SARAH ","20","DOUCHE"
"13","AMANDA","20","DOUCHE"
"26","EMPLOYEE #1","20","DOUCHE"
"24","RACHEL ","20","DOUCHE"
"8","TOM ","20","DOUCHE"
"32","AUNT BETSY","20","DOUCHE"
"25","ALL","20","DOUCHE"
"33","MAN","21","ALISON"
"19","B.M.","21","ALISON"
"26","EMPLOYEE #1","21","ALISON"
"20","DOUCHE","21","ALISON"
"12","REBECCA","21","ALISON"
"1","NARRATOR","21","ALISON"
"23","ALISON ","21","ALISON"
"29","NARRATOR ","21","ALISON"
"14","SUMMER ","21","ALISON"
"31","AUNT ANITA","21","ALISON"
"10","VANCE","21","ALISON"
"11","SARAH ","21","ALISON"
"27","MAHOGANY WRITER #1","21","ALISON"
"16","BUS DRIVER","21","ALISON"
"6","RACHEL","21","ALISON"
"7","MCKENZIE","21","ALISON"
"18","BOTH","21","ALISON"
"25","ALL","21","ALISON"
"32","AUNT BETSY","21","ALISON"
"17","CO WORKER","21","ALISON"
"30","CO WORKER ","21","ALISON"
"22"," ALISON","21","ALISON"
"4","TOM","21","ALISON"
"28","MARTIN","21","ALISON"
"8","TOM ","21","ALISON"
"3","GIRL","21","ALISON"
"9","SUMMER","21","ALISON"
"15","VANCE.","21","ALISON"
"13","AMANDA","21","ALISON"
"24","RACHEL ","21","ALISON"
"2","PAUL","21","ALISON"
"6","RACHEL","22"," ALISON"
"19","B.M.","22"," ALISON"
"27","MAHOGANY WRITER #1","22"," ALISON"
"4","TOM","22"," ALISON"
"29","NARRATOR ","22"," ALISON"
"9","SUMMER","22"," ALISON"
"16","BUS DRIVER","22"," ALISON"
"31","AUNT ANITA","22"," ALISON"
"14","SUMMER ","22"," ALISON"
"3","GIRL","22"," ALISON"
"23","ALISON ","22"," ALISON"
"32","AUNT BETSY","22"," ALISON"
"24","RACHEL ","22"," ALISON"
"13","AMANDA","22"," ALISON"
"28","MARTIN","22"," ALISON"
"26","EMPLOYEE #1","22"," ALISON"
"18","BOTH","22"," ALISON"
"17","CO WORKER","22"," ALISON"
"8","TOM ","22"," ALISON"
"11","SARAH ","22"," ALISON"
"2","PAUL","22"," ALISON"
"30","CO WORKER ","22"," ALISON"
"25","ALL","22"," ALISON"
"10","VANCE","22"," ALISON"
"33","MAN","22"," ALISON"
"21","ALISON","22"," ALISON"
"15","VANCE.","22"," ALISON"
"7","MCKENZIE","22"," ALISON"
"20","DOUCHE","22"," ALISON"
"1","NARRATOR","22"," ALISON"
"12","REBECCA","22"," ALISON"
"27","MAHOGANY WRITER #1","23","ALISON "
"17","CO WORKER","23","ALISON "
"18","BOTH","23","ALISON "
"19","B.M.","23","ALISON "
"26","EMPLOYEE #1","23","ALISON "
"32","AUNT BETSY","23","ALISON "
"8","TOM ","23","ALISON "
"15","VANCE.","23","ALISON "
"6","RACHEL","23","ALISON "
"11","SARAH ","23","ALISON "
"4","TOM","23","ALISON "
"29","NARRATOR ","23","ALISON "
"20","DOUCHE","23","ALISON "
"13","AMANDA","23","ALISON "
"7","MCKENZIE","23","ALISON "
"22"," ALISON","23","ALISON "
"25","ALL","23","ALISON "
"12","REBECCA","23","ALISON "
"30","CO WORKER ","23","ALISON "
"14","SUMMER ","23","ALISON "
"21","ALISON","23","ALISON "
"31","AUNT ANITA","23","ALISON "
"10","VANCE","23","ALISON "
"9","SUMMER","23","ALISON "
"24","RACHEL ","23","ALISON "
"16","BUS DRIVER","23","ALISON "
"1","NARRATOR","23","ALISON "
"33","MAN","23","ALISON "
"28","MARTIN","23","ALISON "
"3","GIRL","23","ALISON "
"2","PAUL","23","ALISON "
"29","NARRATOR ","24","RACHEL "
"20","DOUCHE","24","RACHEL "
"28","MARTIN","24","RACHEL "
"23","ALISON ","24","RACHEL "
"22"," ALISON","24","RACHEL "
"25","ALL","24","RACHEL "
"31","AUNT ANITA","24","RACHEL "
"4","TOM","24","RACHEL "
"15","VANCE.","24","RACHEL "
"14","SUMMER ","24","RACHEL "
"30","CO WORKER ","24","RACHEL "
"18","BOTH","24","RACHEL "
"16","BUS DRIVER","24","RACHEL "
"11","SARAH ","24","RACHEL "
"32","AUNT BETSY","24","RACHEL "
"3","GIRL","24","RACHEL "
"21","ALISON","24","RACHEL "
"12","REBECCA","24","RACHEL "
"26","EMPLOYEE #1","24","RACHEL "
"17","CO WORKER","24","RACHEL "
"33","MAN","24","RACHEL "
"27","MAHOGANY WRITER #1","24","RACHEL "
"2","PAUL","24","RACHEL "
"9","SUMMER","24","RACHEL "
"8","TOM ","24","RACHEL "
"1","NARRATOR","24","RACHEL "
"6","RACHEL","24","RACHEL "
"19","B.M.","24","RACHEL "
"10","VANCE","24","RACHEL "
"13","AMANDA","24","RACHEL "
"7","MCKENZIE","24","RACHEL "
"16","BUS DRIVER","25","ALL"
"3","GIRL","25","ALL"
"14","SUMMER ","25","ALL"
"26","EMPLOYEE #1","25","ALL"
"2","PAUL","25","ALL"
"33","MAN","25","ALL"
"32","AUNT BETSY","25","ALL"
"12","REBECCA","25","ALL"
"20","DOUCHE","25","ALL"
"21","ALISON","25","ALL"
"9","SUMMER","25","ALL"
"10","VANCE","25","ALL"
"29","NARRATOR ","25","ALL"
"8","TOM ","25","ALL"
"22"," ALISON","25","ALL"
"6","RACHEL","25","ALL"
"1","NARRATOR","25","ALL"
"17","CO WORKER","25","ALL"
"18","BOTH","25","ALL"
"28","MARTIN","25","ALL"
"30","CO WORKER ","25","ALL"
"27","MAHOGANY WRITER #1","25","ALL"
"11","SARAH ","25","ALL"
"15","VANCE.","25","ALL"
"4","TOM","25","ALL"
"13","AMANDA","25","ALL"
"19","B.M.","25","ALL"
"23","ALISON ","25","ALL"
"31","AUNT ANITA","25","ALL"
"7","MCKENZIE","25","ALL"
"24","RACHEL ","25","ALL"
"10","VANCE","26","EMPLOYEE #1"
"20","DOUCHE","26","EMPLOYEE #1"
"4","TOM","26","EMPLOYEE #1"
"12","REBECCA","26","EMPLOYEE #1"
"15","VANCE.","26","EMPLOYEE #1"
"28","MARTIN","26","EMPLOYEE #1"
"3","GIRL","26","EMPLOYEE #1"
"27","MAHOGANY WRITER #1","26","EMPLOYEE #1"
"33","MAN","26","EMPLOYEE #1"
"9","SUMMER","26","EMPLOYEE #1"
"32","AUNT BETSY","26","EMPLOYEE #1"
"11","SARAH ","26","EMPLOYEE #1"
"24","RACHEL ","26","EMPLOYEE #1"
"8","TOM ","26","EMPLOYEE #1"
"25","ALL","26","EMPLOYEE #1"
"23","ALISON ","26","EMPLOYEE #1"
"14","SUMMER ","26","EMPLOYEE #1"
"13","AMANDA","26","EMPLOYEE #1"
"19","B.M.","26","EMPLOYEE #1"
"29","NARRATOR ","26","EMPLOYEE #1"
"1","NARRATOR","26","EMPLOYEE #1"
"2","PAUL","26","EMPLOYEE #1"
"30","CO WORKER ","26","EMPLOYEE #1"
"17","CO WORKER","26","EMPLOYEE #1"
"22"," ALISON","26","EMPLOYEE #1"
"21","ALISON","26","EMPLOYEE #1"
"18","BOTH","26","EMPLOYEE #1"
"31","AUNT ANITA","26","EMPLOYEE #1"
"6","RACHEL","26","EMPLOYEE #1"
"7","MCKENZIE","26","EMPLOYEE #1"
"16","BUS DRIVER","26","EMPLOYEE #1"
"13","AMANDA","27","MAHOGANY WRITER #1"
"8","TOM ","27","MAHOGANY WRITER #1"
"16","BUS DRIVER","27","MAHOGANY WRITER #1"
"9","SUMMER","27","MAHOGANY WRITER #1"
"21","ALISON","27","MAHOGANY WRITER #1"
"2","PAUL","27","MAHOGANY WRITER #1"
"32","AUNT BETSY","27","MAHOGANY WRITER #1"
"24","RACHEL ","27","MAHOGANY WRITER #1"
"28","MARTIN","27","MAHOGANY WRITER #1"
"18","BOTH","27","MAHOGANY WRITER #1"
"1","NARRATOR","27","MAHOGANY WRITER #1"
"30","CO WORKER ","27","MAHOGANY WRITER #1"
"26","EMPLOYEE #1","27","MAHOGANY WRITER #1"
"17","CO WORKER","27","MAHOGANY WRITER #1"
"22"," ALISON","27","MAHOGANY WRITER #1"
"29","NARRATOR ","27","MAHOGANY WRITER #1"
"33","MAN","27","MAHOGANY WRITER #1"
"4","TOM","27","MAHOGANY WRITER #1"
"31","AUNT ANITA","27","MAHOGANY WRITER #1"
"14","SUMMER ","27","MAHOGANY WRITER #1"
"10","VANCE","27","MAHOGANY WRITER #1"
"23","ALISON ","27","MAHOGANY WRITER #1"
"19","B.M.","27","MAHOGANY WRITER #1"
"11","SARAH ","27","MAHOGANY WRITER #1"
"6","RACHEL","27","MAHOGANY WRITER #1"
"12","REBECCA","27","MAHOGANY WRITER #1"
"3","GIRL","27","MAHOGANY WRITER #1"
"20","DOUCHE","27","MAHOGANY WRITER #1"
"25","ALL","27","MAHOGANY WRITER #1"
"7","MCKENZIE","27","MAHOGANY WRITER #1"
"15","VANCE.","27","MAHOGANY WRITER #1"
"22"," ALISON","28","MARTIN"
"26","EMPLOYEE #1","28","MARTIN"
"19","B.M.","28","MARTIN"
"18","BOTH","28","MARTIN"
"4","TOM","28","MARTIN"
"27","MAHOGANY WRITER #1","28","MARTIN"
"7","MCKENZIE","28","MARTIN"
"10","VANCE","28","MARTIN"
"11","SARAH ","28","MARTIN"
"20","DOUCHE","28","MARTIN"
"9","SUMMER","28","MARTIN"
"21","ALISON","28","MARTIN"
"30","CO WORKER ","28","MARTIN"
"31","AUNT ANITA","28","MARTIN"
"32","AUNT BETSY","28","MARTIN"
"6","RACHEL","28","MARTIN"
"23","ALISON ","28","MARTIN"
"2","PAUL","28","MARTIN"
"29","NARRATOR ","28","MARTIN"
"13","AMANDA","28","MARTIN"
"25","ALL","28","MARTIN"
"3","GIRL","28","MARTIN"
"16","BUS DRIVER","28","MARTIN"
"12","REBECCA","28","MARTIN"
"17","CO WORKER","28","MARTIN"
"24","RACHEL ","28","MARTIN"
"15","VANCE.","28","MARTIN"
"1","NARRATOR","28","MARTIN"
"33","MAN","28","MARTIN"
"8","TOM ","28","MARTIN"
"14","SUMMER ","28","MARTIN"
"13","AMANDA","29","NARRATOR "
"20","DOUCHE","29","NARRATOR "
"14","SUMMER ","29","NARRATOR "
"17","CO WORKER","29","NARRATOR "
"7","MCKENZIE","29","NARRATOR "
"33","MAN","29","NARRATOR "
"18","BOTH","29","NARRATOR "
"9","SUMMER","29","NARRATOR "
"24","RACHEL ","29","NARRATOR "
"10","VANCE","29","NARRATOR "
"21","ALISON","29","NARRATOR "
"32","AUNT BETSY","29","NARRATOR "
"22"," ALISON","29","NARRATOR "
"11","SARAH ","29","NARRATOR "
"16","BUS DRIVER","29","NARRATOR "
"27","MAHOGANY WRITER #1","29","NARRATOR "
"1","NARRATOR","29","NARRATOR "
"31","AUNT ANITA","29","NARRATOR "
"23","ALISON ","29","NARRATOR "
"2","PAUL","29","NARRATOR "
"6","RACHEL","29","NARRATOR "
"30","CO WORKER ","29","NARRATOR "
"26","EMPLOYEE #1","29","NARRATOR "
"8","TOM ","29","NARRATOR "
"3","GIRL","29","NARRATOR "
"15","VANCE.","29","NARRATOR "
"28","MARTIN","29","NARRATOR "
"4","TOM","29","NARRATOR "
"19","B.M.","29","NARRATOR "
"12","REBECCA","29","NARRATOR "
"25","ALL","29","NARRATOR "
"27","MAHOGANY WRITER #1","30","CO WORKER "
"11","SARAH ","30","CO WORKER "
"31","AUNT ANITA","30","CO WORKER "
"10","VANCE","30","CO WORKER "
"21","ALISON","30","CO WORKER "
"4","TOM","30","CO WORKER "
"32","AUNT BETSY","30","CO WORKER "
"26","EMPLOYEE #1","30","CO WORKER "
"16","BUS DRIVER","30","CO WORKER "
"13","AMANDA","30","CO WORKER "
"17","CO WORKER","30","CO WORKER "
"20","DOUCHE","30","CO WORKER "
"18","BOTH","30","CO WORKER "
"9","SUMMER","30","CO WORKER "
"22"," ALISON","30","CO WORKER "
"24","RACHEL ","30","CO WORKER "
"29","NARRATOR ","30","CO WORKER "
"28","MARTIN","30","CO WORKER "
"23","ALISON ","30","CO WORKER "
"33","MAN","30","CO WORKER "
"19","B.M.","30","CO WORKER "
"2","PAUL","30","CO WORKER "
"6","RACHEL","30","CO WORKER "
"8","TOM ","30","CO WORKER "
"12","REBECCA","30","CO WORKER "
"14","SUMMER ","30","CO WORKER "
"1","NARRATOR","30","CO WORKER "
"15","VANCE.","30","CO WORKER "
"25","ALL","30","CO WORKER "
"3","GIRL","30","CO WORKER "
"7","MCKENZIE","30","CO WORKER "
"1","NARRATOR","31","AUNT ANITA"
"10","VANCE","31","AUNT ANITA"
"28","MARTIN","31","AUNT ANITA"
"12","REBECCA","31","AUNT ANITA"
"30","CO WORKER ","31","AUNT ANITA"
"24","RACHEL ","31","AUNT ANITA"
"26","EMPLOYEE #1","31","AUNT ANITA"
"4","TOM","31","AUNT ANITA"
"25","ALL","31","AUNT ANITA"
"6","RACHEL","31","AUNT ANITA"
"8","TOM ","31","AUNT ANITA"
"3","GIRL","31","AUNT ANITA"
"19","B.M.","31","AUNT ANITA"
"2","PAUL","31","AUNT ANITA"
"7","MCKENZIE","31","AUNT ANITA"
"20","DOUCHE","31","AUNT ANITA"
"11","SARAH ","31","AUNT ANITA"
"14","SUMMER ","31","AUNT ANITA"
"22"," ALISON","31","AUNT ANITA"
"27","MAHOGANY WRITER #1","31","AUNT ANITA"
"16","BUS DRIVER","31","AUNT ANITA"
"29","NARRATOR ","31","AUNT ANITA"
"9","SUMMER","31","AUNT ANITA"
"21","ALISON","31","AUNT ANITA"
"15","VANCE.","31","AUNT ANITA"
"17","CO WORKER","31","AUNT ANITA"
"18","BOTH","31","AUNT ANITA"
"13","AMANDA","31","AUNT ANITA"
"33","MAN","31","AUNT ANITA"
"32","AUNT BETSY","31","AUNT ANITA"
"23","ALISON ","31","AUNT ANITA"
"22"," ALISON","32","AUNT BETSY"
"7","MCKENZIE","32","AUNT BETSY"
"33","MAN","32","AUNT BETSY"
"27","MAHOGANY WRITER #1","32","AUNT BETSY"
"12","REBECCA","32","AUNT BETSY"
"15","VANCE.","32","AUNT BETSY"
"14","SUMMER ","32","AUNT BETSY"
"18","BOTH","32","AUNT BETSY"
"24","RACHEL ","32","AUNT BETSY"
"3","GIRL","32","AUNT BETSY"
"31","AUNT ANITA","32","AUNT BETSY"
"11","SARAH ","32","AUNT BETSY"
"19","B.M.","32","AUNT BETSY"
"28","MARTIN","32","AUNT BETSY"
"21","ALISON","32","AUNT BETSY"
"26","EMPLOYEE #1","32","AUNT BETSY"
"17","CO WORKER","32","AUNT BETSY"
"1","NARRATOR","32","AUNT BETSY"
"4","TOM","32","AUNT BETSY"
"6","RACHEL","32","AUNT BETSY"
"30","CO WORKER ","32","AUNT BETSY"
"29","NARRATOR ","32","AUNT BETSY"
"23","ALISON ","32","AUNT BETSY"
"13","AMANDA","32","AUNT BETSY"
"8","TOM ","32","AUNT BETSY"
"9","SUMMER","32","AUNT BETSY"
"20","DOUCHE","32","AUNT BETSY"
"16","BUS DRIVER","32","AUNT BETSY"
"2","PAUL","32","AUNT BETSY"
"10","VANCE","32","AUNT BETSY"
"25","ALL","32","AUNT BETSY"
"19","B.M.","33","MAN"
"23","ALISON ","33","MAN"
"10","VANCE","33","MAN"
"14","SUMMER ","33","MAN"
"2","PAUL","33","MAN"
"16","BUS DRIVER","33","MAN"
"28","MARTIN","33","MAN"
"21","ALISON","33","MAN"
"3","GIRL","33","MAN"
"30","CO WORKER ","33","MAN"
"18","BOTH","33","MAN"
"9","SUMMER","33","MAN"
"8","TOM ","33","MAN"
"17","CO WORKER","33","MAN"
"11","SARAH ","33","MAN"
"15","VANCE.","33","MAN"
"13","AMANDA","33","MAN"
"4","TOM","33","MAN"
"22"," ALISON","33","MAN"
"26","EMPLOYEE #1","33","MAN"
"20","DOUCHE","33","MAN"
"6","RACHEL","33","MAN"
"29","NARRATOR ","33","MAN"
"1","NARRATOR","33","MAN"
"24","RACHEL ","33","MAN"
"27","MAHOGANY WRITER #1","33","MAN"
"31","AUNT ANITA","33","MAN"
"7","MCKENZIE","33","MAN"
"12","REBECCA","33","MAN"
"25","ALL","33","MAN"
"32","AUNT BETSY","33","MAN"
"24","RACHEL ","1","NARRATOR"
"15","VANCE.","1","NARRATOR"
"26","EMPLOYEE #1","1","NARRATOR"
"9","SUMMER","1","NARRATOR"
"13","AMANDA","1","NARRATOR"
"11","SARAH ","1","NARRATOR"
"27","MAHOGANY WRITER #1","1","NARRATOR"
"17","CO WORKER","1","NARRATOR"
"14","SUMMER ","1","NARRATOR"
"28","MARTIN","1","NARRATOR"
"3","GIRL","1","NARRATOR"
"21","ALISON","1","NARRATOR"
"4","TOM","1","NARRATOR"
"19","B.M.","1","NARRATOR"
"29","NARRATOR ","1","NARRATOR"
"32","AUNT BETSY","1","NARRATOR"
"10","VANCE","1","NARRATOR"
"3","GIRL","1","NARRATOR"
"20","DOUCHE","1","NARRATOR"
"6","RACHEL","1","NARRATOR"
"7","MCKENZIE","1","NARRATOR"
"16","BUS DRIVER","1","NARRATOR"
"6","RACHEL","1","NARRATOR"
"7","MCKENZIE","1","NARRATOR"
"8","TOM ","1","NARRATOR"
"22"," ALISON","1","NARRATOR"
"8","TOM ","1","NARRATOR"
"31","AUNT ANITA","1","NARRATOR"
"10","VANCE","1","NARRATOR"
"23","ALISON ","1","NARRATOR"
"9","SUMMER","1","NARRATOR"
"2","PAUL","1","NARRATOR"
"30","CO WORKER ","1","NARRATOR"
"33","MAN","1","NARRATOR"
"5","GIRL ","1","NARRATOR"
"18","BOTH","1","NARRATOR"
"25","ALL","1","NARRATOR"
"12","REBECCA","1","NARRATOR"
"4","TOM","1","NARRATOR"
"2","PAUL","1","NARRATOR"
"8","TOM ","2","PAUL"
"14","SUMMER ","2","PAUL"
"15","VANCE.","2","PAUL"
"3","GIRL","2","PAUL"
"28","MARTIN","2","PAUL"
"17","CO WORKER","2","PAUL"
"10","VANCE","2","PAUL"
"7","MCKENZIE","2","PAUL"
"23","ALISON ","2","PAUL"
"29","NARRATOR ","2","PAUL"
"6","RACHEL","2","PAUL"
"10","VANCE","2","PAUL"
"32","AUNT BETSY","2","PAUL"
"33","MAN","2","PAUL"
"6","RACHEL","2","PAUL"
"4","TOM","2","PAUL"
"22"," ALISON","2","PAUL"
"9","SUMMER","2","PAUL"
"4","TOM","2","PAUL"
"30","CO WORKER ","2","PAUL"
"8","TOM ","2","PAUL"
"9","SUMMER","2","PAUL"
"5","GIRL ","2","PAUL"
"3","GIRL","2","PAUL"
"26","EMPLOYEE #1","2","PAUL"
"1","NARRATOR","2","PAUL"
"1","NARRATOR","2","PAUL"
"20","DOUCHE","2","PAUL"
"27","MAHOGANY WRITER #1","2","PAUL"
"13","AMANDA","2","PAUL"
"19","B.M.","2","PAUL"
"7","MCKENZIE","2","PAUL"
"21","ALISON","2","PAUL"
"18","BOTH","2","PAUL"
"31","AUNT ANITA","2","PAUL"
"24","RACHEL ","2","PAUL"
"11","SARAH ","2","PAUL"
"25","ALL","2","PAUL"
"16","BUS DRIVER","2","PAUL"
"12","REBECCA","2","PAUL"
"13","AMANDA","3","GIRL"
"33","MAN","3","GIRL"
"27","MAHOGANY WRITER #1","3","GIRL"
"31","AUNT ANITA","3","GIRL"
"4","TOM","3","GIRL"
"22"," ALISON","3","GIRL"
"5","GIRL ","3","GIRL"
"12","REBECCA","3","GIRL"
"18","BOTH","3","GIRL"
"9","SUMMER","3","GIRL"
"17","CO WORKER","3","GIRL"
"24","RACHEL ","3","GIRL"
"21","ALISON","3","GIRL"
"30","CO WORKER ","3","GIRL"
"4","TOM","3","GIRL"
"10","VANCE","3","GIRL"
"8","TOM ","3","GIRL"
"6","RACHEL","3","GIRL"
"7","MCKENZIE","3","GIRL"
"6","RACHEL","3","GIRL"
"7","MCKENZIE","3","GIRL"
"2","PAUL","3","GIRL"
"15","VANCE.","3","GIRL"
"11","SARAH ","3","GIRL"
"26","EMPLOYEE #1","3","GIRL"
"8","TOM ","3","GIRL"
"1","NARRATOR","3","GIRL"
"16","BUS DRIVER","3","GIRL"
"10","VANCE","3","GIRL"
"2","PAUL","3","GIRL"
"23","ALISON ","3","GIRL"
"28","MARTIN","3","GIRL"
"32","AUNT BETSY","3","GIRL"
"25","ALL","3","GIRL"
"29","NARRATOR ","3","GIRL"
"19","B.M.","3","GIRL"
"1","NARRATOR","3","GIRL"
"9","SUMMER","3","GIRL"
"14","SUMMER ","3","GIRL"
"20","DOUCHE","3","GIRL"
"11","SARAH ","4","TOM"
"27","MAHOGANY WRITER #1","4","TOM"
"2","PAUL","4","TOM"
"16","BUS DRIVER","4","TOM"
"6","RACHEL","4","TOM"
"26","EMPLOYEE #1","4","TOM"
"2","PAUL","4","TOM"
"18","BOTH","4","TOM"
"19","B.M.","4","TOM"
"7","MCKENZIE","4","TOM"
"3","GIRL","4","TOM"
"7","MCKENZIE","4","TOM"
"30","CO WORKER ","4","TOM"
"32","AUNT BETSY","4","TOM"
"24","RACHEL ","4","TOM"
"6","RACHEL","4","TOM"
"29","NARRATOR ","4","TOM"
"14","SUMMER ","4","TOM"
"9","SUMMER","4","TOM"
"12","REBECCA","4","TOM"
"8","TOM ","4","TOM"
"23","ALISON ","4","TOM"
"7","MCKENZIE","4","TOM"
"9","SUMMER","4","TOM"
"3","GIRL","4","TOM"
"28","MARTIN","4","TOM"
"13","AMANDA","4","TOM"
"5","GIRL ","4","TOM"
"31","AUNT ANITA","4","TOM"
"22"," ALISON","4","TOM"
"8","TOM ","4","TOM"
"17","CO WORKER","4","TOM"
"1","NARRATOR","4","TOM"
"1","NARRATOR","4","TOM"
"21","ALISON","4","TOM"
"10","VANCE","4","TOM"
"15","VANCE.","4","TOM"
"10","VANCE","4","TOM"
"25","ALL","4","TOM"
"33","MAN","4","TOM"
"20","DOUCHE","4","TOM"
"6","RACHEL","5","GIRL "
"9","SUMMER","5","GIRL "
"2","PAUL","5","GIRL "
"10","VANCE","5","GIRL "
"8","TOM ","5","GIRL "
"3","GIRL","5","GIRL "
"7","MCKENZIE","5","GIRL "
"1","NARRATOR","5","GIRL "
"4","TOM","5","GIRL "
"20","DOUCHE","6","RACHEL"
"14","SUMMER ","6","RACHEL"
"19","B.M.","6","RACHEL"
"22"," ALISON","6","RACHEL"
"9","SUMMER","6","RACHEL"
"1","NARRATOR","6","RACHEL"
"15","VANCE.","6","RACHEL"
"31","AUNT ANITA","6","RACHEL"
"2","PAUL","6","RACHEL"
"32","AUNT BETSY","6","RACHEL"
"7","MCKENZIE","6","RACHEL"
"33","MAN","6","RACHEL"
"1","NARRATOR","6","RACHEL"
"28","MARTIN","6","RACHEL"
"27","MAHOGANY WRITER #1","6","RACHEL"
"23","ALISON ","6","RACHEL"
"21","ALISON","6","RACHEL"
"29","NARRATOR ","6","RACHEL"
"7","MCKENZIE","6","RACHEL"
"10","VANCE","6","RACHEL"
"30","CO WORKER ","6","RACHEL"
"4","TOM","6","RACHEL"
"4","TOM","6","RACHEL"
"13","AMANDA","6","RACHEL"
"12","REBECCA","6","RACHEL"
"8","TOM ","6","RACHEL"
"3","GIRL","6","RACHEL"
"17","CO WORKER","6","RACHEL"
"18","BOTH","6","RACHEL"
"25","ALL","6","RACHEL"
"8","TOM ","6","RACHEL"
"10","VANCE","6","RACHEL"
"5","GIRL ","6","RACHEL"
"24","RACHEL ","6","RACHEL"
"16","BUS DRIVER","6","RACHEL"
"9","SUMMER","6","RACHEL"
"2","PAUL","6","RACHEL"
"3","GIRL","6","RACHEL"
"11","SARAH ","6","RACHEL"
"26","EMPLOYEE #1","6","RACHEL"
"21","ALISON","7","MCKENZIE"
"10","VANCE","7","MCKENZIE"
"8","TOM ","7","MCKENZIE"
"2","PAUL","7","MCKENZIE"
"16","BUS DRIVER","7","MCKENZIE"
"30","CO WORKER ","7","MCKENZIE"
"5","GIRL ","7","MCKENZIE"
"4","TOM","7","MCKENZIE"
"6","RACHEL","7","MCKENZIE"
"14","SUMMER ","7","MCKENZIE"
"1","NARRATOR","7","MCKENZIE"
"18","BOTH","7","MCKENZIE"
"27","MAHOGANY WRITER #1","7","MCKENZIE"
"24","RACHEL ","7","MCKENZIE"
"9","SUMMER","7","MCKENZIE"
"28","MARTIN","7","MCKENZIE"
"29","NARRATOR ","7","MCKENZIE"
"1","NARRATOR","7","MCKENZIE"
"3","GIRL","7","MCKENZIE"
"6","RACHEL","7","MCKENZIE"
"17","CO WORKER","7","MCKENZIE"
"11","SARAH ","7","MCKENZIE"
"13","AMANDA","7","MCKENZIE"
"10","VANCE","7","MCKENZIE"
"23","ALISON ","7","MCKENZIE"
"25","ALL","7","MCKENZIE"
"2","PAUL","7","MCKENZIE"
"32","AUNT BETSY","7","MCKENZIE"
"33","MAN","7","MCKENZIE"
"9","SUMMER","7","MCKENZIE"
"3","GIRL","7","MCKENZIE"
"20","DOUCHE","7","MCKENZIE"
"12","REBECCA","7","MCKENZIE"
"19","B.M.","7","MCKENZIE"
"4","TOM","7","MCKENZIE"
"31","AUNT ANITA","7","MCKENZIE"
"26","EMPLOYEE #1","7","MCKENZIE"
"8","TOM ","7","MCKENZIE"
"15","VANCE.","7","MCKENZIE"
"22"," ALISON","7","MCKENZIE"
"4","TOM","7","MCKENZIE"
"29","NARRATOR ","8","TOM "
"4","TOM","8","TOM "
"25","ALL","8","TOM "
"5","GIRL ","8","TOM "
"13","AMANDA","8","TOM "
"16","BUS DRIVER","8","TOM "
"9","SUMMER","8","TOM "
"26","EMPLOYEE #1","8","TOM "
"21","ALISON","8","TOM "
"6","RACHEL","8","TOM "
"30","CO WORKER ","8","TOM "
"24","RACHEL ","8","TOM "
"17","CO WORKER","8","TOM "
"33","MAN","8","TOM "
"7","MCKENZIE","8","TOM "
"4","TOM","8","TOM "
"20","DOUCHE","8","TOM "
"18","BOTH","8","TOM "
"1","NARRATOR","8","TOM "
"7","MCKENZIE","8","TOM "
"31","AUNT ANITA","8","TOM "
"10","VANCE","8","TOM "
"2","PAUL","8","TOM "
"3","GIRL","8","TOM "
"15","VANCE.","8","TOM "
"3","GIRL","8","TOM "
"9","SUMMER","8","TOM "
"10","VANCE","8","TOM "
"19","B.M.","8","TOM "
"11","SARAH ","8","TOM "
"27","MAHOGANY WRITER #1","8","TOM "
"23","ALISON ","8","TOM "
"1","NARRATOR","8","TOM "
"22"," ALISON","8","TOM "
"6","RACHEL","8","TOM "
"2","PAUL","8","TOM "
"14","SUMMER ","8","TOM "
"12","REBECCA","8","TOM "
"32","AUNT BETSY","8","TOM "
"28","MARTIN","8","TOM "
