"SOURCE","NAME1","TARGET","NAME2"
"8","SUMMER S APARTMENT   LATER","1","PARK   DAY"
"2","OFFICE   DAY","1","PARK   DAY"
"1","PARK   DAY","2","OFFICE   DAY"
"3","ELEVATOR   LATER","2","OFFICE   DAY"
"2","OFFICE   DAY","3","ELEVATOR   LATER"
"4","SF MUSEUM OF MODERN ART   DAY","3","ELEVATOR   LATER"
"3","ELEVATOR   LATER","4","SF MUSEUM OF MODERN ART   DAY"
"5","MOVIE THEATER   LATER","4","SF MUSEUM OF MODERN ART   DAY"
"6","MOVIE THEATER   CONT.","5","MOVIE THEATER   LATER"
"4","SF MUSEUM OF MODERN ART   DAY","5","MOVIE THEATER   LATER"
"7","SHOWER   LATER","6","MOVIE THEATER   CONT."
"5","MOVIE THEATER   LATER","6","MOVIE THEATER   CONT."
"8","SUMMER S APARTMENT   LATER","7","SHOWER   LATER"
"6","MOVIE THEATER   CONT.","7","SHOWER   LATER"
"14","FOREST   DAY","8","SUMMER S APARTMENT   LATER"
"15","OFFICE   LATER","8","SUMMER S APARTMENT   LATER"
"11","STREET   DAY","8","SUMMER S APARTMENT   LATER"
"9","SUMMER S APARTMENT   20 MINUTES LATER","8","SUMMER S APARTMENT   LATER"
"1","PARK   DAY","8","SUMMER S APARTMENT   LATER"
"7","SHOWER   LATER","8","SUMMER S APARTMENT   LATER"
"17","BEDROOM   LATER","8","SUMMER S APARTMENT   LATER"
"10","BOOKSTORE   DAY","8","SUMMER S APARTMENT   LATER"
"8","SUMMER S APARTMENT   LATER","9","SUMMER S APARTMENT   20 MINUTES LATER"
"10","BOOKSTORE   DAY","9","SUMMER S APARTMENT   20 MINUTES LATER"
"8","SUMMER S APARTMENT   LATER","10","BOOKSTORE   DAY"
"9","SUMMER S APARTMENT   20 MINUTES LATER","10","BOOKSTORE   DAY"
"16","SPLITSCREEN   BOTH APARTMENTS   THAT NIGHT","11","STREET   DAY"
"8","SUMMER S APARTMENT   LATER","11","STREET   DAY"
"12","YOGA CENTER   NIGHT","11","STREET   DAY"
"17","BEDROOM   LATER","11","STREET   DAY"
"13","HOMELESS SHELTER   DAY","12","YOGA CENTER   NIGHT"
"11","STREET   DAY","12","YOGA CENTER   NIGHT"
"12","YOGA CENTER   NIGHT","13","HOMELESS SHELTER   DAY"
"14","FOREST   DAY","13","HOMELESS SHELTER   DAY"
"13","HOMELESS SHELTER   DAY","14","FOREST   DAY"
"8","SUMMER S APARTMENT   LATER","14","FOREST   DAY"
"8","SUMMER S APARTMENT   LATER","15","OFFICE   LATER"
"16","SPLITSCREEN   BOTH APARTMENTS   THAT NIGHT","15","OFFICE   LATER"
"11","STREET   DAY","16","SPLITSCREEN   BOTH APARTMENTS   THAT NIGHT"
"15","OFFICE   LATER","16","SPLITSCREEN   BOTH APARTMENTS   THAT NIGHT"
"8","SUMMER S APARTMENT   LATER","17","BEDROOM   LATER"
"11","STREET   DAY","17","BEDROOM   LATER"
