"SOURCE","NAME1","TARGET","NAME2"
"99","told","1","girl"
"25","talk","1","girl"
"3","hansen","1","girl"
"9","summer","1","girl"
"9","summer","1","girl"
"83","girlfriend","1","girl"
"8","belief","1","girl"
"57","stuff","1","girl"
"83","girlfriend","1","girl"
"55","good","1","girl"
"85","word","1","girl"
"3","hansen","2","grew"
"107","cards","3","hansen"
"9","summer","3","hansen"
"83","girlfriend","3","hansen"
"24","cares","4","happy"
"3","hansen","4","happy"
"2","grew","4","happy"
"6","movie","5","total"
"5","total","7","music"
"6","movie","7","music"
"9","summer","8","belief"
"29","fucking","9","summer"
"41","life","9","summer"
"42","paul","9","summer"
"55","good","9","summer"
"57","stuff","9","summer"
"92","guys","9","summer"
"13","feel","9","summer"
"83","girlfriend","9","summer"
"70","finally","9","summer"
"90","knew","9","summer"
"107","cards","10","things"
"54","people","10","things"
"110","give","10","things"
"42","paul","11","long"
"12","loved","11","long"
"10","things","11","long"
"38","time","11","long"
"90","knew","11","long"
"10","things","12","loved"
"71","understand","12","loved"
"60","stand","12","loved"
"78","place","12","loved"
"110","give","13","feel"
"92","guys","13","feel"
"43","shit","13","feel"
"40","makes","13","feel"
"18","happened","13","feel"
"54","people","13","feel"
"10","things","13","feel"
"107","cards","13","feel"
"18","happened","15","didn"
"80","work","15","didn"
"10","things","15","didn"
"43","shit","18","happened"
"80","work","18","happened"
"15","didn","19","thought"
"10","things","19","thought"
"21","night","20","great"
"111","number","20","great"
"63","yeah","20","great"
"19","thought","20","great"
"22","crazy","20","great"
"53","pretty","22","crazy"
"21","night","22","crazy"
"9","summer","25","talk"
"101","heart","25","talk"
"38","time","26","back"
"28","fish","29","fucking"
"57","stuff","30","true"
"28","fish","30","true"
"29","fucking","30","true"
"30","true","31","wrong"
"29","fucking","31","wrong"
"10","things","31","wrong"
"19","thought","31","wrong"
"28","fish","31","wrong"
"50","hell","31","wrong"
"15","didn","31","wrong"
"1","girl","32","real"
"105","begin","32","real"
"27","jesus","34","face"
"50","hell","38","time"
"40","makes","38","time"
"110","give","38","time"
"39","hear","38","time"
"38","time","39","hear"
"54","people","39","hear"
"39","hear","40","makes"
"50","hell","40","makes"
"41","life","40","makes"
"13","feel","40","makes"
"55","good","41","life"
"105","begin","41","life"
"13","feel","41","life"
"42","paul","41","life"
"32","real","41","life"
"54","people","41","life"
"90","knew","41","life"
"1","girl","42","paul"
"90","knew","42","paul"
"32","real","42","paul"
"31","wrong","44","family"
"83","girlfriend","45","mckenzie"
"58","world","46","vance"
"47","line","46","vance"
"41","life","49","nice"
"55","good","49","nice"
"39","hear","50","hell"
"49","nice","53","pretty"
"63","yeah","53","pretty"
"55","good","54","people"
"47","line","54","people"
"46","vance","54","people"
"58","world","54","people"
"110","give","54","people"
"107","cards","54","people"
"17","past","55","good"
"21","night","55","good"
"70","finally","55","good"
"87","street","56","walk"
"13","feel","57","stuff"
"83","girlfriend","57","stuff"
"55","good","57","stuff"
"92","guys","57","stuff"
"42","paul","59","women"
"41","life","59","women"
"90","knew","59","women"
"9","summer","59","women"
"71","understand","60","stand"
"25","talk","63","yeah"
"15","didn","63","yeah"
"32","real","66","likes"
"9","summer","67","martin"
"90","knew","70","finally"
"38","time","70","finally"
"11","long","70","finally"
"96","head","72","coming"
"31","wrong","72","coming"
"10","things","72","coming"
"31","wrong","72","coming"
"15","didn","72","coming"
"19","thought","72","coming"
"83","girlfriend","75","lesbian"
"1","girl","81","making"
"13","feel","83","girlfriend"
"92","guys","83","girlfriend"
"85","word","83","girlfriend"
"99","told","83","girlfriend"
"58","world","84","beautiful"
"25","talk","84","beautiful"
"99","told","85","word"
"18","happened","90","knew"
"43","shit","90","knew"
"38","time","90","knew"
"13","feel","90","knew"
"13","feel","90","knew"
"9","summer","95","hate"
"29","fucking","95","hate"
"31","wrong","96","head"
"10","things","96","head"
"19","thought","96","head"
"15","didn","96","head"
"34","face","98","steps"
"57","stuff","100","wouldn"
"51","room","101","heart"
"60","stand","106","left"
"71","understand","106","left"
"12","loved","106","left"
"54","people","107","cards"
"110","give","107","cards"
"47","line","107","cards"
"40","makes","110","give"
"50","hell","110","give"
"39","hear","110","give"
