"SOURCE","NAME1","TARGET","NAME2"
"2","THE BOTTOM OF THE SEA","1","MIR ONE / NORTH ATLANTIC DEEP"
"50","FIRST CLASS SMOKING ROOM ","1","MIR ONE / NORTH ATLANTIC DEEP"
"49","ROSE AND CAL S SUITE ","1","MIR ONE / NORTH ATLANTIC DEEP"
"3","/ MIR ONE AND TWO","2","THE BOTTOM OF THE SEA"
"1","MIR ONE / NORTH ATLANTIC DEEP","2","THE BOTTOM OF THE SEA"
"4","STERN OF DECK OF KEDYSH","3","/ MIR ONE AND TWO"
"2","THE BOTTOM OF THE SEA","3","/ MIR ONE AND TWO"
"103","SHIP-- VARIOUS","4","STERN OF DECK OF KEDYSH"
"5","LAB DECK, PRESERVATION ROOM","4","STERN OF DECK OF KEDYSH"
"3","/ MIR ONE AND TWO","4","STERN OF DECK OF KEDYSH"
"102","BELOWDECKS","4","STERN OF DECK OF KEDYSH"
"4","STERN OF DECK OF KEDYSH","5","LAB DECK, PRESERVATION ROOM"
"6","HOUSE / CERAMICS STUDIO","5","LAB DECK, PRESERVATION ROOM"
"7","KELDYSH DECK ","6","HOUSE / CERAMICS STUDIO"
"5","LAB DECK, PRESERVATION ROOM","6","HOUSE / CERAMICS STUDIO"
"6","HOUSE / CERAMICS STUDIO","7","KELDYSH DECK "
"8","LAB DECK / KELDYSH ","7","KELDYSH DECK "
"114","OCEAN FLOOR / TITANIC WRECK","7","KELDYSH DECK "
"115","KELDYSH STERN DECK","7","KELDYSH DECK "
"9","OCEAN","8","LAB DECK / KELDYSH "
"7","KELDYSH DECK ","8","LAB DECK / KELDYSH "
"107","LIFEBOATS / OCEAN","9","OCEAN"
"106","COLLAPSIBLE A / OCEAN","9","OCEAN"
"108","LIFEBOATS / OCEAN ","9","OCEAN"
"106","COLLAPSIBLE A / OCEAN","9","OCEAN"
"8","LAB DECK / KELDYSH ","9","OCEAN"
"107","LIFEBOATS / OCEAN","9","OCEAN"
"105","OCEAN / UNDERWATER AND SURFACE","9","OCEAN"
"10","KELDYSH HELIPAD","9","OCEAN"
"11","ROSE S STATEROOM / KELDYSH","10","KELDYSH HELIPAD"
"9","OCEAN","10","KELDYSH HELIPAD"
"12","LAB DECK, PRESERVATION AREA","11","ROSE S STATEROOM / KELDYSH"
"10","KELDYSH HELIPAD","11","ROSE S STATEROOM / KELDYSH"
"11","ROSE S STATEROOM / KELDYSH","12","LAB DECK, PRESERVATION AREA"
"13","IMAGING SHACK / KELDYSH","12","LAB DECK, PRESERVATION AREA"
"109","OCEAN / BOAT  4","13","IMAGING SHACK / KELDYSH"
"113","DECK / CARPATHIA","13","IMAGING SHACK / KELDYSH"
"114","OCEAN FLOOR / TITANIC WRECK","13","IMAGING SHACK / KELDYSH"
"12","LAB DECK, PRESERVATION AREA","13","IMAGING SHACK / KELDYSH"
"31","B DECK TITANIC","13","IMAGING SHACK / KELDYSH"
"14","SOUTHAMPTON DOCK","13","IMAGING SHACK / KELDYSH"
"110","LIFEBOATS / OPEN SEA - PRE-DAWN","13","IMAGING SHACK / KELDYSH"
"30","LAUNCH AREA/KELDYSH DECK","13","IMAGING SHACK / KELDYSH"
"15","TERMINAL - TITANIC","14","SOUTHAMPTON DOCK"
"17","AFT WELL DECK / POOP DECK","14","SOUTHAMPTON DOCK"
"18","RIVER TEST","14","SOUTHAMPTON DOCK"
"13","IMAGING SHACK / KELDYSH","14","SOUTHAMPTON DOCK"
"16","TITANIC AND DOCK","15","TERMINAL - TITANIC"
"29","KELDYSH IMAGING SHACK","15","TERMINAL - TITANIC"
"14","SOUTHAMPTON DOCK","15","TERMINAL - TITANIC"
"46","FIRST CLASS LOUNG","15","TERMINAL - TITANIC"
"15","TERMINAL - TITANIC","16","TITANIC AND DOCK"
"104","ENGINE ROOM","16","TITANIC AND DOCK"
"17","AFT WELL DECK / POOP DECK","16","TITANIC AND DOCK"
"105","OCEAN / UNDERWATER AND SURFACE","16","TITANIC AND DOCK"
"14","SOUTHAMPTON DOCK","17","AFT WELL DECK / POOP DECK"
"16","TITANIC AND DOCK","17","AFT WELL DECK / POOP DECK"
"19","THIRD CLASS BERTHING / G-DECK FORWARD","18","RIVER TEST"
"14","SOUTHAMPTON DOCK","18","RIVER TEST"
"20","SUITE B-52-56","19","THIRD CLASS BERTHING / G-DECK FORWARD"
"64","FIRST CLASS CORRIDOR / A-DECK","19","THIRD CLASS BERTHING / G-DECK FORWARD"
"18","RIVER TEST","19","THIRD CLASS BERTHING / G-DECK FORWARD"
"63","/ BRIDGE","19","THIRD CLASS BERTHING / G-DECK FORWARD"
"19","THIRD CLASS BERTHING / G-DECK FORWARD","20","SUITE B-52-56"
"21","FIRST CLASS RECEPTION/ D-DECK","20","SUITE B-52-56"
"22","BOW","21","FIRST CLASS RECEPTION/ D-DECK"
"20","SUITE B-52-56","21","FIRST CLASS RECEPTION/ D-DECK"
"21","FIRST CLASS RECEPTION/ D-DECK","22","BOW"
"23","PALM COURT RESTAURANT","22","BOW"
"22","BOW","23","PALM COURT RESTAURANT"
"24","POOP DECK / AFTER DECKS","23","PALM COURT RESTAURANT"
"23","PALM COURT RESTAURANT","24","POOP DECK / AFTER DECKS"
"27","ROSE S BEDROOM ","24","POOP DECK / AFTER DECKS"
"28","A DECK PROMENADE, AFT ","24","POOP DECK / AFTER DECKS"
"25","FIRST CLASS DINING SALOON ","24","POOP DECK / AFTER DECKS"
"26","CORRIDOR / B DECK ","25","FIRST CLASS DINING SALOON "
"42","GYMNASIUM","25","FIRST CLASS DINING SALOON "
"39","A-DECK FOYER-NIGHT","25","FIRST CLASS DINING SALOON "
"38","D-DECK RECEPTION ROOM","25","FIRST CLASS DINING SALOON "
"24","POOP DECK / AFTER DECKS","25","FIRST CLASS DINING SALOON "
"41","RUTH S SUITE","25","FIRST CLASS DINING SALOON "
"27","ROSE S BEDROOM ","26","CORRIDOR / B DECK "
"25","FIRST CLASS DINING SALOON ","26","CORRIDOR / B DECK "
"24","POOP DECK / AFTER DECKS","27","ROSE S BEDROOM "
"28","A DECK PROMENADE, AFT ","27","ROSE S BEDROOM "
"26","CORRIDOR / B DECK ","27","ROSE S BEDROOM "
"29","KELDYSH IMAGING SHACK","27","ROSE S BEDROOM "
"24","POOP DECK / AFTER DECKS","28","A DECK PROMENADE, AFT "
"35","A DECK PROMENADE / AFT - SUNSET","28","A DECK PROMENADE, AFT "
"34","RECEPTION ROOM / D-DECK","28","A DECK PROMENADE, AFT "
"27","ROSE S BEDROOM ","28","A DECK PROMENADE, AFT "
"15","TERMINAL - TITANIC","29","KELDYSH IMAGING SHACK"
"30","LAUNCH AREA/KELDYSH DECK","29","KELDYSH IMAGING SHACK"
"47","ROSE S SUITE","29","KELDYSH IMAGING SHACK"
"27","ROSE S BEDROOM ","29","KELDYSH IMAGING SHACK"
"29","KELDYSH IMAGING SHACK","30","LAUNCH AREA/KELDYSH DECK"
"13","IMAGING SHACK / KELDYSH","30","LAUNCH AREA/KELDYSH DECK"
"13","IMAGING SHACK / KELDYSH","31","B DECK TITANIC"
"32","THIRD CLASS GENERAL ROOM","31","B DECK TITANIC"
"33","BOAT DECK","32","THIRD CLASS GENERAL ROOM"
"40","ORSE AND CAL S SUITE / PRIVATE PROMENADE","32","THIRD CLASS GENERAL ROOM"
"31","B DECK TITANIC","32","THIRD CLASS GENERAL ROOM"
"39","A-DECK FOYER-NIGHT","32","THIRD CLASS GENERAL ROOM"
"104","ENGINE ROOM","33","BOAT DECK"
"34","RECEPTION ROOM / D-DECK","33","BOAT DECK"
"73","MASTER AT ARMS OFFICE","33","BOAT DECK"
"85","BRIDGE / FORWARD WELL DECK / FOC SLE","33","BOAT DECK"
"84","SCOTLAND ROAD / E-DECK","33","BOAT DECK"
"104","ENGINE ROOM","33","BOAT DECK"
"32","THIRD CLASS GENERAL ROOM","33","BOAT DECK"
"56","WIRELESS ROOM","33","BOAT DECK"
"49","ROSE AND CAL S SUITE ","33","BOAT DECK"
"71","BRIDE / CHARTROOM","33","BOAT DECK"
"33","BOAT DECK","34","RECEPTION ROOM / D-DECK"
"28","A DECK PROMENADE, AFT ","34","RECEPTION ROOM / D-DECK"
"28","A DECK PROMENADE, AFT ","35","A DECK PROMENADE / AFT - SUNSET"
"36","MOLLY BROWN S STATEROOM","35","A DECK PROMENADE / AFT - SUNSET"
"35","A DECK PROMENADE / AFT - SUNSET","36","MOLLY BROWN S STATEROOM"
"37","7 BOAT DECK / FIRST CLAsS ENTRANCE - DUSK","36","MOLLY BROWN S STATEROOM"
"38","D-DECK RECEPTION ROOM","37","7 BOAT DECK / FIRST CLAsS ENTRANCE - DUSK"
"44","BRIDGE / CHARTROOM","37","7 BOAT DECK / FIRST CLAsS ENTRANCE - DUSK"
"45","BOAT DECK / STARBOARD SIDE","37","7 BOAT DECK / FIRST CLAsS ENTRANCE - DUSK"
"36","MOLLY BROWN S STATEROOM","37","7 BOAT DECK / FIRST CLAsS ENTRANCE - DUSK"
"95","GRAND STAIRCASE","38","D-DECK RECEPTION ROOM"
"96","GALLEY / STAIRWELL","38","D-DECK RECEPTION ROOM"
"25","FIRST CLASS DINING SALOON ","38","D-DECK RECEPTION ROOM"
"37","7 BOAT DECK / FIRST CLAsS ENTRANCE - DUSK","38","D-DECK RECEPTION ROOM"
"50","FIRST CLASS SMOKING ROOM ","39","A-DECK FOYER-NIGHT"
"25","FIRST CLASS DINING SALOON ","39","A-DECK FOYER-NIGHT"
"32","THIRD CLASS GENERAL ROOM","39","A-DECK FOYER-NIGHT"
"87","BOAT 6 / TITANIC ","39","A-DECK FOYER-NIGHT"
"41","RUTH S SUITE","40","ORSE AND CAL S SUITE / PRIVATE PROMENADE"
"32","THIRD CLASS GENERAL ROOM","40","ORSE AND CAL S SUITE / PRIVATE PROMENADE"
"25","FIRST CLASS DINING SALOON ","41","RUTH S SUITE"
"40","ORSE AND CAL S SUITE / PRIVATE PROMENADE","41","RUTH S SUITE"
"43","A-DECK / AFT","42","GYMNASIUM"
"45","BOAT DECK / STARBOARD SIDE","42","GYMNASIUM"
"46","FIRST CLASS LOUNG","42","GYMNASIUM"
"25","FIRST CLASS DINING SALOON ","42","GYMNASIUM"
"42","GYMNASIUM","43","A-DECK / AFT"
"44","BRIDGE / CHARTROOM","43","A-DECK / AFT"
"73","MASTER AT ARMS OFFICE","44","BRIDGE / CHARTROOM"
"43","A-DECK / AFT","44","BRIDGE / CHARTROOM"
"66","CORRIDOR ON B DECK","44","BRIDGE / CHARTROOM"
"45","BOAT DECK / STARBOARD SIDE","44","BRIDGE / CHARTROOM"
"37","7 BOAT DECK / FIRST CLAsS ENTRANCE - DUSK","44","BRIDGE / CHARTROOM"
"67","BOILER ROOM 6","44","BRIDGE / CHARTROOM"
"74","BOAT DECK / STARBOARD SIDE, FORWARD","45","BOAT DECK / STARBOARD SIDE"
"42","GYMNASIUM","45","BOAT DECK / STARBOARD SIDE"
"37","7 BOAT DECK / FIRST CLAsS ENTRANCE - DUSK","45","BOAT DECK / STARBOARD SIDE"
"44","BRIDGE / CHARTROOM","45","BOAT DECK / STARBOARD SIDE"
"15","TERMINAL - TITANIC","46","FIRST CLASS LOUNG"
"42","GYMNASIUM","46","FIRST CLASS LOUNG"
"29","KELDYSH IMAGING SHACK","47","ROSE S SUITE"
"48","KELDYSH / IMAGING SHACK","47","ROSE S SUITE"
"49","ROSE AND CAL S SUITE ","48","KELDYSH / IMAGING SHACK"
"47","ROSE S SUITE","48","KELDYSH / IMAGING SHACK"
"48","KELDYSH / IMAGING SHACK","49","ROSE AND CAL S SUITE "
"1","MIR ONE / NORTH ATLANTIC DEEP","49","ROSE AND CAL S SUITE "
"72","STEERAGE BERTHING AFT","49","ROSE AND CAL S SUITE "
"33","BOAT DECK","49","ROSE AND CAL S SUITE "
"51","CORRIDOR OUTSIDE SUITE","49","ROSE AND CAL S SUITE "
"70","MAIL SORTING ROOM / HOLD","49","ROSE AND CAL S SUITE "
"69","B-DECK FOYER / CORRIDOR","49","ROSE AND CAL S SUITE "
"50","FIRST CLASS SMOKING ROOM ","49","ROSE AND CAL S SUITE "
"49","ROSE AND CAL S SUITE ","50","FIRST CLASS SMOKING ROOM "
"1","MIR ONE / NORTH ATLANTIC DEEP","50","FIRST CLASS SMOKING ROOM "
"39","A-DECK FOYER-NIGHT","50","FIRST CLASS SMOKING ROOM "
"55","HOLD #2","50","FIRST CLASS SMOKING ROOM "
"88","/ A-DECK PROMENADE","50","FIRST CLASS SMOKING ROOM "
"54","BOILER ROOM FIVE AND SIX","50","FIRST CLASS SMOKING ROOM "
"49","ROSE AND CAL S SUITE ","51","CORRIDOR OUTSIDE SUITE"
"52","E-DECK FOYER / ELEVATORS","51","CORRIDOR OUTSIDE SUITE"
"64","FIRST CLASS CORRIDOR / A-DECK","52","E-DECK FOYER / ELEVATORS"
"53","F-DECK CORRIDORS / FAN ROOM","52","E-DECK FOYER / ELEVATORS"
"79","OCEAN / BOAT 6","52","E-DECK FOYER / ELEVATORS"
"51","CORRIDOR OUTSIDE SUITE","52","E-DECK FOYER / ELEVATORS"
"52","E-DECK FOYER / ELEVATORS","53","F-DECK CORRIDORS / FAN ROOM"
"54","BOILER ROOM FIVE AND SIX","53","F-DECK CORRIDORS / FAN ROOM"
"50","FIRST CLASS SMOKING ROOM ","54","BOILER ROOM FIVE AND SIX"
"53","F-DECK CORRIDORS / FAN ROOM","54","BOILER ROOM FIVE AND SIX"
"59","ATLANTIC / TITANIC ","55","HOLD #2"
"56","WIRELESS ROOM","55","HOLD #2"
"50","FIRST CLASS SMOKING ROOM ","55","HOLD #2"
"58","OCEAN / TITANIC","55","HOLD #2"
"72","STEERAGE BERTHING AFT","56","WIRELESS ROOM"
"33","BOAT DECK","56","WIRELESS ROOM"
"57","/ WIRELESS SHAK / FREIGHTER CALIFORNIAN","56","WIRELESS ROOM"
"55","HOLD #2","56","WIRELESS ROOM"
"58","OCEAN / TITANIC","57","/ WIRELESS SHAK / FREIGHTER CALIFORNIAN"
"56","WIRELESS ROOM","57","/ WIRELESS SHAK / FREIGHTER CALIFORNIAN"
"57","/ WIRELESS SHAK / FREIGHTER CALIFORNIAN","58","OCEAN / TITANIC"
"55","HOLD #2","58","OCEAN / TITANIC"
"55","HOLD #2","59","ATLANTIC / TITANIC "
"60","BOILER ROOM SIX","59","ATLANTIC / TITANIC "
"59","ATLANTIC / TITANIC ","60","BOILER ROOM SIX"
"61","CAL AND ROSE S SUITE","60","BOILER ROOM SIX"
"60","BOILER ROOM SIX","61","CAL AND ROSE S SUITE"
"62","HOLD #2 ","61","CAL AND ROSE S SUITE"
"85","BRIDGE / FORWARD WELL DECK / FOC SLE","61","CAL AND ROSE S SUITE"
"86","STEERAGE, AFT","61","CAL AND ROSE S SUITE"
"63","/ BRIDGE","62","HOLD #2 "
"61","CAL AND ROSE S SUITE","62","HOLD #2 "
"19","THIRD CLASS BERTHING / G-DECK FORWARD","63","/ BRIDGE"
"62","HOLD #2 ","63","/ BRIDGE"
"65","STEERAGE FORWARD","64","FIRST CLASS CORRIDOR / A-DECK"
"52","E-DECK FOYER / ELEVATORS","64","FIRST CLASS CORRIDOR / A-DECK"
"78","MASTER AT ARMS OFFICE / CORRIDOR","64","FIRST CLASS CORRIDOR / A-DECK"
"19","THIRD CLASS BERTHING / G-DECK FORWARD","64","FIRST CLASS CORRIDOR / A-DECK"
"66","CORRIDOR ON B DECK","65","STEERAGE FORWARD"
"64","FIRST CLASS CORRIDOR / A-DECK","65","STEERAGE FORWARD"
"44","BRIDGE / CHARTROOM","66","CORRIDOR ON B DECK"
"65","STEERAGE FORWARD","66","CORRIDOR ON B DECK"
"44","BRIDGE / CHARTROOM","67","BOILER ROOM 6"
"68","B-DECK FORWARD / WELL DECK","67","BOILER ROOM 6"
"67","BOILER ROOM 6","68","B-DECK FORWARD / WELL DECK"
"69","B-DECK FOYER / CORRIDOR","68","B-DECK FORWARD / WELL DECK"
"68","B-DECK FORWARD / WELL DECK","69","B-DECK FOYER / CORRIDOR"
"49","ROSE AND CAL S SUITE ","69","B-DECK FOYER / CORRIDOR"
"49","ROSE AND CAL S SUITE ","70","MAIL SORTING ROOM / HOLD"
"71","BRIDE / CHARTROOM","70","MAIL SORTING ROOM / HOLD"
"33","BOAT DECK","71","BRIDE / CHARTROOM"
"70","MAIL SORTING ROOM / HOLD","71","BRIDE / CHARTROOM"
"49","ROSE AND CAL S SUITE ","72","STEERAGE BERTHING AFT"
"56","WIRELESS ROOM","72","STEERAGE BERTHING AFT"
"82","STAIRWELL AND CORRIDORS","73","MASTER AT ARMS OFFICE"
"82","STAIRWELL AND CORRIDORS","73","MASTER AT ARMS OFFICE"
"81","TITANIC / BOAT ONE","73","MASTER AT ARMS OFFICE"
"33","BOAT DECK","73","MASTER AT ARMS OFFICE"
"44","BRIDGE / CHARTROOM","73","MASTER AT ARMS OFFICE"
"83","BOAT 6 AND TITANIC","73","MASTER AT ARMS OFFICE"
"75","BOAT DECK / PORT SIDE","74","BOAT DECK / STARBOARD SIDE, FORWARD"
"45","BOAT DECK / STARBOARD SIDE","74","BOAT DECK / STARBOARD SIDE, FORWARD"
"76","BOAT DECK FOYER / STAIRCASE / A-DECK FOYER","75","BOAT DECK / PORT SIDE"
"74","BOAT DECK / STARBOARD SIDE, FORWARD","75","BOAT DECK / PORT SIDE"
"75","BOAT DECK / PORT SIDE","76","BOAT DECK FOYER / STAIRCASE / A-DECK FOYER"
"77","OCEAN / TITANIC / BOAT 6","76","BOAT DECK FOYER / STAIRCASE / A-DECK FOYER"
"104","ENGINE ROOM","77","OCEAN / TITANIC / BOAT 6"
"76","BOAT DECK FOYER / STAIRCASE / A-DECK FOYER","77","OCEAN / TITANIC / BOAT 6"
"103","SHIP-- VARIOUS","77","OCEAN / TITANIC / BOAT 6"
"78","MASTER AT ARMS OFFICE / CORRIDOR","77","OCEAN / TITANIC / BOAT 6"
"81","TITANIC / BOAT ONE","78","MASTER AT ARMS OFFICE / CORRIDOR"
"80","FIRST CLASS ELEVATOR / CORRIDORS","78","MASTER AT ARMS OFFICE / CORRIDOR"
"64","FIRST CLASS CORRIDOR / A-DECK","78","MASTER AT ARMS OFFICE / CORRIDOR"
"77","OCEAN / TITANIC / BOAT 6","78","MASTER AT ARMS OFFICE / CORRIDOR"
"52","E-DECK FOYER / ELEVATORS","79","OCEAN / BOAT 6"
"80","FIRST CLASS ELEVATOR / CORRIDORS","79","OCEAN / BOAT 6"
"78","MASTER AT ARMS OFFICE / CORRIDOR","80","FIRST CLASS ELEVATOR / CORRIDORS"
"79","OCEAN / BOAT 6","80","FIRST CLASS ELEVATOR / CORRIDORS"
"73","MASTER AT ARMS OFFICE","81","TITANIC / BOAT ONE"
"78","MASTER AT ARMS OFFICE / CORRIDOR","81","TITANIC / BOAT ONE"
"90","BOAT DECK, STARBOARD SIDE, AFT","82","STAIRWELL AND CORRIDORS"
"73","MASTER AT ARMS OFFICE","82","STAIRWELL AND CORRIDORS"
"73","MASTER AT ARMS OFFICE","82","STAIRWELL AND CORRIDORS"
"97","E-DECK CORRIDORS","82","STAIRWELL AND CORRIDORS"
"90","BOAT DECK, STARBOARD SIDE, AFT","82","STAIRWELL AND CORRIDORS"
"90","BOAT DECK, STARBOARD SIDE, AFT","82","STAIRWELL AND CORRIDORS"
"84","SCOTLAND ROAD / E-DECK","83","BOAT 6 AND TITANIC"
"73","MASTER AT ARMS OFFICE","83","BOAT 6 AND TITANIC"
"83","BOAT 6 AND TITANIC","84","SCOTLAND ROAD / E-DECK"
"33","BOAT DECK","84","SCOTLAND ROAD / E-DECK"
"33","BOAT DECK","85","BRIDGE / FORWARD WELL DECK / FOC SLE"
"61","CAL AND ROSE S SUITE","85","BRIDGE / FORWARD WELL DECK / FOC SLE"
"87","BOAT 6 / TITANIC ","86","STEERAGE, AFT"
"61","CAL AND ROSE S SUITE","86","STEERAGE, AFT"
"86","STEERAGE, AFT","87","BOAT 6 / TITANIC "
"39","A-DECK FOYER-NIGHT","87","BOAT 6 / TITANIC "
"89","BOAT DECK AND A-DECK, AFT","88","/ A-DECK PROMENADE"
"50","FIRST CLASS SMOKING ROOM ","88","/ A-DECK PROMENADE"
"88","/ A-DECK PROMENADE","89","BOAT DECK AND A-DECK, AFT"
"90","BOAT DECK, STARBOARD SIDE, AFT","89","BOAT DECK AND A-DECK, AFT"
"82","STAIRWELL AND CORRIDORS","90","BOAT DECK, STARBOARD SIDE, AFT"
"82","STAIRWELL AND CORRIDORS","90","BOAT DECK, STARBOARD SIDE, AFT"
"82","STAIRWELL AND CORRIDORS","90","BOAT DECK, STARBOARD SIDE, AFT"
"89","BOAT DECK AND A-DECK, AFT","90","BOAT DECK, STARBOARD SIDE, AFT"
"98","FIRST CLASS SMOKE ROOM","90","BOAT DECK, STARBOARD SIDE, AFT"
"91","BOAT DECK / A-DECK, PORT, AFT","90","BOAT DECK, STARBOARD SIDE, AFT"
"92","BOAT DECK, STARBOARD, AFT","91","BOAT DECK / A-DECK, PORT, AFT"
"90","BOAT DECK, STARBOARD SIDE, AFT","91","BOAT DECK / A-DECK, PORT, AFT"
"93","BOAT DECK, PORT","92","BOAT DECK, STARBOARD, AFT"
"91","BOAT DECK / A-DECK, PORT, AFT","92","BOAT DECK, STARBOARD, AFT"
"94","BOAT DECK, STARBOARD, FORWARD","93","BOAT DECK, PORT"
"92","BOAT DECK, STARBOARD, AFT","93","BOAT DECK, PORT"
"93","BOAT DECK, PORT","94","BOAT DECK, STARBOARD, FORWARD"
"95","GRAND STAIRCASE","94","BOAT DECK, STARBOARD, FORWARD"
"94","BOAT DECK, STARBOARD, FORWARD","95","GRAND STAIRCASE"
"38","D-DECK RECEPTION ROOM","95","GRAND STAIRCASE"
"38","D-DECK RECEPTION ROOM","96","GALLEY / STAIRWELL"
"97","E-DECK CORRIDORS","96","GALLEY / STAIRWELL"
"96","GALLEY / STAIRWELL","97","E-DECK CORRIDORS"
"82","STAIRWELL AND CORRIDORS","97","E-DECK CORRIDORS"
"90","BOAT DECK, STARBOARD SIDE, AFT","98","FIRST CLASS SMOKE ROOM"
"99","BOAT DECK AND VARIOUS LOCATIONS","98","FIRST CLASS SMOKE ROOM"
"100","A-DECK AFT, PORT SIDE","99","BOAT DECK AND VARIOUS LOCATIONS"
"98","FIRST CLASS SMOKE ROOM","99","BOAT DECK AND VARIOUS LOCATIONS"
"99","BOAT DECK AND VARIOUS LOCATIONS","100","A-DECK AFT, PORT SIDE"
"101","FORWARD FUNNEL","100","A-DECK AFT, PORT SIDE"
"102","BELOWDECKS","101","FORWARD FUNNEL"
"100","A-DECK AFT, PORT SIDE","101","FORWARD FUNNEL"
"4","STERN OF DECK OF KEDYSH","102","BELOWDECKS"
"101","FORWARD FUNNEL","102","BELOWDECKS"
"77","OCEAN / TITANIC / BOAT 6","103","SHIP-- VARIOUS"
"4","STERN OF DECK OF KEDYSH","103","SHIP-- VARIOUS"
"33","BOAT DECK","104","ENGINE ROOM"
"77","OCEAN / TITANIC / BOAT 6","104","ENGINE ROOM"
"33","BOAT DECK","104","ENGINE ROOM"
"16","TITANIC AND DOCK","104","ENGINE ROOM"
"16","TITANIC AND DOCK","105","OCEAN / UNDERWATER AND SURFACE"
"9","OCEAN","105","OCEAN / UNDERWATER AND SURFACE"
"9","OCEAN","106","COLLAPSIBLE A / OCEAN"
"9","OCEAN","106","COLLAPSIBLE A / OCEAN"
"9","OCEAN","107","LIFEBOATS / OCEAN"
"9","OCEAN","107","LIFEBOATS / OCEAN"
"9","OCEAN","108","LIFEBOATS / OCEAN "
"109","OCEAN / BOAT  4","108","LIFEBOATS / OCEAN "
"108","LIFEBOATS / OCEAN ","109","OCEAN / BOAT  4"
"13","IMAGING SHACK / KELDYSH","109","OCEAN / BOAT  4"
"111","LIFEBOATS / OPEN SEA - DAWN","110","LIFEBOATS / OPEN SEA - PRE-DAWN"
"13","IMAGING SHACK / KELDYSH","110","LIFEBOATS / OPEN SEA - PRE-DAWN"
"112","LIFEBOATS / OCEAN / CARPATHIA MONTAGE","111","LIFEBOATS / OPEN SEA - DAWN"
"110","LIFEBOATS / OPEN SEA - PRE-DAWN","111","LIFEBOATS / OPEN SEA - DAWN"
"111","LIFEBOATS / OPEN SEA - DAWN","112","LIFEBOATS / OCEAN / CARPATHIA MONTAGE"
"113","DECK / CARPATHIA","112","LIFEBOATS / OCEAN / CARPATHIA MONTAGE"
"112","LIFEBOATS / OCEAN / CARPATHIA MONTAGE","113","DECK / CARPATHIA"
"13","IMAGING SHACK / KELDYSH","113","DECK / CARPATHIA"
"7","KELDYSH DECK ","114","OCEAN FLOOR / TITANIC WRECK"
"13","IMAGING SHACK / KELDYSH","114","OCEAN FLOOR / TITANIC WRECK"
"116","ROSE S CABIN / KELDYSH","115","KELDYSH STERN DECK"
"7","KELDYSH DECK ","115","KELDYSH STERN DECK"
"115","KELDYSH STERN DECK","116","ROSE S CABIN / KELDYSH"
