"SOURCE","NAME1","TARGET","NAME2"
"6","hull","2","bodine"
"4","lovett","2","bodine"
"5","long","2","bodine"
"3","titanic","2","bodine"
"1","great","2","bodine"
"35","back","3","titanic"
"39","give","3","titanic"
"23","brock","3","titanic"
"4","lovett","3","titanic"
"16","find","3","titanic"
"21","russian","3","titanic"
"22","wreck","3","titanic"
"69","hand","3","titanic"
"15","ship","3","titanic"
"1","great","3","titanic"
"30","rose","3","titanic"
"28","ocean","4","lovett"
"1","great","4","lovett"
"23","brock","4","lovett"
"21","russian","4","lovett"
"3","titanic","4","lovett"
"22","wreck","4","lovett"
"5","long","4","lovett"
"1","great","5","long"
"77","father","5","long"
"3","titanic","5","long"
"15","ship","5","long"
"1","great","6","hull"
"5","long","6","hull"
"3","titanic","6","hull"
"4","lovett","6","hull"
"35","back","7","room"
"35","back","7","room"
"13","moment","7","room"
"30","rose","7","room"
"113","boiler","7","room"
"90","hold","7","room"
"94","boat","7","room"
"29","water","7","room"
"7","room","8","heading"
"18","deck","9","stay"
"72","women","9","stay"
"35","back","9","stay"
"29","water","9","stay"
"5","long","9","stay"
"35","back","9","stay"
"15","ship","9","stay"
"2","bodine","10","easy"
"10","easy","11","slow"
"2","bodine","11","slow"
"15","ship","12","time"
"5","long","12","time"
"9","stay","12","time"
"23","brock","12","time"
"3","titanic","12","time"
"35","back","12","time"
"13","moment","12","time"
"15","ship","13","moment"
"3","titanic","13","moment"
"90","hold","13","moment"
"94","boat","13","moment"
"12","time","13","moment"
"1","great","14","money"
"12","time","14","money"
"15","ship","14","money"
"35","back","14","money"
"13","moment","14","money"
"76","cold","14","money"
"12","time","15","ship"
"35","back","15","ship"
"26","years","15","ship"
"30","rose","15","ship"
"35","back","15","ship"
"18","deck","15","ship"
"16","find","15","ship"
"22","wreck","16","find"
"23","brock","16","find"
"85","lovejoy","16","find"
"15","ship","16","find"
"13","moment","16","find"
"14","money","16","find"
"12","time","16","find"
"35","back","16","find"
"21","russian","16","find"
"4","lovett","16","find"
"35","back","18","deck"
"7","room","18","deck"
"38","people","18","deck"
"30","rose","18","deck"
"115","white","18","deck"
"94","boat","18","deck"
"68","moving","18","deck"
"29","water","18","deck"
"94","boat","18","deck"
"18","deck","19","mother"
"7","room","19","mother"
"22","wreck","21","russian"
"23","brock","21","russian"
"23","brock","22","wreck"
"4","lovett","23","brock"
"53","good","24","things"
"35","back","24","things"
"26","years","24","things"
"1","great","24","things"
"26","years","25","enormous"
"24","things","25","enormous"
"89","feel","26","years"
"24","things","26","years"
"12","time","26","years"
"49","falls","27","continued"
"16","find","27","continued"
"28","ocean","27","continued"
"16","find","28","ocean"
"12","time","28","ocean"
"26","years","28","ocean"
"7","room","29","water"
"40","feet","29","water"
"30","rose","29","water"
"122","surface","29","water"
"35","back","29","water"
"113","boiler","29","water"
"39","give","30","rose"
"39","give","30","rose"
"53","good","30","rose"
"122","surface","30","rose"
"15","ship","30","rose"
"73","moves","30","rose"
"31","picture","30","rose"
"60","girl","30","rose"
"94","boat","30","rose"
"32","woman","30","rose"
"15","ship","30","rose"
"19","mother","30","rose"
"87","open","30","rose"
"65","wait","30","rose"
"32","woman","31","picture"
"31","picture","32","woman"
"120","voice","34","heard"
"43","coming","34","heard"
"94","boat","34","heard"
"38","people","34","heard"
"9","stay","35","back"
"94","boat","35","back"
"13","moment","35","back"
"8","heading","35","back"
"82","arms","35","back"
"69","hand","35","back"
"7","room","35","back"
"61","inside","35","back"
"30","rose","35","back"
"90","hold","35","back"
"28","ocean","37","blue"
"12","time","37","blue"
"35","back","38","people"
"16","find","38","people"
"54","steerage","38","people"
"121","crying","40","feet"
"7","room","40","feet"
"38","people","43","coming"
"30","rose","43","coming"
"85","lovejoy","43","coming"
"35","back","43","coming"
"64","kind","44","forward"
"113","boiler","44","forward"
"78","body","44","forward"
"79","breath","44","forward"
"76","cold","44","forward"
"7","room","44","forward"
"29","water","44","forward"
"109","warm","52","ruth"
"9","stay","52","ruth"
"81","jack","53","good"
"60","girl","53","good"
"69","hand","53","good"
"30","rose","53","good"
"35","back","53","good"
"15","ship","53","good"
"98","table","53","good"
"81","jack","53","good"
"35","back","53","good"
"35","back","54","steerage"
"16","find","54","steerage"
"12","time","56","running"
"13","moment","62","life"
"97","quickly","65","wait"
"119","gate","65","wait"
"69","hand","65","wait"
"94","boat","65","wait"
"65","wait","66","passengers"
"38","people","68","moving"
"5","long","68","moving"
"9","stay","68","moving"
"15","ship","68","moving"
"29","water","69","hand"
"98","table","69","hand"
"16","find","69","hand"
"79","breath","69","hand"
"30","rose","69","hand"
"39","give","69","hand"
"60","girl","69","hand"
"53","good","69","hand"
"122","surface","69","hand"
"12","time","69","hand"
"15","ship","70","andrews"
"30","rose","70","andrews"
"103","children","72","women"
"103","children","72","women"
"35","back","72","women"
"103","children","72","women"
"103","children","72","women"
"103","children","72","women"
"103","children","72","women"
"29","water","76","cold"
"109","warm","76","cold"
"61","inside","76","cold"
"1","great","76","cold"
"64","kind","76","cold"
"102","dress","76","cold"
"35","back","76","cold"
"49","falls","77","father"
"76","cold","78","body"
"64","kind","78","body"
"30","rose","79","breath"
"64","kind","79","breath"
"29","water","79","breath"
"76","cold","79","breath"
"78","body","79","breath"
"93","wind","79","breath"
"122","surface","79","breath"
"35","back","80","rail"
"27","continued","81","jack"
"85","lovejoy","84","twenty"
"12","time","86","mighty"
"39","give","87","open"
"24","things","89","feel"
"69","hand","90","hold"
"27","continued","90","hold"
"43","coming","90","hold"
"60","girl","90","hold"
"30","rose","90","hold"
"35","back","90","hold"
"53","good","90","hold"
"69","hand","90","hold"
"3","titanic","92","past"
"68","moving","94","boat"
"90","hold","94","boat"
"97","quickly","94","boat"
"49","falls","94","boat"
"84","twenty","94","boat"
"30","rose","94","boat"
"38","people","94","boat"
"17","face","94","boat"
"95","shoulder","96","walks"
"94","boat","97","quickly"
"53","good","99","slaps"
"69","hand","99","slaps"
"98","table","99","slaps"
"69","hand","100","place"
"101","pier","100","place"
"3","titanic","100","place"
"109","warm","102","dress"
"35","back","103","children"
"36","takes","109","warm"
"41","starboard","110","port"
"12","time","111","enter"
"40","feet","113","boiler"
"29","water","113","boiler"
"7","room","113","boiler"
"15","ship","114","officer"
"94","boat","115","white"
"38","people","115","white"
"68","moving","115","white"
"27","continued","116","tommy"
"38","people","120","voice"
"43","coming","120","voice"
