"SOURCE","NAME1","TARGET","NAME2"
"28","SAM","1","BELLA "
"12","CARLISLE","1","BELLA "
"16","BILLY","1","BELLA "
"38","ITALIAN MAN","1","BELLA "
"2","EDWARD ","1","BELLA "
"10","ROMEO","1","BELLA "
"18","JASPER","1","BELLA "
"11","MR. BERTY","1","BELLA "
"8","JACOB ","1","BELLA "
"5","JESSICA","1","BELLA "
"15","ROSALIE","1","BELLA "
"5","JESSICA","1","BELLA "
"21","GUY #1","1","BELLA "
"9","ALICE","1","BELLA "
"34","ROSALIE ","1","BELLA "
"42","GIANNA","1","BELLA "
"33","DENISE","1","BELLA "
"13","ESME","1","BELLA "
"24","NATE","1","BELLA "
"7","ERIC","1","BELLA "
"6","ANGELA","1","BELLA "
"31","EMILY","1","BELLA "
"13","ESME","1","BELLA "
"9","ALICE","1","BELLA "
"45","TOURIST WIFE","1","BELLA "
"6","ANGELA","1","BELLA "
"15","ROSALIE","1","BELLA "
"44","TOURIST HUSBAND","1","BELLA "
"4","MIKE ","1","BELLA "
"41","JANE ","1","BELLA "
"37","MARCUS","1","BELLA "
"3","CHARLIE","1","BELLA "
"43","HEIDI","1","BELLA "
"29","PAUL","1","BELLA "
"19","BOB","1","BELLA "
"46","DRIVER","1","BELLA "
"14","EMMETT","1","BELLA "
"14","EMMETT","1","BELLA "
"3","CHARLIE","1","BELLA "
"2","EDWARD ","1","BELLA "
"30","JARED","1","BELLA "
"22","GUY #2","1","BELLA "
"32","VICTORIA","1","BELLA "
"39","FELIX","1","BELLA "
"17","HARRY CLEARWATER","1","BELLA "
"4","MIKE ","1","BELLA "
"23","TIM","1","BELLA "
"20","MAN'S VOICE ","1","BELLA "
"36","CAIUS","1","BELLA "
"7","ERIC","1","BELLA "
"12","CARLISLE","1","BELLA "
"26","EMBRY","1","BELLA "
"35","ARO","1","BELLA "
"25","QUIL ","1","BELLA "
"40","DEMETRI","1","BELLA "
"8","JACOB ","1","BELLA "
"27","LAURENT","1","BELLA "
"44","TOURIST HUSBAND","2","EDWARD "
"21","GUY #1","2","EDWARD "
"22","GUY #2","2","EDWARD "
"6","ANGELA","2","EDWARD "
"15","ROSALIE","2","EDWARD "
"1","BELLA ","2","EDWARD "
"46","DRIVER","2","EDWARD "
"20","MAN'S VOICE ","2","EDWARD "
"42","GIANNA","2","EDWARD "
"3","CHARLIE","2","EDWARD "
"23","TIM","2","EDWARD "
"8","JACOB ","2","EDWARD "
"38","ITALIAN MAN","2","EDWARD "
"4","MIKE ","2","EDWARD "
"28","SAM","2","EDWARD "
"9","ALICE","2","EDWARD "
"11","MR. BERTY","2","EDWARD "
"1","BELLA ","2","EDWARD "
"27","LAURENT","2","EDWARD "
"26","EMBRY","2","EDWARD "
"6","ANGELA","2","EDWARD "
"32","VICTORIA","2","EDWARD "
"9","ALICE","2","EDWARD "
"39","FELIX","2","EDWARD "
"35","ARO","2","EDWARD "
"25","QUIL ","2","EDWARD "
"18","JASPER","2","EDWARD "
"31","EMILY","2","EDWARD "
"13","ESME","2","EDWARD "
"19","BOB","2","EDWARD "
"13","ESME","2","EDWARD "
"45","TOURIST WIFE","2","EDWARD "
"7","ERIC","2","EDWARD "
"15","ROSALIE","2","EDWARD "
"37","MARCUS","2","EDWARD "
"12","CARLISLE","2","EDWARD "
"5","JESSICA","2","EDWARD "
"8","JACOB ","2","EDWARD "
"5","JESSICA","2","EDWARD "
"10","ROMEO","2","EDWARD "
"43","HEIDI","2","EDWARD "
"7","ERIC","2","EDWARD "
"30","JARED","2","EDWARD "
"36","CAIUS","2","EDWARD "
"34","ROSALIE ","2","EDWARD "
"33","DENISE","2","EDWARD "
"3","CHARLIE","2","EDWARD "
"40","DEMETRI","2","EDWARD "
"24","NATE","2","EDWARD "
"14","EMMETT","2","EDWARD "
"16","BILLY","2","EDWARD "
"14","EMMETT","2","EDWARD "
"12","CARLISLE","2","EDWARD "
"17","HARRY CLEARWATER","2","EDWARD "
"4","MIKE ","2","EDWARD "
"41","JANE ","2","EDWARD "
"29","PAUL","2","EDWARD "
"42","GIANNA","3","CHARLIE"
"19","BOB","3","CHARLIE"
"4","MIKE ","3","CHARLIE"
"38","ITALIAN MAN","3","CHARLIE"
"2","EDWARD ","3","CHARLIE"
"25","QUIL ","3","CHARLIE"
"7","ERIC","3","CHARLIE"
"45","TOURIST WIFE","3","CHARLIE"
"13","ESME","3","CHARLIE"
"8","JACOB ","3","CHARLIE"
"6","ANGELA","3","CHARLIE"
"28","SAM","3","CHARLIE"
"9","ALICE","3","CHARLIE"
"15","ROSALIE","3","CHARLIE"
"34","ROSALIE ","3","CHARLIE"
"14","EMMETT","3","CHARLIE"
"35","ARO","3","CHARLIE"
"44","TOURIST HUSBAND","3","CHARLIE"
"31","EMILY","3","CHARLIE"
"11","MR. BERTY","3","CHARLIE"
"30","JARED","3","CHARLIE"
"21","GUY #1","3","CHARLIE"
"29","PAUL","3","CHARLIE"
"12","CARLISLE","3","CHARLIE"
"2","EDWARD ","3","CHARLIE"
"10","ROMEO","3","CHARLIE"
"5","JESSICA","3","CHARLIE"
"1","BELLA ","3","CHARLIE"
"22","GUY #2","3","CHARLIE"
"15","ROSALIE","3","CHARLIE"
"32","VICTORIA","3","CHARLIE"
"14","EMMETT","3","CHARLIE"
"36","CAIUS","3","CHARLIE"
"5","JESSICA","3","CHARLIE"
"33","DENISE","3","CHARLIE"
"8","JACOB ","3","CHARLIE"
"13","ESME","3","CHARLIE"
"37","MARCUS","3","CHARLIE"
"20","MAN'S VOICE ","3","CHARLIE"
"17","HARRY CLEARWATER","3","CHARLIE"
"6","ANGELA","3","CHARLIE"
"43","HEIDI","3","CHARLIE"
"7","ERIC","3","CHARLIE"
"26","EMBRY","3","CHARLIE"
"41","JANE ","3","CHARLIE"
"24","NATE","3","CHARLIE"
"23","TIM","3","CHARLIE"
"39","FELIX","3","CHARLIE"
"40","DEMETRI","3","CHARLIE"
"16","BILLY","3","CHARLIE"
"27","LAURENT","3","CHARLIE"
"18","JASPER","3","CHARLIE"
"12","CARLISLE","3","CHARLIE"
"4","MIKE ","3","CHARLIE"
"46","DRIVER","3","CHARLIE"
"1","BELLA ","3","CHARLIE"
"9","ALICE","3","CHARLIE"
"34","ROSALIE ","4","MIKE "
"24","NATE","4","MIKE "
"14","EMMETT","4","MIKE "
"14","EMMETT","4","MIKE "
"7","ERIC","4","MIKE "
"1","BELLA ","4","MIKE "
"33","DENISE","4","MIKE "
"5","JESSICA","4","MIKE "
"21","GUY #1","4","MIKE "
"38","ITALIAN MAN","4","MIKE "
"44","TOURIST HUSBAND","4","MIKE "
"9","ALICE","4","MIKE "
"26","EMBRY","4","MIKE "
"7","ERIC","4","MIKE "
"6","ANGELA","4","MIKE "
"40","DEMETRI","4","MIKE "
"27","LAURENT","4","MIKE "
"17","HARRY CLEARWATER","4","MIKE "
"3","CHARLIE","4","MIKE "
"22","GUY #2","4","MIKE "
"11","MR. BERTY","4","MIKE "
"29","PAUL","4","MIKE "
"1","BELLA ","4","MIKE "
"35","ARO","4","MIKE "
"32","VICTORIA","4","MIKE "
"10","ROMEO","4","MIKE "
"15","ROSALIE","4","MIKE "
"36","CAIUS","4","MIKE "
"19","BOB","4","MIKE "
"37","MARCUS","4","MIKE "
"41","JANE ","4","MIKE "
"8","JACOB ","4","MIKE "
"16","BILLY","4","MIKE "
"9","ALICE","4","MIKE "
"23","TIM","4","MIKE "
"31","EMILY","4","MIKE "
"2","EDWARD ","4","MIKE "
"18","JASPER","4","MIKE "
"8","JACOB ","4","MIKE "
"12","CARLISLE","4","MIKE "
"45","TOURIST WIFE","4","MIKE "
"6","ANGELA","4","MIKE "
"13","ESME","4","MIKE "
"28","SAM","4","MIKE "
"25","QUIL ","4","MIKE "
"39","FELIX","4","MIKE "
"30","JARED","4","MIKE "
"46","DRIVER","4","MIKE "
"5","JESSICA","4","MIKE "
"43","HEIDI","4","MIKE "
"3","CHARLIE","4","MIKE "
"13","ESME","4","MIKE "
"2","EDWARD ","4","MIKE "
"12","CARLISLE","4","MIKE "
"20","MAN'S VOICE ","4","MIKE "
"42","GIANNA","4","MIKE "
"15","ROSALIE","4","MIKE "
"13","ESME","5","JESSICA"
"1","BELLA ","5","JESSICA"
"14","EMMETT","5","JESSICA"
"27","LAURENT","5","JESSICA"
"13","ESME","5","JESSICA"
"2","EDWARD ","5","JESSICA"
"20","MAN'S VOICE ","5","JESSICA"
"4","MIKE ","5","JESSICA"
"43","HEIDI","5","JESSICA"
"10","ROMEO","5","JESSICA"
"3","CHARLIE","5","JESSICA"
"4","MIKE ","5","JESSICA"
"23","TIM","5","JESSICA"
"34","ROSALIE ","5","JESSICA"
"22","GUY #2","5","JESSICA"
"41","JANE ","5","JESSICA"
"44","TOURIST HUSBAND","5","JESSICA"
"25","QUIL ","5","JESSICA"
"26","EMBRY","5","JESSICA"
"31","EMILY","5","JESSICA"
"12","CARLISLE","5","JESSICA"
"8","JACOB ","5","JESSICA"
"33","DENISE","5","JESSICA"
"45","TOURIST WIFE","5","JESSICA"
"9","ALICE","5","JESSICA"
"40","DEMETRI","5","JESSICA"
"6","ANGELA","5","JESSICA"
"21","GUY #1","5","JESSICA"
"17","HARRY CLEARWATER","5","JESSICA"
"15","ROSALIE","5","JESSICA"
"29","PAUL","5","JESSICA"
"14","EMMETT","5","JESSICA"
"35","ARO","5","JESSICA"
"15","ROSALIE","5","JESSICA"
"7","ERIC","5","JESSICA"
"30","JARED","5","JESSICA"
"1","BELLA ","5","JESSICA"
"19","BOB","5","JESSICA"
"7","ERIC","5","JESSICA"
"6","ANGELA","5","JESSICA"
"46","DRIVER","5","JESSICA"
"28","SAM","5","JESSICA"
"2","EDWARD ","5","JESSICA"
"42","GIANNA","5","JESSICA"
"3","CHARLIE","5","JESSICA"
"39","FELIX","5","JESSICA"
"9","ALICE","5","JESSICA"
"11","MR. BERTY","5","JESSICA"
"18","JASPER","5","JESSICA"
"8","JACOB ","5","JESSICA"
"38","ITALIAN MAN","5","JESSICA"
"24","NATE","5","JESSICA"
"37","MARCUS","5","JESSICA"
"32","VICTORIA","5","JESSICA"
"36","CAIUS","5","JESSICA"
"12","CARLISLE","5","JESSICA"
"16","BILLY","5","JESSICA"
"31","EMILY","6","ANGELA"
"34","ROSALIE ","6","ANGELA"
"13","ESME","6","ANGELA"
"40","DEMETRI","6","ANGELA"
"10","ROMEO","6","ANGELA"
"36","CAIUS","6","ANGELA"
"15","ROSALIE","6","ANGELA"
"2","EDWARD ","6","ANGELA"
"32","VICTORIA","6","ANGELA"
"25","QUIL ","6","ANGELA"
"12","CARLISLE","6","ANGELA"
"19","BOB","6","ANGELA"
"20","MAN'S VOICE ","6","ANGELA"
"16","BILLY","6","ANGELA"
"1","BELLA ","6","ANGELA"
"43","HEIDI","6","ANGELA"
"46","DRIVER","6","ANGELA"
"11","MR. BERTY","6","ANGELA"
"28","SAM","6","ANGELA"
"8","JACOB ","6","ANGELA"
"44","TOURIST HUSBAND","6","ANGELA"
"33","DENISE","6","ANGELA"
"26","EMBRY","6","ANGELA"
"41","JANE ","6","ANGELA"
"3","CHARLIE","6","ANGELA"
"38","ITALIAN MAN","6","ANGELA"
"27","LAURENT","6","ANGELA"
"8","JACOB ","6","ANGELA"
"23","TIM","6","ANGELA"
"4","MIKE ","6","ANGELA"
"24","NATE","6","ANGELA"
"9","ALICE","6","ANGELA"
"37","MARCUS","6","ANGELA"
"3","CHARLIE","6","ANGELA"
"15","ROSALIE","6","ANGELA"
"13","ESME","6","ANGELA"
"7","ERIC","6","ANGELA"
"4","MIKE ","6","ANGELA"
"42","GIANNA","6","ANGELA"
"7","ERIC","6","ANGELA"
"2","EDWARD ","6","ANGELA"
"29","PAUL","6","ANGELA"
"14","EMMETT","6","ANGELA"
"35","ARO","6","ANGELA"
"9","ALICE","6","ANGELA"
"21","GUY #1","6","ANGELA"
"1","BELLA ","6","ANGELA"
"14","EMMETT","6","ANGELA"
"30","JARED","6","ANGELA"
"5","JESSICA","6","ANGELA"
"39","FELIX","6","ANGELA"
"12","CARLISLE","6","ANGELA"
"17","HARRY CLEARWATER","6","ANGELA"
"5","JESSICA","6","ANGELA"
"22","GUY #2","6","ANGELA"
"45","TOURIST WIFE","6","ANGELA"
"18","JASPER","6","ANGELA"
"5","JESSICA","7","ERIC"
"12","CARLISLE","7","ERIC"
"28","SAM","7","ERIC"
"42","GIANNA","7","ERIC"
"40","DEMETRI","7","ERIC"
"6","ANGELA","7","ERIC"
"3","CHARLIE","7","ERIC"
"1","BELLA ","7","ERIC"
"41","JANE ","7","ERIC"
"45","TOURIST WIFE","7","ERIC"
"2","EDWARD ","7","ERIC"
"19","BOB","7","ERIC"
"34","ROSALIE ","7","ERIC"
"11","MR. BERTY","7","ERIC"
"37","MARCUS","7","ERIC"
"14","EMMETT","7","ERIC"
"31","EMILY","7","ERIC"
"17","HARRY CLEARWATER","7","ERIC"
"14","EMMETT","7","ERIC"
"1","BELLA ","7","ERIC"
"15","ROSALIE","7","ERIC"
"29","PAUL","7","ERIC"
"8","JACOB ","7","ERIC"
"32","VICTORIA","7","ERIC"
"44","TOURIST HUSBAND","7","ERIC"
"10","ROMEO","7","ERIC"
"23","TIM","7","ERIC"
"13","ESME","7","ERIC"
"3","CHARLIE","7","ERIC"
"4","MIKE ","7","ERIC"
"27","LAURENT","7","ERIC"
"43","HEIDI","7","ERIC"
"15","ROSALIE","7","ERIC"
"6","ANGELA","7","ERIC"
"24","NATE","7","ERIC"
"33","DENISE","7","ERIC"
"4","MIKE ","7","ERIC"
"30","JARED","7","ERIC"
"13","ESME","7","ERIC"
"38","ITALIAN MAN","7","ERIC"
"25","QUIL ","7","ERIC"
"9","ALICE","7","ERIC"
"5","JESSICA","7","ERIC"
"16","BILLY","7","ERIC"
"2","EDWARD ","7","ERIC"
"22","GUY #2","7","ERIC"
"26","EMBRY","7","ERIC"
"20","MAN'S VOICE ","7","ERIC"
"21","GUY #1","7","ERIC"
"18","JASPER","7","ERIC"
"9","ALICE","7","ERIC"
"39","FELIX","7","ERIC"
"46","DRIVER","7","ERIC"
"8","JACOB ","7","ERIC"
"12","CARLISLE","7","ERIC"
"36","CAIUS","7","ERIC"
"35","ARO","7","ERIC"
"13","ESME","8","JACOB "
"38","ITALIAN MAN","8","JACOB "
"2","EDWARD ","8","JACOB "
"46","DRIVER","8","JACOB "
"21","GUY #1","8","JACOB "
"4","MIKE ","8","JACOB "
"9","ALICE","8","JACOB "
"2","EDWARD ","8","JACOB "
"33","DENISE","8","JACOB "
"4","MIKE ","8","JACOB "
"29","PAUL","8","JACOB "
"32","VICTORIA","8","JACOB "
"3","CHARLIE","8","JACOB "
"1","BELLA ","8","JACOB "
"9","ALICE","8","JACOB "
"43","HEIDI","8","JACOB "
"41","JANE ","8","JACOB "
"26","EMBRY","8","JACOB "
"39","FELIX","8","JACOB "
"35","ARO","8","JACOB "
"30","JARED","8","JACOB "
"19","BOB","8","JACOB "
"12","CARLISLE","8","JACOB "
"28","SAM","8","JACOB "
"6","ANGELA","8","JACOB "
"37","MARCUS","8","JACOB "
"25","QUIL ","8","JACOB "
"3","CHARLIE","8","JACOB "
"24","NATE","8","JACOB "
"12","CARLISLE","8","JACOB "
"40","DEMETRI","8","JACOB "
"31","EMILY","8","JACOB "
"14","EMMETT","8","JACOB "
"16","BILLY","8","JACOB "
"14","EMMETT","8","JACOB "
"6","ANGELA","8","JACOB "
"7","ERIC","8","JACOB "
"36","CAIUS","8","JACOB "
"5","JESSICA","8","JACOB "
"11","MR. BERTY","8","JACOB "
"45","TOURIST WIFE","8","JACOB "
"17","HARRY CLEARWATER","8","JACOB "
"34","ROSALIE ","8","JACOB "
"20","MAN'S VOICE ","8","JACOB "
"23","TIM","8","JACOB "
"13","ESME","8","JACOB "
"5","JESSICA","8","JACOB "
"42","GIANNA","8","JACOB "
"7","ERIC","8","JACOB "
"22","GUY #2","8","JACOB "
"1","BELLA ","8","JACOB "
"15","ROSALIE","8","JACOB "
"27","LAURENT","8","JACOB "
"15","ROSALIE","8","JACOB "
"44","TOURIST HUSBAND","8","JACOB "
"10","ROMEO","8","JACOB "
"18","JASPER","8","JACOB "
"40","DEMETRI","9","ALICE"
"14","EMMETT","9","ALICE"
"11","MR. BERTY","9","ALICE"
"46","DRIVER","9","ALICE"
"32","VICTORIA","9","ALICE"
"8","JACOB ","9","ALICE"
"33","DENISE","9","ALICE"
"8","JACOB ","9","ALICE"
"23","TIM","9","ALICE"
"22","GUY #2","9","ALICE"
"42","GIANNA","9","ALICE"
"45","TOURIST WIFE","9","ALICE"
"20","MAN'S VOICE ","9","ALICE"
"30","JARED","9","ALICE"
"4","MIKE ","9","ALICE"
"5","JESSICA","9","ALICE"
"5","JESSICA","9","ALICE"
"3","CHARLIE","9","ALICE"
"3","CHARLIE","9","ALICE"
"13","ESME","9","ALICE"
"1","BELLA ","9","ALICE"
"38","ITALIAN MAN","9","ALICE"
"35","ARO","9","ALICE"
"15","ROSALIE","9","ALICE"
"26","EMBRY","9","ALICE"
"34","ROSALIE ","9","ALICE"
"41","JANE ","9","ALICE"
"17","HARRY CLEARWATER","9","ALICE"
"18","JASPER","9","ALICE"
"31","EMILY","9","ALICE"
"10","ROMEO","9","ALICE"
"27","LAURENT","9","ALICE"
"24","NATE","9","ALICE"
"15","ROSALIE","9","ALICE"
"12","CARLISLE","9","ALICE"
"43","HEIDI","9","ALICE"
"2","EDWARD ","9","ALICE"
"1","BELLA ","9","ALICE"
"44","TOURIST HUSBAND","9","ALICE"
"4","MIKE ","9","ALICE"
"29","PAUL","9","ALICE"
"19","BOB","9","ALICE"
"6","ANGELA","9","ALICE"
"7","ERIC","9","ALICE"
"36","CAIUS","9","ALICE"
"37","MARCUS","9","ALICE"
"25","QUIL ","9","ALICE"
"13","ESME","9","ALICE"
"16","BILLY","9","ALICE"
"14","EMMETT","9","ALICE"
"28","SAM","9","ALICE"
"2","EDWARD ","9","ALICE"
"7","ERIC","9","ALICE"
"39","FELIX","9","ALICE"
"6","ANGELA","9","ALICE"
"21","GUY #1","9","ALICE"
"12","CARLISLE","9","ALICE"
"6","ANGELA","10","ROMEO"
"8","JACOB ","10","ROMEO"
"11","MR. BERTY","10","ROMEO"
"2","EDWARD ","10","ROMEO"
"4","MIKE ","10","ROMEO"
"15","ROSALIE","10","ROMEO"
"7","ERIC","10","ROMEO"
"3","CHARLIE","10","ROMEO"
"9","ALICE","10","ROMEO"
"14","EMMETT","10","ROMEO"
"12","CARLISLE","10","ROMEO"
"5","JESSICA","10","ROMEO"
"13","ESME","10","ROMEO"
"1","BELLA ","10","ROMEO"
"7","ERIC","11","MR. BERTY"
"2","EDWARD ","11","MR. BERTY"
"5","JESSICA","11","MR. BERTY"
"10","ROMEO","11","MR. BERTY"
"12","CARLISLE","11","MR. BERTY"
"4","MIKE ","11","MR. BERTY"
"14","EMMETT","11","MR. BERTY"
"6","ANGELA","11","MR. BERTY"
"15","ROSALIE","11","MR. BERTY"
"1","BELLA ","11","MR. BERTY"
"3","CHARLIE","11","MR. BERTY"
"8","JACOB ","11","MR. BERTY"
"13","ESME","11","MR. BERTY"
"9","ALICE","11","MR. BERTY"
"14","EMMETT","12","CARLISLE"
"7","ERIC","12","CARLISLE"
"5","JESSICA","12","CARLISLE"
"8","JACOB ","12","CARLISLE"
"9","ALICE","12","CARLISLE"
"25","QUIL ","12","CARLISLE"
"1","BELLA ","12","CARLISLE"
"41","JANE ","12","CARLISLE"
"21","GUY #1","12","CARLISLE"
"4","MIKE ","12","CARLISLE"
"38","ITALIAN MAN","12","CARLISLE"
"6","ANGELA","12","CARLISLE"
"23","TIM","12","CARLISLE"
"42","GIANNA","12","CARLISLE"
"7","ERIC","12","CARLISLE"
"20","MAN'S VOICE ","12","CARLISLE"
"36","CAIUS","12","CARLISLE"
"3","CHARLIE","12","CARLISLE"
"26","EMBRY","12","CARLISLE"
"18","JASPER","12","CARLISLE"
"40","DEMETRI","12","CARLISLE"
"24","NATE","12","CARLISLE"
"39","FELIX","12","CARLISLE"
"19","BOB","12","CARLISLE"
"6","ANGELA","12","CARLISLE"
"8","JACOB ","12","CARLISLE"
"30","JARED","12","CARLISLE"
"22","GUY #2","12","CARLISLE"
"33","DENISE","12","CARLISLE"
"46","DRIVER","12","CARLISLE"
"17","HARRY CLEARWATER","12","CARLISLE"
"35","ARO","12","CARLISLE"
"10","ROMEO","12","CARLISLE"
"32","VICTORIA","12","CARLISLE"
"3","CHARLIE","12","CARLISLE"
"4","MIKE ","12","CARLISLE"
"29","PAUL","12","CARLISLE"
"15","ROSALIE","12","CARLISLE"
"2","EDWARD ","12","CARLISLE"
"13","ESME","12","CARLISLE"
"15","ROSALIE","12","CARLISLE"
"9","ALICE","12","CARLISLE"
"43","HEIDI","12","CARLISLE"
"13","ESME","12","CARLISLE"
"44","TOURIST HUSBAND","12","CARLISLE"
"37","MARCUS","12","CARLISLE"
"16","BILLY","12","CARLISLE"
"34","ROSALIE ","12","CARLISLE"
"1","BELLA ","12","CARLISLE"
"27","LAURENT","12","CARLISLE"
"2","EDWARD ","12","CARLISLE"
"11","MR. BERTY","12","CARLISLE"
"31","EMILY","12","CARLISLE"
"14","EMMETT","12","CARLISLE"
"45","TOURIST WIFE","12","CARLISLE"
"28","SAM","12","CARLISLE"
"5","JESSICA","12","CARLISLE"
"9","ALICE","13","ESME"
"9","ALICE","13","ESME"
"4","MIKE ","13","ESME"
"27","LAURENT","13","ESME"
"38","ITALIAN MAN","13","ESME"
"30","JARED","13","ESME"
"7","ERIC","13","ESME"
"5","JESSICA","13","ESME"
"36","CAIUS","13","ESME"
"31","EMILY","13","ESME"
"17","HARRY CLEARWATER","13","ESME"
"23","TIM","13","ESME"
"32","VICTORIA","13","ESME"
"14","EMMETT","13","ESME"
"18","JASPER","13","ESME"
"1","BELLA ","13","ESME"
"4","MIKE ","13","ESME"
"8","JACOB ","13","ESME"
"12","CARLISLE","13","ESME"
"2","EDWARD ","13","ESME"
"7","ERIC","13","ESME"
"3","CHARLIE","13","ESME"
"24","NATE","13","ESME"
"8","JACOB ","13","ESME"
"10","ROMEO","13","ESME"
"45","TOURIST WIFE","13","ESME"
"3","CHARLIE","13","ESME"
"15","ROSALIE","13","ESME"
"2","EDWARD ","13","ESME"
"11","MR. BERTY","13","ESME"
"46","DRIVER","13","ESME"
"33","DENISE","13","ESME"
"21","GUY #1","13","ESME"
"5","JESSICA","13","ESME"
"14","EMMETT","13","ESME"
"12","CARLISLE","13","ESME"
"15","ROSALIE","13","ESME"
"29","PAUL","13","ESME"
"43","HEIDI","13","ESME"
"22","GUY #2","13","ESME"
"6","ANGELA","13","ESME"
"1","BELLA ","13","ESME"
"44","TOURIST HUSBAND","13","ESME"
"34","ROSALIE ","13","ESME"
"26","EMBRY","13","ESME"
"28","SAM","13","ESME"
"39","FELIX","13","ESME"
"16","BILLY","13","ESME"
"20","MAN'S VOICE ","13","ESME"
"35","ARO","13","ESME"
"40","DEMETRI","13","ESME"
"42","GIANNA","13","ESME"
"6","ANGELA","13","ESME"
"37","MARCUS","13","ESME"
"25","QUIL ","13","ESME"
"19","BOB","13","ESME"
"41","JANE ","13","ESME"
"25","QUIL ","14","EMMETT"
"6","ANGELA","14","EMMETT"
"5","JESSICA","14","EMMETT"
"7","ERIC","14","EMMETT"
"3","CHARLIE","14","EMMETT"
"22","GUY #2","14","EMMETT"
"34","ROSALIE ","14","EMMETT"
"7","ERIC","14","EMMETT"
"41","JANE ","14","EMMETT"
"23","TIM","14","EMMETT"
"42","GIANNA","14","EMMETT"
"12","CARLISLE","14","EMMETT"
"12","CARLISLE","14","EMMETT"
"8","JACOB ","14","EMMETT"
"36","CAIUS","14","EMMETT"
"37","MARCUS","14","EMMETT"
"31","EMILY","14","EMMETT"
"39","FELIX","14","EMMETT"
"18","JASPER","14","EMMETT"
"13","ESME","14","EMMETT"
"10","ROMEO","14","EMMETT"
"4","MIKE ","14","EMMETT"
"38","ITALIAN MAN","14","EMMETT"
"16","BILLY","14","EMMETT"
"2","EDWARD ","14","EMMETT"
"26","EMBRY","14","EMMETT"
"40","DEMETRI","14","EMMETT"
"3","CHARLIE","14","EMMETT"
"35","ARO","14","EMMETT"
"43","HEIDI","14","EMMETT"
"45","TOURIST WIFE","14","EMMETT"
"6","ANGELA","14","EMMETT"
"15","ROSALIE","14","EMMETT"
"13","ESME","14","EMMETT"
"1","BELLA ","14","EMMETT"
"2","EDWARD ","14","EMMETT"
"33","DENISE","14","EMMETT"
"8","JACOB ","14","EMMETT"
"9","ALICE","14","EMMETT"
"5","JESSICA","14","EMMETT"
"24","NATE","14","EMMETT"
"32","VICTORIA","14","EMMETT"
"1","BELLA ","14","EMMETT"
"4","MIKE ","14","EMMETT"
"44","TOURIST HUSBAND","14","EMMETT"
"11","MR. BERTY","14","EMMETT"
"17","HARRY CLEARWATER","14","EMMETT"
"21","GUY #1","14","EMMETT"
"20","MAN'S VOICE ","14","EMMETT"
"19","BOB","14","EMMETT"
"46","DRIVER","14","EMMETT"
"29","PAUL","14","EMMETT"
"28","SAM","14","EMMETT"
"15","ROSALIE","14","EMMETT"
"27","LAURENT","14","EMMETT"
"30","JARED","14","EMMETT"
"9","ALICE","14","EMMETT"
"12","CARLISLE","15","ROSALIE"
"8","JACOB ","15","ROSALIE"
"9","ALICE","15","ROSALIE"
"14","EMMETT","15","ROSALIE"
"20","MAN'S VOICE ","15","ROSALIE"
"42","GIANNA","15","ROSALIE"
"32","VICTORIA","15","ROSALIE"
"30","JARED","15","ROSALIE"
"29","PAUL","15","ROSALIE"
"26","EMBRY","15","ROSALIE"
"3","CHARLIE","15","ROSALIE"
"3","CHARLIE","15","ROSALIE"
"2","EDWARD ","15","ROSALIE"
"39","FELIX","15","ROSALIE"
"13","ESME","15","ROSALIE"
"41","JANE ","15","ROSALIE"
"7","ERIC","15","ROSALIE"
"8","JACOB ","15","ROSALIE"
"11","MR. BERTY","15","ROSALIE"
"40","DEMETRI","15","ROSALIE"
"6","ANGELA","15","ROSALIE"
"24","NATE","15","ROSALIE"
"22","GUY #2","15","ROSALIE"
"23","TIM","15","ROSALIE"
"35","ARO","15","ROSALIE"
"21","GUY #1","15","ROSALIE"
"45","TOURIST WIFE","15","ROSALIE"
"2","EDWARD ","15","ROSALIE"
"9","ALICE","15","ROSALIE"
"17","HARRY CLEARWATER","15","ROSALIE"
"5","JESSICA","15","ROSALIE"
"37","MARCUS","15","ROSALIE"
"4","MIKE ","15","ROSALIE"
"36","CAIUS","15","ROSALIE"
"33","DENISE","15","ROSALIE"
"31","EMILY","15","ROSALIE"
"25","QUIL ","15","ROSALIE"
"7","ERIC","15","ROSALIE"
"6","ANGELA","15","ROSALIE"
"38","ITALIAN MAN","15","ROSALIE"
"16","BILLY","15","ROSALIE"
"27","LAURENT","15","ROSALIE"
"1","BELLA ","15","ROSALIE"
"4","MIKE ","15","ROSALIE"
"5","JESSICA","15","ROSALIE"
"46","DRIVER","15","ROSALIE"
"1","BELLA ","15","ROSALIE"
"28","SAM","15","ROSALIE"
"18","JASPER","15","ROSALIE"
"14","EMMETT","15","ROSALIE"
"44","TOURIST HUSBAND","15","ROSALIE"
"43","HEIDI","15","ROSALIE"
"34","ROSALIE ","15","ROSALIE"
"10","ROMEO","15","ROSALIE"
"13","ESME","15","ROSALIE"
"12","CARLISLE","15","ROSALIE"
"19","BOB","15","ROSALIE"
"18","JASPER","16","BILLY"
"27","LAURENT","16","BILLY"
"4","MIKE ","16","BILLY"
"44","TOURIST HUSBAND","16","BILLY"
"13","ESME","16","BILLY"
"14","EMMETT","16","BILLY"
"15","ROSALIE","16","BILLY"
"7","ERIC","16","BILLY"
"28","SAM","16","BILLY"
"39","FELIX","16","BILLY"
"20","MAN'S VOICE ","16","BILLY"
"36","CAIUS","16","BILLY"
"22","GUY #2","16","BILLY"
"21","GUY #1","16","BILLY"
"1","BELLA ","16","BILLY"
"31","EMILY","16","BILLY"
"30","JARED","16","BILLY"
"3","CHARLIE","16","BILLY"
"41","JANE ","16","BILLY"
"45","TOURIST WIFE","16","BILLY"
"9","ALICE","16","BILLY"
"43","HEIDI","16","BILLY"
"32","VICTORIA","16","BILLY"
"35","ARO","16","BILLY"
"40","DEMETRI","16","BILLY"
"42","GIANNA","16","BILLY"
"29","PAUL","16","BILLY"
"5","JESSICA","16","BILLY"
"37","MARCUS","16","BILLY"
"38","ITALIAN MAN","16","BILLY"
"25","QUIL ","16","BILLY"
"8","JACOB ","16","BILLY"
"34","ROSALIE ","16","BILLY"
"26","EMBRY","16","BILLY"
"12","CARLISLE","16","BILLY"
"17","HARRY CLEARWATER","16","BILLY"
"24","NATE","16","BILLY"
"23","TIM","16","BILLY"
"33","DENISE","16","BILLY"
"19","BOB","16","BILLY"
"2","EDWARD ","16","BILLY"
"6","ANGELA","16","BILLY"
"46","DRIVER","16","BILLY"
"28","SAM","17","HARRY CLEARWATER"
"13","ESME","17","HARRY CLEARWATER"
"40","DEMETRI","17","HARRY CLEARWATER"
"42","GIANNA","17","HARRY CLEARWATER"
"21","GUY #1","17","HARRY CLEARWATER"
"19","BOB","17","HARRY CLEARWATER"
"37","MARCUS","17","HARRY CLEARWATER"
"14","EMMETT","17","HARRY CLEARWATER"
"23","TIM","17","HARRY CLEARWATER"
"2","EDWARD ","17","HARRY CLEARWATER"
"25","QUIL ","17","HARRY CLEARWATER"
"27","LAURENT","17","HARRY CLEARWATER"
"29","PAUL","17","HARRY CLEARWATER"
"36","CAIUS","17","HARRY CLEARWATER"
"34","ROSALIE ","17","HARRY CLEARWATER"
"18","JASPER","17","HARRY CLEARWATER"
"32","VICTORIA","17","HARRY CLEARWATER"
"1","BELLA ","17","HARRY CLEARWATER"
"3","CHARLIE","17","HARRY CLEARWATER"
"33","DENISE","17","HARRY CLEARWATER"
"4","MIKE ","17","HARRY CLEARWATER"
"5","JESSICA","17","HARRY CLEARWATER"
"41","JANE ","17","HARRY CLEARWATER"
"22","GUY #2","17","HARRY CLEARWATER"
"44","TOURIST HUSBAND","17","HARRY CLEARWATER"
"15","ROSALIE","17","HARRY CLEARWATER"
"31","EMILY","17","HARRY CLEARWATER"
"45","TOURIST WIFE","17","HARRY CLEARWATER"
"9","ALICE","17","HARRY CLEARWATER"
"7","ERIC","17","HARRY CLEARWATER"
"46","DRIVER","17","HARRY CLEARWATER"
"30","JARED","17","HARRY CLEARWATER"
"38","ITALIAN MAN","17","HARRY CLEARWATER"
"12","CARLISLE","17","HARRY CLEARWATER"
"8","JACOB ","17","HARRY CLEARWATER"
"6","ANGELA","17","HARRY CLEARWATER"
"43","HEIDI","17","HARRY CLEARWATER"
"35","ARO","17","HARRY CLEARWATER"
"26","EMBRY","17","HARRY CLEARWATER"
"20","MAN'S VOICE ","17","HARRY CLEARWATER"
"16","BILLY","17","HARRY CLEARWATER"
"24","NATE","17","HARRY CLEARWATER"
"39","FELIX","17","HARRY CLEARWATER"
"41","JANE ","18","JASPER"
"38","ITALIAN MAN","18","JASPER"
"14","EMMETT","18","JASPER"
"6","ANGELA","18","JASPER"
"24","NATE","18","JASPER"
"27","LAURENT","18","JASPER"
"31","EMILY","18","JASPER"
"44","TOURIST HUSBAND","18","JASPER"
"1","BELLA ","18","JASPER"
"35","ARO","18","JASPER"
"15","ROSALIE","18","JASPER"
"25","QUIL ","18","JASPER"
"23","TIM","18","JASPER"
"39","FELIX","18","JASPER"
"4","MIKE ","18","JASPER"
"28","SAM","18","JASPER"
"21","GUY #1","18","JASPER"
"42","GIANNA","18","JASPER"
"36","CAIUS","18","JASPER"
"13","ESME","18","JASPER"
"12","CARLISLE","18","JASPER"
"9","ALICE","18","JASPER"
"22","GUY #2","18","JASPER"
"26","EMBRY","18","JASPER"
"46","DRIVER","18","JASPER"
"5","JESSICA","18","JASPER"
"19","BOB","18","JASPER"
"8","JACOB ","18","JASPER"
"2","EDWARD ","18","JASPER"
"20","MAN'S VOICE ","18","JASPER"
"40","DEMETRI","18","JASPER"
"34","ROSALIE ","18","JASPER"
"32","VICTORIA","18","JASPER"
"3","CHARLIE","18","JASPER"
"43","HEIDI","18","JASPER"
"30","JARED","18","JASPER"
"33","DENISE","18","JASPER"
"17","HARRY CLEARWATER","18","JASPER"
"37","MARCUS","18","JASPER"
"29","PAUL","18","JASPER"
"16","BILLY","18","JASPER"
"7","ERIC","18","JASPER"
"45","TOURIST WIFE","18","JASPER"
"5","JESSICA","19","BOB"
"31","EMILY","19","BOB"
"21","GUY #1","19","BOB"
"15","ROSALIE","19","BOB"
"12","CARLISLE","19","BOB"
"1","BELLA ","19","BOB"
"32","VICTORIA","19","BOB"
"42","GIANNA","19","BOB"
"36","CAIUS","19","BOB"
"2","EDWARD ","19","BOB"
"22","GUY #2","19","BOB"
"38","ITALIAN MAN","19","BOB"
"28","SAM","19","BOB"
"37","MARCUS","19","BOB"
"34","ROSALIE ","19","BOB"
"39","FELIX","19","BOB"
"13","ESME","19","BOB"
"3","CHARLIE","19","BOB"
"44","TOURIST HUSBAND","19","BOB"
"46","DRIVER","19","BOB"
"41","JANE ","19","BOB"
"43","HEIDI","19","BOB"
"7","ERIC","19","BOB"
"24","NATE","19","BOB"
"27","LAURENT","19","BOB"
"4","MIKE ","19","BOB"
"8","JACOB ","19","BOB"
"20","MAN'S VOICE ","19","BOB"
"9","ALICE","19","BOB"
"16","BILLY","19","BOB"
"25","QUIL ","19","BOB"
"14","EMMETT","19","BOB"
"18","JASPER","19","BOB"
"33","DENISE","19","BOB"
"17","HARRY CLEARWATER","19","BOB"
"6","ANGELA","19","BOB"
"23","TIM","19","BOB"
"29","PAUL","19","BOB"
"35","ARO","19","BOB"
"30","JARED","19","BOB"
"40","DEMETRI","19","BOB"
"26","EMBRY","19","BOB"
"45","TOURIST WIFE","19","BOB"
"40","DEMETRI","20","MAN'S VOICE "
"22","GUY #2","20","MAN'S VOICE "
"13","ESME","20","MAN'S VOICE "
"6","ANGELA","20","MAN'S VOICE "
"21","GUY #1","20","MAN'S VOICE "
"17","HARRY CLEARWATER","20","MAN'S VOICE "
"35","ARO","20","MAN'S VOICE "
"39","FELIX","20","MAN'S VOICE "
"15","ROSALIE","20","MAN'S VOICE "
"30","JARED","20","MAN'S VOICE "
"7","ERIC","20","MAN'S VOICE "
"32","VICTORIA","20","MAN'S VOICE "
"37","MARCUS","20","MAN'S VOICE "
"1","BELLA ","20","MAN'S VOICE "
"5","JESSICA","20","MAN'S VOICE "
"27","LAURENT","20","MAN'S VOICE "
"3","CHARLIE","20","MAN'S VOICE "
"41","JANE ","20","MAN'S VOICE "
"36","CAIUS","20","MAN'S VOICE "
"2","EDWARD ","20","MAN'S VOICE "
"16","BILLY","20","MAN'S VOICE "
"46","DRIVER","20","MAN'S VOICE "
"24","NATE","20","MAN'S VOICE "
"8","JACOB ","20","MAN'S VOICE "
"12","CARLISLE","20","MAN'S VOICE "
"38","ITALIAN MAN","20","MAN'S VOICE "
"25","QUIL ","20","MAN'S VOICE "
"18","JASPER","20","MAN'S VOICE "
"19","BOB","20","MAN'S VOICE "
"28","SAM","20","MAN'S VOICE "
"26","EMBRY","20","MAN'S VOICE "
"23","TIM","20","MAN'S VOICE "
"29","PAUL","20","MAN'S VOICE "
"44","TOURIST HUSBAND","20","MAN'S VOICE "
"33","DENISE","20","MAN'S VOICE "
"9","ALICE","20","MAN'S VOICE "
"31","EMILY","20","MAN'S VOICE "
"34","ROSALIE ","20","MAN'S VOICE "
"45","TOURIST WIFE","20","MAN'S VOICE "
"42","GIANNA","20","MAN'S VOICE "
"14","EMMETT","20","MAN'S VOICE "
"43","HEIDI","20","MAN'S VOICE "
"4","MIKE ","20","MAN'S VOICE "
"44","TOURIST HUSBAND","21","GUY #1"
"24","NATE","21","GUY #1"
"30","JARED","21","GUY #1"
"34","ROSALIE ","21","GUY #1"
"46","DRIVER","21","GUY #1"
"18","JASPER","21","GUY #1"
"9","ALICE","21","GUY #1"
"40","DEMETRI","21","GUY #1"
"6","ANGELA","21","GUY #1"
"16","BILLY","21","GUY #1"
"4","MIKE ","21","GUY #1"
"35","ARO","21","GUY #1"
"37","MARCUS","21","GUY #1"
"2","EDWARD ","21","GUY #1"
"15","ROSALIE","21","GUY #1"
"1","BELLA ","21","GUY #1"
"5","JESSICA","21","GUY #1"
"39","FELIX","21","GUY #1"
"14","EMMETT","21","GUY #1"
"12","CARLISLE","21","GUY #1"
"19","BOB","21","GUY #1"
"43","HEIDI","21","GUY #1"
"31","EMILY","21","GUY #1"
"36","CAIUS","21","GUY #1"
"22","GUY #2","21","GUY #1"
"27","LAURENT","21","GUY #1"
"38","ITALIAN MAN","21","GUY #1"
"7","ERIC","21","GUY #1"
"42","GIANNA","21","GUY #1"
"13","ESME","21","GUY #1"
"28","SAM","21","GUY #1"
"32","VICTORIA","21","GUY #1"
"29","PAUL","21","GUY #1"
"8","JACOB ","21","GUY #1"
"17","HARRY CLEARWATER","21","GUY #1"
"20","MAN'S VOICE ","21","GUY #1"
"25","QUIL ","21","GUY #1"
"45","TOURIST WIFE","21","GUY #1"
"33","DENISE","21","GUY #1"
"41","JANE ","21","GUY #1"
"3","CHARLIE","21","GUY #1"
"26","EMBRY","21","GUY #1"
"23","TIM","21","GUY #1"
"46","DRIVER","22","GUY #2"
"24","NATE","22","GUY #2"
"1","BELLA ","22","GUY #2"
"44","TOURIST HUSBAND","22","GUY #2"
"33","DENISE","22","GUY #2"
"26","EMBRY","22","GUY #2"
"9","ALICE","22","GUY #2"
"6","ANGELA","22","GUY #2"
"43","HEIDI","22","GUY #2"
"29","PAUL","22","GUY #2"
"31","EMILY","22","GUY #2"
"38","ITALIAN MAN","22","GUY #2"
"40","DEMETRI","22","GUY #2"
"36","CAIUS","22","GUY #2"
"45","TOURIST WIFE","22","GUY #2"
"25","QUIL ","22","GUY #2"
"2","EDWARD ","22","GUY #2"
"5","JESSICA","22","GUY #2"
"28","SAM","22","GUY #2"
"42","GIANNA","22","GUY #2"
"4","MIKE ","22","GUY #2"
"12","CARLISLE","22","GUY #2"
"8","JACOB ","22","GUY #2"
"21","GUY #1","22","GUY #2"
"23","TIM","22","GUY #2"
"3","CHARLIE","22","GUY #2"
"34","ROSALIE ","22","GUY #2"
"17","HARRY CLEARWATER","22","GUY #2"
"41","JANE ","22","GUY #2"
"7","ERIC","22","GUY #2"
"37","MARCUS","22","GUY #2"
"27","LAURENT","22","GUY #2"
"32","VICTORIA","22","GUY #2"
"39","FELIX","22","GUY #2"
"20","MAN'S VOICE ","22","GUY #2"
"14","EMMETT","22","GUY #2"
"16","BILLY","22","GUY #2"
"13","ESME","22","GUY #2"
"19","BOB","22","GUY #2"
"30","JARED","22","GUY #2"
"15","ROSALIE","22","GUY #2"
"18","JASPER","22","GUY #2"
"35","ARO","22","GUY #2"
"17","HARRY CLEARWATER","23","TIM"
"2","EDWARD ","23","TIM"
"44","TOURIST HUSBAND","23","TIM"
"29","PAUL","23","TIM"
"20","MAN'S VOICE ","23","TIM"
"37","MARCUS","23","TIM"
"9","ALICE","23","TIM"
"43","HEIDI","23","TIM"
"35","ARO","23","TIM"
"24","NATE","23","TIM"
"33","DENISE","23","TIM"
"45","TOURIST WIFE","23","TIM"
"21","GUY #1","23","TIM"
"26","EMBRY","23","TIM"
"28","SAM","23","TIM"
"41","JANE ","23","TIM"
"42","GIANNA","23","TIM"
"40","DEMETRI","23","TIM"
"30","JARED","23","TIM"
"12","CARLISLE","23","TIM"
"3","CHARLIE","23","TIM"
"16","BILLY","23","TIM"
"8","JACOB ","23","TIM"
"22","GUY #2","23","TIM"
"38","ITALIAN MAN","23","TIM"
"13","ESME","23","TIM"
"31","EMILY","23","TIM"
"19","BOB","23","TIM"
"18","JASPER","23","TIM"
"39","FELIX","23","TIM"
"7","ERIC","23","TIM"
"14","EMMETT","23","TIM"
"25","QUIL ","23","TIM"
"4","MIKE ","23","TIM"
"32","VICTORIA","23","TIM"
"15","ROSALIE","23","TIM"
"46","DRIVER","23","TIM"
"6","ANGELA","23","TIM"
"36","CAIUS","23","TIM"
"34","ROSALIE ","23","TIM"
"5","JESSICA","23","TIM"
"27","LAURENT","23","TIM"
"1","BELLA ","23","TIM"
"37","MARCUS","24","NATE"
"28","SAM","24","NATE"
"31","EMILY","24","NATE"
"29","PAUL","24","NATE"
"9","ALICE","24","NATE"
"16","BILLY","24","NATE"
"30","JARED","24","NATE"
"25","QUIL ","24","NATE"
"42","GIANNA","24","NATE"
"3","CHARLIE","24","NATE"
"46","DRIVER","24","NATE"
"32","VICTORIA","24","NATE"
"22","GUY #2","24","NATE"
"20","MAN'S VOICE ","24","NATE"
"6","ANGELA","24","NATE"
"23","TIM","24","NATE"
"8","JACOB ","24","NATE"
"2","EDWARD ","24","NATE"
"40","DEMETRI","24","NATE"
"36","CAIUS","24","NATE"
"17","HARRY CLEARWATER","24","NATE"
"26","EMBRY","24","NATE"
"21","GUY #1","24","NATE"
"38","ITALIAN MAN","24","NATE"
"35","ARO","24","NATE"
"15","ROSALIE","24","NATE"
"13","ESME","24","NATE"
"1","BELLA ","24","NATE"
"27","LAURENT","24","NATE"
"4","MIKE ","24","NATE"
"45","TOURIST WIFE","24","NATE"
"44","TOURIST HUSBAND","24","NATE"
"12","CARLISLE","24","NATE"
"34","ROSALIE ","24","NATE"
"41","JANE ","24","NATE"
"18","JASPER","24","NATE"
"7","ERIC","24","NATE"
"14","EMMETT","24","NATE"
"39","FELIX","24","NATE"
"19","BOB","24","NATE"
"43","HEIDI","24","NATE"
"5","JESSICA","24","NATE"
"33","DENISE","24","NATE"
"4","MIKE ","25","QUIL "
"1","BELLA ","25","QUIL "
"19","BOB","25","QUIL "
"44","TOURIST HUSBAND","25","QUIL "
"20","MAN'S VOICE ","25","QUIL "
"28","SAM","25","QUIL "
"35","ARO","25","QUIL "
"39","FELIX","25","QUIL "
"23","TIM","25","QUIL "
"33","DENISE","25","QUIL "
"3","CHARLIE","25","QUIL "
"43","HEIDI","25","QUIL "
"5","JESSICA","25","QUIL "
"12","CARLISLE","25","QUIL "
"26","EMBRY","25","QUIL "
"16","BILLY","25","QUIL "
"38","ITALIAN MAN","25","QUIL "
"34","ROSALIE ","25","QUIL "
"9","ALICE","25","QUIL "
"32","VICTORIA","25","QUIL "
"6","ANGELA","25","QUIL "
"45","TOURIST WIFE","25","QUIL "
"2","EDWARD ","25","QUIL "
"30","JARED","25","QUIL "
"17","HARRY CLEARWATER","25","QUIL "
"15","ROSALIE","25","QUIL "
"21","GUY #1","25","QUIL "
"46","DRIVER","25","QUIL "
"18","JASPER","25","QUIL "
"13","ESME","25","QUIL "
"29","PAUL","25","QUIL "
"24","NATE","25","QUIL "
"31","EMILY","25","QUIL "
"14","EMMETT","25","QUIL "
"7","ERIC","25","QUIL "
"8","JACOB ","25","QUIL "
"27","LAURENT","25","QUIL "
"41","JANE ","25","QUIL "
"36","CAIUS","25","QUIL "
"37","MARCUS","25","QUIL "
"42","GIANNA","25","QUIL "
"22","GUY #2","25","QUIL "
"40","DEMETRI","25","QUIL "
"13","ESME","26","EMBRY"
"22","GUY #2","26","EMBRY"
"35","ARO","26","EMBRY"
"5","JESSICA","26","EMBRY"
"23","TIM","26","EMBRY"
"6","ANGELA","26","EMBRY"
"7","ERIC","26","EMBRY"
"40","DEMETRI","26","EMBRY"
"45","TOURIST WIFE","26","EMBRY"
"41","JANE ","26","EMBRY"
"21","GUY #1","26","EMBRY"
"20","MAN'S VOICE ","26","EMBRY"
"17","HARRY CLEARWATER","26","EMBRY"
"8","JACOB ","26","EMBRY"
"27","LAURENT","26","EMBRY"
"2","EDWARD ","26","EMBRY"
"44","TOURIST HUSBAND","26","EMBRY"
"32","VICTORIA","26","EMBRY"
"9","ALICE","26","EMBRY"
"33","DENISE","26","EMBRY"
"37","MARCUS","26","EMBRY"
"30","JARED","26","EMBRY"
"31","EMILY","26","EMBRY"
"39","FELIX","26","EMBRY"
"18","JASPER","26","EMBRY"
"36","CAIUS","26","EMBRY"
"38","ITALIAN MAN","26","EMBRY"
"29","PAUL","26","EMBRY"
"28","SAM","26","EMBRY"
"24","NATE","26","EMBRY"
"42","GIANNA","26","EMBRY"
"4","MIKE ","26","EMBRY"
"34","ROSALIE ","26","EMBRY"
"12","CARLISLE","26","EMBRY"
"14","EMMETT","26","EMBRY"
"15","ROSALIE","26","EMBRY"
"46","DRIVER","26","EMBRY"
"1","BELLA ","26","EMBRY"
"3","CHARLIE","26","EMBRY"
"19","BOB","26","EMBRY"
"43","HEIDI","26","EMBRY"
"25","QUIL ","26","EMBRY"
"16","BILLY","26","EMBRY"
"38","ITALIAN MAN","27","LAURENT"
"1","BELLA ","27","LAURENT"
"17","HARRY CLEARWATER","27","LAURENT"
"7","ERIC","27","LAURENT"
"36","CAIUS","27","LAURENT"
"30","JARED","27","LAURENT"
"2","EDWARD ","27","LAURENT"
"46","DRIVER","27","LAURENT"
"24","NATE","27","LAURENT"
"34","ROSALIE ","27","LAURENT"
"28","SAM","27","LAURENT"
"26","EMBRY","27","LAURENT"
"37","MARCUS","27","LAURENT"
"9","ALICE","27","LAURENT"
"25","QUIL ","27","LAURENT"
"6","ANGELA","27","LAURENT"
"3","CHARLIE","27","LAURENT"
"12","CARLISLE","27","LAURENT"
"8","JACOB ","27","LAURENT"
"41","JANE ","27","LAURENT"
"18","JASPER","27","LAURENT"
"21","GUY #1","27","LAURENT"
"29","PAUL","27","LAURENT"
"23","TIM","27","LAURENT"
"40","DEMETRI","27","LAURENT"
"35","ARO","27","LAURENT"
"16","BILLY","27","LAURENT"
"39","FELIX","27","LAURENT"
"45","TOURIST WIFE","27","LAURENT"
"4","MIKE ","27","LAURENT"
"5","JESSICA","27","LAURENT"
"42","GIANNA","27","LAURENT"
"19","BOB","27","LAURENT"
"14","EMMETT","27","LAURENT"
"31","EMILY","27","LAURENT"
"32","VICTORIA","27","LAURENT"
"33","DENISE","27","LAURENT"
"22","GUY #2","27","LAURENT"
"15","ROSALIE","27","LAURENT"
"20","MAN'S VOICE ","27","LAURENT"
"44","TOURIST HUSBAND","27","LAURENT"
"13","ESME","27","LAURENT"
"43","HEIDI","27","LAURENT"
"29","PAUL","28","SAM"
"44","TOURIST HUSBAND","28","SAM"
"19","BOB","28","SAM"
"35","ARO","28","SAM"
"17","HARRY CLEARWATER","28","SAM"
"37","MARCUS","28","SAM"
"12","CARLISLE","28","SAM"
"1","BELLA ","28","SAM"
"32","VICTORIA","28","SAM"
"7","ERIC","28","SAM"
"33","DENISE","28","SAM"
"5","JESSICA","28","SAM"
"30","JARED","28","SAM"
"36","CAIUS","28","SAM"
"38","ITALIAN MAN","28","SAM"
"34","ROSALIE ","28","SAM"
"21","GUY #1","28","SAM"
"31","EMILY","28","SAM"
"42","GIANNA","28","SAM"
"4","MIKE ","28","SAM"
"8","JACOB ","28","SAM"
"6","ANGELA","28","SAM"
"45","TOURIST WIFE","28","SAM"
"15","ROSALIE","28","SAM"
"26","EMBRY","28","SAM"
"46","DRIVER","28","SAM"
"40","DEMETRI","28","SAM"
"43","HEIDI","28","SAM"
"41","JANE ","28","SAM"
"39","FELIX","28","SAM"
"18","JASPER","28","SAM"
"25","QUIL ","28","SAM"
"24","NATE","28","SAM"
"23","TIM","28","SAM"
"3","CHARLIE","28","SAM"
"9","ALICE","28","SAM"
"2","EDWARD ","28","SAM"
"14","EMMETT","28","SAM"
"27","LAURENT","28","SAM"
"20","MAN'S VOICE ","28","SAM"
"22","GUY #2","28","SAM"
"16","BILLY","28","SAM"
"13","ESME","28","SAM"
"7","ERIC","29","PAUL"
"43","HEIDI","29","PAUL"
"14","EMMETT","29","PAUL"
"32","VICTORIA","29","PAUL"
"24","NATE","29","PAUL"
"20","MAN'S VOICE ","29","PAUL"
"28","SAM","29","PAUL"
"15","ROSALIE","29","PAUL"
"6","ANGELA","29","PAUL"
"3","CHARLIE","29","PAUL"
"36","CAIUS","29","PAUL"
"40","DEMETRI","29","PAUL"
"31","EMILY","29","PAUL"
"22","GUY #2","29","PAUL"
"21","GUY #1","29","PAUL"
"26","EMBRY","29","PAUL"
"35","ARO","29","PAUL"
"38","ITALIAN MAN","29","PAUL"
"19","BOB","29","PAUL"
"25","QUIL ","29","PAUL"
"39","FELIX","29","PAUL"
"8","JACOB ","29","PAUL"
"18","JASPER","29","PAUL"
"16","BILLY","29","PAUL"
"1","BELLA ","29","PAUL"
"30","JARED","29","PAUL"
"45","TOURIST WIFE","29","PAUL"
"42","GIANNA","29","PAUL"
"33","DENISE","29","PAUL"
"17","HARRY CLEARWATER","29","PAUL"
"13","ESME","29","PAUL"
"27","LAURENT","29","PAUL"
"44","TOURIST HUSBAND","29","PAUL"
"46","DRIVER","29","PAUL"
"5","JESSICA","29","PAUL"
"12","CARLISLE","29","PAUL"
"4","MIKE ","29","PAUL"
"9","ALICE","29","PAUL"
"41","JANE ","29","PAUL"
"2","EDWARD ","29","PAUL"
"34","ROSALIE ","29","PAUL"
"37","MARCUS","29","PAUL"
"23","TIM","29","PAUL"
"17","HARRY CLEARWATER","30","JARED"
"28","SAM","30","JARED"
"15","ROSALIE","30","JARED"
"4","MIKE ","30","JARED"
"24","NATE","30","JARED"
"46","DRIVER","30","JARED"
"3","CHARLIE","30","JARED"
"44","TOURIST HUSBAND","30","JARED"
"9","ALICE","30","JARED"
"8","JACOB ","30","JARED"
"25","QUIL ","30","JARED"
"31","EMILY","30","JARED"
"27","LAURENT","30","JARED"
"26","EMBRY","30","JARED"
"5","JESSICA","30","JARED"
"45","TOURIST WIFE","30","JARED"
"38","ITALIAN MAN","30","JARED"
"39","FELIX","30","JARED"
"18","JASPER","30","JARED"
"19","BOB","30","JARED"
"40","DEMETRI","30","JARED"
"34","ROSALIE ","30","JARED"
"16","BILLY","30","JARED"
"13","ESME","30","JARED"
"37","MARCUS","30","JARED"
"23","TIM","30","JARED"
"29","PAUL","30","JARED"
"41","JANE ","30","JARED"
"21","GUY #1","30","JARED"
"1","BELLA ","30","JARED"
"7","ERIC","30","JARED"
"33","DENISE","30","JARED"
"14","EMMETT","30","JARED"
"32","VICTORIA","30","JARED"
"35","ARO","30","JARED"
"2","EDWARD ","30","JARED"
"42","GIANNA","30","JARED"
"6","ANGELA","30","JARED"
"43","HEIDI","30","JARED"
"12","CARLISLE","30","JARED"
"20","MAN'S VOICE ","30","JARED"
"36","CAIUS","30","JARED"
"22","GUY #2","30","JARED"
"14","EMMETT","31","EMILY"
"30","JARED","31","EMILY"
"37","MARCUS","31","EMILY"
"39","FELIX","31","EMILY"
"34","ROSALIE ","31","EMILY"
"29","PAUL","31","EMILY"
"9","ALICE","31","EMILY"
"43","HEIDI","31","EMILY"
"7","ERIC","31","EMILY"
"33","DENISE","31","EMILY"
"13","ESME","31","EMILY"
"27","LAURENT","31","EMILY"
"17","HARRY CLEARWATER","31","EMILY"
"35","ARO","31","EMILY"
"18","JASPER","31","EMILY"
"20","MAN'S VOICE ","31","EMILY"
"40","DEMETRI","31","EMILY"
"22","GUY #2","31","EMILY"
"12","CARLISLE","31","EMILY"
"3","CHARLIE","31","EMILY"
"15","ROSALIE","31","EMILY"
"4","MIKE ","31","EMILY"
"41","JANE ","31","EMILY"
"5","JESSICA","31","EMILY"
"44","TOURIST HUSBAND","31","EMILY"
"6","ANGELA","31","EMILY"
"24","NATE","31","EMILY"
"46","DRIVER","31","EMILY"
"23","TIM","31","EMILY"
"19","BOB","31","EMILY"
"2","EDWARD ","31","EMILY"
"8","JACOB ","31","EMILY"
"1","BELLA ","31","EMILY"
"21","GUY #1","31","EMILY"
"26","EMBRY","31","EMILY"
"25","QUIL ","31","EMILY"
"32","VICTORIA","31","EMILY"
"42","GIANNA","31","EMILY"
"28","SAM","31","EMILY"
"45","TOURIST WIFE","31","EMILY"
"16","BILLY","31","EMILY"
"36","CAIUS","31","EMILY"
"38","ITALIAN MAN","31","EMILY"
"5","JESSICA","32","VICTORIA"
"34","ROSALIE ","32","VICTORIA"
"39","FELIX","32","VICTORIA"
"22","GUY #2","32","VICTORIA"
"4","MIKE ","32","VICTORIA"
"43","HEIDI","32","VICTORIA"
"20","MAN'S VOICE ","32","VICTORIA"
"6","ANGELA","32","VICTORIA"
"35","ARO","32","VICTORIA"
"46","DRIVER","32","VICTORIA"
"17","HARRY CLEARWATER","32","VICTORIA"
"16","BILLY","32","VICTORIA"
"36","CAIUS","32","VICTORIA"
"41","JANE ","32","VICTORIA"
"28","SAM","32","VICTORIA"
"40","DEMETRI","32","VICTORIA"
"9","ALICE","32","VICTORIA"
"29","PAUL","32","VICTORIA"
"2","EDWARD ","32","VICTORIA"
"24","NATE","32","VICTORIA"
"30","JARED","32","VICTORIA"
"15","ROSALIE","32","VICTORIA"
"44","TOURIST HUSBAND","32","VICTORIA"
"31","EMILY","32","VICTORIA"
"18","JASPER","32","VICTORIA"
"37","MARCUS","32","VICTORIA"
"23","TIM","32","VICTORIA"
"33","DENISE","32","VICTORIA"
"1","BELLA ","32","VICTORIA"
"13","ESME","32","VICTORIA"
"45","TOURIST WIFE","32","VICTORIA"
"25","QUIL ","32","VICTORIA"
"3","CHARLIE","32","VICTORIA"
"14","EMMETT","32","VICTORIA"
"7","ERIC","32","VICTORIA"
"12","CARLISLE","32","VICTORIA"
"21","GUY #1","32","VICTORIA"
"27","LAURENT","32","VICTORIA"
"8","JACOB ","32","VICTORIA"
"42","GIANNA","32","VICTORIA"
"19","BOB","32","VICTORIA"
"38","ITALIAN MAN","32","VICTORIA"
"26","EMBRY","32","VICTORIA"
"29","PAUL","33","DENISE"
"42","GIANNA","33","DENISE"
"7","ERIC","33","DENISE"
"31","EMILY","33","DENISE"
"1","BELLA ","33","DENISE"
"40","DEMETRI","33","DENISE"
"20","MAN'S VOICE ","33","DENISE"
"46","DRIVER","33","DENISE"
"41","JANE ","33","DENISE"
"18","JASPER","33","DENISE"
"45","TOURIST WIFE","33","DENISE"
"5","JESSICA","33","DENISE"
"22","GUY #2","33","DENISE"
"32","VICTORIA","33","DENISE"
"16","BILLY","33","DENISE"
"4","MIKE ","33","DENISE"
"8","JACOB ","33","DENISE"
"43","HEIDI","33","DENISE"
"36","CAIUS","33","DENISE"
"26","EMBRY","33","DENISE"
"12","CARLISLE","33","DENISE"
"37","MARCUS","33","DENISE"
"39","FELIX","33","DENISE"
"24","NATE","33","DENISE"
"21","GUY #1","33","DENISE"
"35","ARO","33","DENISE"
"34","ROSALIE ","33","DENISE"
"28","SAM","33","DENISE"
"30","JARED","33","DENISE"
"15","ROSALIE","33","DENISE"
"23","TIM","33","DENISE"
"44","TOURIST HUSBAND","33","DENISE"
"19","BOB","33","DENISE"
"2","EDWARD ","33","DENISE"
"6","ANGELA","33","DENISE"
"27","LAURENT","33","DENISE"
"17","HARRY CLEARWATER","33","DENISE"
"3","CHARLIE","33","DENISE"
"9","ALICE","33","DENISE"
"38","ITALIAN MAN","33","DENISE"
"13","ESME","33","DENISE"
"14","EMMETT","33","DENISE"
"25","QUIL ","33","DENISE"
"7","ERIC","34","ROSALIE "
"39","FELIX","34","ROSALIE "
"19","BOB","34","ROSALIE "
"40","DEMETRI","34","ROSALIE "
"33","DENISE","34","ROSALIE "
"46","DRIVER","34","ROSALIE "
"45","TOURIST WIFE","34","ROSALIE "
"37","MARCUS","34","ROSALIE "
"14","EMMETT","34","ROSALIE "
"13","ESME","34","ROSALIE "
"24","NATE","34","ROSALIE "
"21","GUY #1","34","ROSALIE "
"18","JASPER","34","ROSALIE "
"30","JARED","34","ROSALIE "
"29","PAUL","34","ROSALIE "
"23","TIM","34","ROSALIE "
"41","JANE ","34","ROSALIE "
"42","GIANNA","34","ROSALIE "
"38","ITALIAN MAN","34","ROSALIE "
"16","BILLY","34","ROSALIE "
"22","GUY #2","34","ROSALIE "
"9","ALICE","34","ROSALIE "
"35","ARO","34","ROSALIE "
"27","LAURENT","34","ROSALIE "
"28","SAM","34","ROSALIE "
"15","ROSALIE","34","ROSALIE "
"25","QUIL ","34","ROSALIE "
"32","VICTORIA","34","ROSALIE "
"8","JACOB ","34","ROSALIE "
"31","EMILY","34","ROSALIE "
"12","CARLISLE","34","ROSALIE "
"43","HEIDI","34","ROSALIE "
"5","JESSICA","34","ROSALIE "
"1","BELLA ","34","ROSALIE "
"3","CHARLIE","34","ROSALIE "
"20","MAN'S VOICE ","34","ROSALIE "
"4","MIKE ","34","ROSALIE "
"36","CAIUS","34","ROSALIE "
"44","TOURIST HUSBAND","34","ROSALIE "
"26","EMBRY","34","ROSALIE "
"6","ANGELA","34","ROSALIE "
"2","EDWARD ","34","ROSALIE "
"17","HARRY CLEARWATER","34","ROSALIE "
"32","VICTORIA","35","ARO"
"1","BELLA ","35","ARO"
"19","BOB","35","ARO"
"9","ALICE","35","ARO"
"30","JARED","35","ARO"
"3","CHARLIE","35","ARO"
"46","DRIVER","35","ARO"
"41","JANE ","35","ARO"
"31","EMILY","35","ARO"
"5","JESSICA","35","ARO"
"12","CARLISLE","35","ARO"
"27","LAURENT","35","ARO"
"34","ROSALIE ","35","ARO"
"44","TOURIST HUSBAND","35","ARO"
"22","GUY #2","35","ARO"
"2","EDWARD ","35","ARO"
"18","JASPER","35","ARO"
"13","ESME","35","ARO"
"21","GUY #1","35","ARO"
"38","ITALIAN MAN","35","ARO"
"28","SAM","35","ARO"
"39","FELIX","35","ARO"
"24","NATE","35","ARO"
"20","MAN'S VOICE ","35","ARO"
"43","HEIDI","35","ARO"
"15","ROSALIE","35","ARO"
"23","TIM","35","ARO"
"16","BILLY","35","ARO"
"7","ERIC","35","ARO"
"8","JACOB ","35","ARO"
"25","QUIL ","35","ARO"
"17","HARRY CLEARWATER","35","ARO"
"6","ANGELA","35","ARO"
"29","PAUL","35","ARO"
"42","GIANNA","35","ARO"
"45","TOURIST WIFE","35","ARO"
"36","CAIUS","35","ARO"
"26","EMBRY","35","ARO"
"37","MARCUS","35","ARO"
"33","DENISE","35","ARO"
"4","MIKE ","35","ARO"
"14","EMMETT","35","ARO"
"40","DEMETRI","35","ARO"
"14","EMMETT","36","CAIUS"
"7","ERIC","36","CAIUS"
"1","BELLA ","36","CAIUS"
"12","CARLISLE","36","CAIUS"
"3","CHARLIE","36","CAIUS"
"6","ANGELA","36","CAIUS"
"25","QUIL ","36","CAIUS"
"9","ALICE","36","CAIUS"
"45","TOURIST WIFE","36","CAIUS"
"37","MARCUS","36","CAIUS"
"23","TIM","36","CAIUS"
"40","DEMETRI","36","CAIUS"
"15","ROSALIE","36","CAIUS"
"20","MAN'S VOICE ","36","CAIUS"
"34","ROSALIE ","36","CAIUS"
"16","BILLY","36","CAIUS"
"17","HARRY CLEARWATER","36","CAIUS"
"21","GUY #1","36","CAIUS"
"35","ARO","36","CAIUS"
"38","ITALIAN MAN","36","CAIUS"
"30","JARED","36","CAIUS"
"44","TOURIST HUSBAND","36","CAIUS"
"41","JANE ","36","CAIUS"
"2","EDWARD ","36","CAIUS"
"8","JACOB ","36","CAIUS"
"42","GIANNA","36","CAIUS"
"32","VICTORIA","36","CAIUS"
"26","EMBRY","36","CAIUS"
"27","LAURENT","36","CAIUS"
"22","GUY #2","36","CAIUS"
"19","BOB","36","CAIUS"
"24","NATE","36","CAIUS"
"4","MIKE ","36","CAIUS"
"13","ESME","36","CAIUS"
"5","JESSICA","36","CAIUS"
"18","JASPER","36","CAIUS"
"39","FELIX","36","CAIUS"
"31","EMILY","36","CAIUS"
"33","DENISE","36","CAIUS"
"46","DRIVER","36","CAIUS"
"43","HEIDI","36","CAIUS"
"29","PAUL","36","CAIUS"
"28","SAM","36","CAIUS"
"13","ESME","37","MARCUS"
"18","JASPER","37","MARCUS"
"29","PAUL","37","MARCUS"
"35","ARO","37","MARCUS"
"34","ROSALIE ","37","MARCUS"
"23","TIM","37","MARCUS"
"15","ROSALIE","37","MARCUS"
"21","GUY #1","37","MARCUS"
"45","TOURIST WIFE","37","MARCUS"
"32","VICTORIA","37","MARCUS"
"41","JANE ","37","MARCUS"
"40","DEMETRI","37","MARCUS"
"31","EMILY","37","MARCUS"
"14","EMMETT","37","MARCUS"
"42","GIANNA","37","MARCUS"
"3","CHARLIE","37","MARCUS"
"43","HEIDI","37","MARCUS"
"4","MIKE ","37","MARCUS"
"8","JACOB ","37","MARCUS"
"24","NATE","37","MARCUS"
"36","CAIUS","37","MARCUS"
"17","HARRY CLEARWATER","37","MARCUS"
"25","QUIL ","37","MARCUS"
"28","SAM","37","MARCUS"
"7","ERIC","37","MARCUS"
"12","CARLISLE","37","MARCUS"
"30","JARED","37","MARCUS"
"38","ITALIAN MAN","37","MARCUS"
"5","JESSICA","37","MARCUS"
"19","BOB","37","MARCUS"
"27","LAURENT","37","MARCUS"
"44","TOURIST HUSBAND","37","MARCUS"
"33","DENISE","37","MARCUS"
"26","EMBRY","37","MARCUS"
"2","EDWARD ","37","MARCUS"
"16","BILLY","37","MARCUS"
"39","FELIX","37","MARCUS"
"1","BELLA ","37","MARCUS"
"20","MAN'S VOICE ","37","MARCUS"
"46","DRIVER","37","MARCUS"
"6","ANGELA","37","MARCUS"
"9","ALICE","37","MARCUS"
"22","GUY #2","37","MARCUS"
"1","BELLA ","38","ITALIAN MAN"
"39","FELIX","38","ITALIAN MAN"
"31","EMILY","38","ITALIAN MAN"
"30","JARED","38","ITALIAN MAN"
"33","DENISE","38","ITALIAN MAN"
"16","BILLY","38","ITALIAN MAN"
"3","CHARLIE","38","ITALIAN MAN"
"46","DRIVER","38","ITALIAN MAN"
"28","SAM","38","ITALIAN MAN"
"8","JACOB ","38","ITALIAN MAN"
"27","LAURENT","38","ITALIAN MAN"
"20","MAN'S VOICE ","38","ITALIAN MAN"
"5","JESSICA","38","ITALIAN MAN"
"4","MIKE ","38","ITALIAN MAN"
"26","EMBRY","38","ITALIAN MAN"
"36","CAIUS","38","ITALIAN MAN"
"37","MARCUS","38","ITALIAN MAN"
"40","DEMETRI","38","ITALIAN MAN"
"15","ROSALIE","38","ITALIAN MAN"
"44","TOURIST HUSBAND","38","ITALIAN MAN"
"9","ALICE","38","ITALIAN MAN"
"23","TIM","38","ITALIAN MAN"
"14","EMMETT","38","ITALIAN MAN"
"41","JANE ","38","ITALIAN MAN"
"32","VICTORIA","38","ITALIAN MAN"
"34","ROSALIE ","38","ITALIAN MAN"
"42","GIANNA","38","ITALIAN MAN"
"13","ESME","38","ITALIAN MAN"
"12","CARLISLE","38","ITALIAN MAN"
"43","HEIDI","38","ITALIAN MAN"
"22","GUY #2","38","ITALIAN MAN"
"7","ERIC","38","ITALIAN MAN"
"19","BOB","38","ITALIAN MAN"
"17","HARRY CLEARWATER","38","ITALIAN MAN"
"25","QUIL ","38","ITALIAN MAN"
"45","TOURIST WIFE","38","ITALIAN MAN"
"24","NATE","38","ITALIAN MAN"
"2","EDWARD ","38","ITALIAN MAN"
"29","PAUL","38","ITALIAN MAN"
"18","JASPER","38","ITALIAN MAN"
"35","ARO","38","ITALIAN MAN"
"6","ANGELA","38","ITALIAN MAN"
"21","GUY #1","38","ITALIAN MAN"
"28","SAM","39","FELIX"
"24","NATE","39","FELIX"
"45","TOURIST WIFE","39","FELIX"
"3","CHARLIE","39","FELIX"
"16","BILLY","39","FELIX"
"13","ESME","39","FELIX"
"46","DRIVER","39","FELIX"
"18","JASPER","39","FELIX"
"32","VICTORIA","39","FELIX"
"42","GIANNA","39","FELIX"
"19","BOB","39","FELIX"
"43","HEIDI","39","FELIX"
"23","TIM","39","FELIX"
"38","ITALIAN MAN","39","FELIX"
"35","ARO","39","FELIX"
"7","ERIC","39","FELIX"
"27","LAURENT","39","FELIX"
"22","GUY #2","39","FELIX"
"8","JACOB ","39","FELIX"
"1","BELLA ","39","FELIX"
"14","EMMETT","39","FELIX"
"36","CAIUS","39","FELIX"
"20","MAN'S VOICE ","39","FELIX"
"15","ROSALIE","39","FELIX"
"26","EMBRY","39","FELIX"
"5","JESSICA","39","FELIX"
"37","MARCUS","39","FELIX"
"31","EMILY","39","FELIX"
"21","GUY #1","39","FELIX"
"41","JANE ","39","FELIX"
"25","QUIL ","39","FELIX"
"12","CARLISLE","39","FELIX"
"2","EDWARD ","39","FELIX"
"17","HARRY CLEARWATER","39","FELIX"
"30","JARED","39","FELIX"
"29","PAUL","39","FELIX"
"44","TOURIST HUSBAND","39","FELIX"
"6","ANGELA","39","FELIX"
"40","DEMETRI","39","FELIX"
"9","ALICE","39","FELIX"
"4","MIKE ","39","FELIX"
"34","ROSALIE ","39","FELIX"
"33","DENISE","39","FELIX"
"31","EMILY","40","DEMETRI"
"7","ERIC","40","DEMETRI"
"20","MAN'S VOICE ","40","DEMETRI"
"34","ROSALIE ","40","DEMETRI"
"41","JANE ","40","DEMETRI"
"37","MARCUS","40","DEMETRI"
"23","TIM","40","DEMETRI"
"19","BOB","40","DEMETRI"
"35","ARO","40","DEMETRI"
"21","GUY #1","40","DEMETRI"
"39","FELIX","40","DEMETRI"
"9","ALICE","40","DEMETRI"
"3","CHARLIE","40","DEMETRI"
"13","ESME","40","DEMETRI"
"24","NATE","40","DEMETRI"
"25","QUIL ","40","DEMETRI"
"5","JESSICA","40","DEMETRI"
"30","JARED","40","DEMETRI"
"29","PAUL","40","DEMETRI"
"46","DRIVER","40","DEMETRI"
"26","EMBRY","40","DEMETRI"
"15","ROSALIE","40","DEMETRI"
"8","JACOB ","40","DEMETRI"
"42","GIANNA","40","DEMETRI"
"6","ANGELA","40","DEMETRI"
"38","ITALIAN MAN","40","DEMETRI"
"33","DENISE","40","DEMETRI"
"14","EMMETT","40","DEMETRI"
"45","TOURIST WIFE","40","DEMETRI"
"32","VICTORIA","40","DEMETRI"
"36","CAIUS","40","DEMETRI"
"27","LAURENT","40","DEMETRI"
"4","MIKE ","40","DEMETRI"
"2","EDWARD ","40","DEMETRI"
"12","CARLISLE","40","DEMETRI"
"44","TOURIST HUSBAND","40","DEMETRI"
"22","GUY #2","40","DEMETRI"
"28","SAM","40","DEMETRI"
"1","BELLA ","40","DEMETRI"
"17","HARRY CLEARWATER","40","DEMETRI"
"16","BILLY","40","DEMETRI"
"18","JASPER","40","DEMETRI"
"43","HEIDI","40","DEMETRI"
"32","VICTORIA","41","JANE "
"43","HEIDI","41","JANE "
"38","ITALIAN MAN","41","JANE "
"28","SAM","41","JANE "
"36","CAIUS","41","JANE "
"14","EMMETT","41","JANE "
"13","ESME","41","JANE "
"22","GUY #2","41","JANE "
"39","FELIX","41","JANE "
"12","CARLISLE","41","JANE "
"2","EDWARD ","41","JANE "
"25","QUIL ","41","JANE "
"31","EMILY","41","JANE "
"17","HARRY CLEARWATER","41","JANE "
"42","GIANNA","41","JANE "
"23","TIM","41","JANE "
"16","BILLY","41","JANE "
"18","JASPER","41","JANE "
"6","ANGELA","41","JANE "
"21","GUY #1","41","JANE "
"46","DRIVER","41","JANE "
"1","BELLA ","41","JANE "
"29","PAUL","41","JANE "
"4","MIKE ","41","JANE "
"40","DEMETRI","41","JANE "
"19","BOB","41","JANE "
"7","ERIC","41","JANE "
"15","ROSALIE","41","JANE "
"34","ROSALIE ","41","JANE "
"37","MARCUS","41","JANE "
"5","JESSICA","41","JANE "
"27","LAURENT","41","JANE "
"26","EMBRY","41","JANE "
"9","ALICE","41","JANE "
"44","TOURIST HUSBAND","41","JANE "
"30","JARED","41","JANE "
"35","ARO","41","JANE "
"20","MAN'S VOICE ","41","JANE "
"3","CHARLIE","41","JANE "
"45","TOURIST WIFE","41","JANE "
"24","NATE","41","JANE "
"33","DENISE","41","JANE "
"8","JACOB ","41","JANE "
"26","EMBRY","42","GIANNA"
"21","GUY #1","42","GIANNA"
"24","NATE","42","GIANNA"
"28","SAM","42","GIANNA"
"34","ROSALIE ","42","GIANNA"
"13","ESME","42","GIANNA"
"31","EMILY","42","GIANNA"
"25","QUIL ","42","GIANNA"
"30","JARED","42","GIANNA"
"36","CAIUS","42","GIANNA"
"29","PAUL","42","GIANNA"
"44","TOURIST HUSBAND","42","GIANNA"
"6","ANGELA","42","GIANNA"
"15","ROSALIE","42","GIANNA"
"16","BILLY","42","GIANNA"
"41","JANE ","42","GIANNA"
"35","ARO","42","GIANNA"
"43","HEIDI","42","GIANNA"
"37","MARCUS","42","GIANNA"
"40","DEMETRI","42","GIANNA"
"14","EMMETT","42","GIANNA"
"18","JASPER","42","GIANNA"
"27","LAURENT","42","GIANNA"
"32","VICTORIA","42","GIANNA"
"4","MIKE ","42","GIANNA"
"39","FELIX","42","GIANNA"
"12","CARLISLE","42","GIANNA"
"20","MAN'S VOICE ","42","GIANNA"
"9","ALICE","42","GIANNA"
"8","JACOB ","42","GIANNA"
"2","EDWARD ","42","GIANNA"
"17","HARRY CLEARWATER","42","GIANNA"
"33","DENISE","42","GIANNA"
"7","ERIC","42","GIANNA"
"22","GUY #2","42","GIANNA"
"1","BELLA ","42","GIANNA"
"19","BOB","42","GIANNA"
"38","ITALIAN MAN","42","GIANNA"
"5","JESSICA","42","GIANNA"
"46","DRIVER","42","GIANNA"
"45","TOURIST WIFE","42","GIANNA"
"23","TIM","42","GIANNA"
"3","CHARLIE","42","GIANNA"
"14","EMMETT","43","HEIDI"
"37","MARCUS","43","HEIDI"
"34","ROSALIE ","43","HEIDI"
"23","TIM","43","HEIDI"
"2","EDWARD ","43","HEIDI"
"16","BILLY","43","HEIDI"
"36","CAIUS","43","HEIDI"
"9","ALICE","43","HEIDI"
"17","HARRY CLEARWATER","43","HEIDI"
"8","JACOB ","43","HEIDI"
"31","EMILY","43","HEIDI"
"5","JESSICA","43","HEIDI"
"1","BELLA ","43","HEIDI"
"20","MAN'S VOICE ","43","HEIDI"
"41","JANE ","43","HEIDI"
"42","GIANNA","43","HEIDI"
"33","DENISE","43","HEIDI"
"21","GUY #1","43","HEIDI"
"40","DEMETRI","43","HEIDI"
"46","DRIVER","43","HEIDI"
"39","FELIX","43","HEIDI"
"45","TOURIST WIFE","43","HEIDI"
"15","ROSALIE","43","HEIDI"
"29","PAUL","43","HEIDI"
"38","ITALIAN MAN","43","HEIDI"
"6","ANGELA","43","HEIDI"
"3","CHARLIE","43","HEIDI"
"12","CARLISLE","43","HEIDI"
"24","NATE","43","HEIDI"
"28","SAM","43","HEIDI"
"19","BOB","43","HEIDI"
"44","TOURIST HUSBAND","43","HEIDI"
"32","VICTORIA","43","HEIDI"
"25","QUIL ","43","HEIDI"
"13","ESME","43","HEIDI"
"4","MIKE ","43","HEIDI"
"18","JASPER","43","HEIDI"
"7","ERIC","43","HEIDI"
"30","JARED","43","HEIDI"
"35","ARO","43","HEIDI"
"27","LAURENT","43","HEIDI"
"22","GUY #2","43","HEIDI"
"26","EMBRY","43","HEIDI"
"28","SAM","44","TOURIST HUSBAND"
"31","EMILY","44","TOURIST HUSBAND"
"42","GIANNA","44","TOURIST HUSBAND"
"2","EDWARD ","44","TOURIST HUSBAND"
"4","MIKE ","44","TOURIST HUSBAND"
"7","ERIC","44","TOURIST HUSBAND"
"5","JESSICA","44","TOURIST HUSBAND"
"22","GUY #2","44","TOURIST HUSBAND"
"19","BOB","44","TOURIST HUSBAND"
"29","PAUL","44","TOURIST HUSBAND"
"3","CHARLIE","44","TOURIST HUSBAND"
"18","JASPER","44","TOURIST HUSBAND"
"37","MARCUS","44","TOURIST HUSBAND"
"36","CAIUS","44","TOURIST HUSBAND"
"26","EMBRY","44","TOURIST HUSBAND"
"12","CARLISLE","44","TOURIST HUSBAND"
"30","JARED","44","TOURIST HUSBAND"
"9","ALICE","44","TOURIST HUSBAND"
"6","ANGELA","44","TOURIST HUSBAND"
"8","JACOB ","44","TOURIST HUSBAND"
"25","QUIL ","44","TOURIST HUSBAND"
"27","LAURENT","44","TOURIST HUSBAND"
"32","VICTORIA","44","TOURIST HUSBAND"
"13","ESME","44","TOURIST HUSBAND"
"21","GUY #1","44","TOURIST HUSBAND"
"39","FELIX","44","TOURIST HUSBAND"
"23","TIM","44","TOURIST HUSBAND"
"34","ROSALIE ","44","TOURIST HUSBAND"
"33","DENISE","44","TOURIST HUSBAND"
"46","DRIVER","44","TOURIST HUSBAND"
"41","JANE ","44","TOURIST HUSBAND"
"43","HEIDI","44","TOURIST HUSBAND"
"16","BILLY","44","TOURIST HUSBAND"
"38","ITALIAN MAN","44","TOURIST HUSBAND"
"1","BELLA ","44","TOURIST HUSBAND"
"20","MAN'S VOICE ","44","TOURIST HUSBAND"
"24","NATE","44","TOURIST HUSBAND"
"17","HARRY CLEARWATER","44","TOURIST HUSBAND"
"45","TOURIST WIFE","44","TOURIST HUSBAND"
"15","ROSALIE","44","TOURIST HUSBAND"
"40","DEMETRI","44","TOURIST HUSBAND"
"14","EMMETT","44","TOURIST HUSBAND"
"35","ARO","44","TOURIST HUSBAND"
"32","VICTORIA","45","TOURIST WIFE"
"19","BOB","45","TOURIST WIFE"
"16","BILLY","45","TOURIST WIFE"
"28","SAM","45","TOURIST WIFE"
"43","HEIDI","45","TOURIST WIFE"
"21","GUY #1","45","TOURIST WIFE"
"31","EMILY","45","TOURIST WIFE"
"34","ROSALIE ","45","TOURIST WIFE"
"26","EMBRY","45","TOURIST WIFE"
"37","MARCUS","45","TOURIST WIFE"
"14","EMMETT","45","TOURIST WIFE"
"24","NATE","45","TOURIST WIFE"
"18","JASPER","45","TOURIST WIFE"
"15","ROSALIE","45","TOURIST WIFE"
"7","ERIC","45","TOURIST WIFE"
"1","BELLA ","45","TOURIST WIFE"
"29","PAUL","45","TOURIST WIFE"
"20","MAN'S VOICE ","45","TOURIST WIFE"
"13","ESME","45","TOURIST WIFE"
"27","LAURENT","45","TOURIST WIFE"
"12","CARLISLE","45","TOURIST WIFE"
"35","ARO","45","TOURIST WIFE"
"39","FELIX","45","TOURIST WIFE"
"17","HARRY CLEARWATER","45","TOURIST WIFE"
"38","ITALIAN MAN","45","TOURIST WIFE"
"40","DEMETRI","45","TOURIST WIFE"
"3","CHARLIE","45","TOURIST WIFE"
"33","DENISE","45","TOURIST WIFE"
"25","QUIL ","45","TOURIST WIFE"
"30","JARED","45","TOURIST WIFE"
"9","ALICE","45","TOURIST WIFE"
"4","MIKE ","45","TOURIST WIFE"
"22","GUY #2","45","TOURIST WIFE"
"5","JESSICA","45","TOURIST WIFE"
"41","JANE ","45","TOURIST WIFE"
"46","DRIVER","45","TOURIST WIFE"
"2","EDWARD ","45","TOURIST WIFE"
"8","JACOB ","45","TOURIST WIFE"
"44","TOURIST HUSBAND","45","TOURIST WIFE"
"42","GIANNA","45","TOURIST WIFE"
"6","ANGELA","45","TOURIST WIFE"
"23","TIM","45","TOURIST WIFE"
"36","CAIUS","45","TOURIST WIFE"
"3","CHARLIE","46","DRIVER"
"1","BELLA ","46","DRIVER"
"26","EMBRY","46","DRIVER"
"14","EMMETT","46","DRIVER"
"34","ROSALIE ","46","DRIVER"
"45","TOURIST WIFE","46","DRIVER"
"23","TIM","46","DRIVER"
"44","TOURIST HUSBAND","46","DRIVER"
"15","ROSALIE","46","DRIVER"
"42","GIANNA","46","DRIVER"
"7","ERIC","46","DRIVER"
"30","JARED","46","DRIVER"
"27","LAURENT","46","DRIVER"
"24","NATE","46","DRIVER"
"35","ARO","46","DRIVER"
"31","EMILY","46","DRIVER"
"36","CAIUS","46","DRIVER"
"6","ANGELA","46","DRIVER"
"22","GUY #2","46","DRIVER"
"9","ALICE","46","DRIVER"
"32","VICTORIA","46","DRIVER"
"2","EDWARD ","46","DRIVER"
"18","JASPER","46","DRIVER"
"29","PAUL","46","DRIVER"
"4","MIKE ","46","DRIVER"
"28","SAM","46","DRIVER"
"17","HARRY CLEARWATER","46","DRIVER"
"21","GUY #1","46","DRIVER"
"19","BOB","46","DRIVER"
"37","MARCUS","46","DRIVER"
"38","ITALIAN MAN","46","DRIVER"
"16","BILLY","46","DRIVER"
"39","FELIX","46","DRIVER"
"40","DEMETRI","46","DRIVER"
"20","MAN'S VOICE ","46","DRIVER"
"12","CARLISLE","46","DRIVER"
"25","QUIL ","46","DRIVER"
"33","DENISE","46","DRIVER"
"43","HEIDI","46","DRIVER"
"5","JESSICA","46","DRIVER"
"41","JANE ","46","DRIVER"
"13","ESME","46","DRIVER"
"8","JACOB ","46","DRIVER"
