"SOURCE","NAME1","TARGET","NAME2"
"10","CULLEN HOUSE - CARLISLE'S ROOM ","9","CULLEN HOUSE "
"51","CULLEN HOUSE - LIVING ROOM ","9","CULLEN HOUSE "
"8","HIGH SCHOOL - ENGLISH CLASS","9","CULLEN HOUSE "
"19","BELLA'S HOUSE ","9","CULLEN HOUSE "
"11","A CIRCULAR WHITE MARBLE HALL","10","CULLEN HOUSE - CARLISLE'S ROOM "
"12","CULLEN HOUSE - SECOND FLOOR LANDING ","10","CULLEN HOUSE - CARLISLE'S ROOM "
"51","CULLEN HOUSE - LIVING ROOM ","10","CULLEN HOUSE - CARLISLE'S ROOM "
"9","CULLEN HOUSE ","10","CULLEN HOUSE - CARLISLE'S ROOM "
"11","A CIRCULAR WHITE MARBLE HALL","10","CULLEN HOUSE - CARLISLE'S ROOM "
"52","BELLA'S ROOM - MORNING","10","CULLEN HOUSE - CARLISLE'S ROOM "
"10","CULLEN HOUSE - CARLISLE'S ROOM ","11","A CIRCULAR WHITE MARBLE HALL"
"10","CULLEN HOUSE - CARLISLE'S ROOM ","11","A CIRCULAR WHITE MARBLE HALL"
"77","VOLTURI HEADQUARTERS - LONG CORRIDOR","11","A CIRCULAR WHITE MARBLE HALL"
"2","FOREST","11","A CIRCULAR WHITE MARBLE HALL"
"76","VOLTURI HEADQUARTERS - LOBBY","11","A CIRCULAR WHITE MARBLE HALL"
"2","FOREST","11","A CIRCULAR WHITE MARBLE HALL"
"10","CULLEN HOUSE - CARLISLE'S ROOM ","12","CULLEN HOUSE - SECOND FLOOR LANDING "
"13","CULLEN HOUSE - KITCHEN ","12","CULLEN HOUSE - SECOND FLOOR LANDING "
"14","BELLA'S TRUCK ","13","CULLEN HOUSE - KITCHEN "
"12","CULLEN HOUSE - SECOND FLOOR LANDING ","13","CULLEN HOUSE - KITCHEN "
"42","BELLA'S POV - JACOB'S HOUSE - ON THE WINDOW - LATER","14","BELLA'S TRUCK "
"34","LA PUSH CLIFFS","14","BELLA'S TRUCK "
"41","JACOB'S HOUSE","14","BELLA'S TRUCK "
"15","BELLA'S HOUSE/BELLA'S TRUCK       ","14","BELLA'S TRUCK "
"15","BELLA'S HOUSE/BELLA'S TRUCK       ","14","BELLA'S TRUCK "
"58","BELLA'S HOUSE/TRUCK ","14","BELLA'S TRUCK "
"4","BELLA'S BEDROOM ","14","BELLA'S TRUCK "
"27","PORT ANGELES - MOVIE THEATER ","14","BELLA'S TRUCK "
"45","LA PUSH - CLEARING IN THE FOREST ","14","BELLA'S TRUCK "
"57","BEACH","14","BELLA'S TRUCK "
"4","BELLA'S BEDROOM ","14","BELLA'S TRUCK "
"13","CULLEN HOUSE - KITCHEN ","14","BELLA'S TRUCK "
"17","WOODS","15","BELLA'S HOUSE/BELLA'S TRUCK       "
"52","BELLA'S ROOM - MORNING","15","BELLA'S HOUSE/BELLA'S TRUCK       "
"40","WOODS/ROADSIDE","15","BELLA'S HOUSE/BELLA'S TRUCK       "
"14","BELLA'S TRUCK ","15","BELLA'S HOUSE/BELLA'S TRUCK       "
"4","BELLA'S BEDROOM ","15","BELLA'S HOUSE/BELLA'S TRUCK       "
"22","-- BELLA'S HOUSE - LIVING ROOM","15","BELLA'S HOUSE/BELLA'S TRUCK       "
"65","THE MERCEDES","15","BELLA'S HOUSE/BELLA'S TRUCK       "
"41","JACOB'S HOUSE","15","BELLA'S HOUSE/BELLA'S TRUCK       "
"14","BELLA'S TRUCK ","15","BELLA'S HOUSE/BELLA'S TRUCK       "
"4","BELLA'S BEDROOM ","15","BELLA'S HOUSE/BELLA'S TRUCK       "
"4","BELLA'S BEDROOM ","15","BELLA'S HOUSE/BELLA'S TRUCK       "
"62","ROSALIE'S POV - ALASKAN HOUSE - Emmett, Jasper,","15","BELLA'S HOUSE/BELLA'S TRUCK       "
"16","HIGH SCHOOL - CAFETERIA","4","BELLA'S BEDROOM "
"15","BELLA'S HOUSE/BELLA'S TRUCK       ","4","BELLA'S BEDROOM "
"2","FOREST","4","BELLA'S BEDROOM "
"21","BELLA'S BEDROOM - ANOTHER DAY","4","BELLA'S BEDROOM "
"19","BELLA'S HOUSE ","4","BELLA'S BEDROOM "
"26","SOUTH AMERICA - ANDES                  ","4","BELLA'S BEDROOM "
"19","BELLA'S HOUSE ","4","BELLA'S BEDROOM "
"5","FORKS HIGHWAY","4","BELLA'S BEDROOM "
"38","BELLA'S HOUSE - KITCHEN","4","BELLA'S BEDROOM "
"14","BELLA'S TRUCK ","4","BELLA'S BEDROOM "
"15","BELLA'S HOUSE/BELLA'S TRUCK       ","4","BELLA'S BEDROOM "
"19","BELLA'S HOUSE ","4","BELLA'S BEDROOM "
"3","MEADOW","4","BELLA'S BEDROOM "
"33","WOODS  ","4","BELLA'S BEDROOM "
"15","BELLA'S HOUSE/BELLA'S TRUCK       ","4","BELLA'S BEDROOM "
"20","  BELLA'S HOUSE - A MONTH LATER","4","BELLA'S BEDROOM "
"37","FORKS HIGH SCHOOL - PARKING LOT - ANOTHER DAY                 ","4","BELLA'S BEDROOM "
"20","  BELLA'S HOUSE - A MONTH LATER","4","BELLA'S BEDROOM "
"14","BELLA'S TRUCK ","4","BELLA'S BEDROOM "
"8","HIGH SCHOOL - ENGLISH CLASS","4","BELLA'S BEDROOM "
"9","CULLEN HOUSE ","8","HIGH SCHOOL - ENGLISH CLASS"
"4","BELLA'S BEDROOM ","8","HIGH SCHOOL - ENGLISH CLASS"
"16","HIGH SCHOOL - CAFETERIA","8","HIGH SCHOOL - ENGLISH CLASS"
"7","FORKS HIGH SCHOOL - CORRIDOR","8","HIGH SCHOOL - ENGLISH CLASS"
"34","LA PUSH CLIFFS","16","HIGH SCHOOL - CAFETERIA"
"4","BELLA'S BEDROOM ","16","HIGH SCHOOL - CAFETERIA"
"8","HIGH SCHOOL - ENGLISH CLASS","16","HIGH SCHOOL - CAFETERIA"
"35","LA PUSH - CLEARING IN THE FOREST","16","HIGH SCHOOL - CAFETERIA"
"46","LA PUSH - EMILY'S HOUSE ","17","WOODS"
"40","WOODS/ROADSIDE","17","WOODS"
"39","THE MEADOW","17","WOODS"
"18","WOODS - LATER NIGHT","17","WOODS"
"53","ON HARRY - he looks down at a large WOLF PAW PRINT.","17","WOODS"
"15","BELLA'S HOUSE/BELLA'S TRUCK       ","17","WOODS"
"19","BELLA'S HOUSE ","18","WOODS - LATER NIGHT"
"17","WOODS","18","WOODS - LATER NIGHT"
"18","WOODS - LATER NIGHT","19","BELLA'S HOUSE "
"50","EMILY'S BACKYARD","19","BELLA'S HOUSE "
"9","CULLEN HOUSE ","19","BELLA'S HOUSE "
"44","UNKNOWN POV - BELLA'S HOUSE              ","19","BELLA'S HOUSE "
"4","BELLA'S BEDROOM ","19","BELLA'S HOUSE "
"4","BELLA'S BEDROOM ","19","BELLA'S HOUSE "
"41","JACOB'S HOUSE","19","BELLA'S HOUSE "
"4","BELLA'S BEDROOM ","19","BELLA'S HOUSE "
"4","BELLA'S BEDROOM ","20","  BELLA'S HOUSE - A MONTH LATER"
"4","BELLA'S BEDROOM ","20","  BELLA'S HOUSE - A MONTH LATER"
"4","BELLA'S BEDROOM ","21","BELLA'S BEDROOM - ANOTHER DAY"
"22","-- BELLA'S HOUSE - LIVING ROOM","21","BELLA'S BEDROOM - ANOTHER DAY"
"15","BELLA'S HOUSE/BELLA'S TRUCK       ","22","-- BELLA'S HOUSE - LIVING ROOM"
"23","-- BELLA'S BEDROOM ","22","-- BELLA'S HOUSE - LIVING ROOM"
"21","BELLA'S BEDROOM - ANOTHER DAY","22","-- BELLA'S HOUSE - LIVING ROOM"
"63","TENEMENT APARTMENT - RIO DE JANEIRO - SAME","22","-- BELLA'S HOUSE - LIVING ROOM"
"22","-- BELLA'S HOUSE - LIVING ROOM","23","-- BELLA'S BEDROOM "
"24","-- FORKS HIGH SCHOOL - CAFETERIA","23","-- BELLA'S BEDROOM "
"23","-- BELLA'S BEDROOM ","24","-- FORKS HIGH SCHOOL - CAFETERIA"
"25","TANYA'S ALASKAN HOME","24","-- FORKS HIGH SCHOOL - CAFETERIA"
"24","-- FORKS HIGH SCHOOL - CAFETERIA","25","TANYA'S ALASKAN HOME"
"62","ROSALIE'S POV - ALASKAN HOUSE - Emmett, Jasper,","25","TANYA'S ALASKAN HOME"
"61","TENEMENT APARTMENT - RIO DE JANEIRO                   ","25","TANYA'S ALASKAN HOME"
"26","SOUTH AMERICA - ANDES                  ","25","TANYA'S ALASKAN HOME"
"4","BELLA'S BEDROOM ","26","SOUTH AMERICA - ANDES                  "
"25","TANYA'S ALASKAN HOME","26","SOUTH AMERICA - ANDES                  "
"14","BELLA'S TRUCK ","27","PORT ANGELES - MOVIE THEATER "
"28","JACOB BLACK'S HOUSE","27","PORT ANGELES - MOVIE THEATER "
"29","EDGE OF THE WOODS - SAM ULEY - SAME","28","JACOB BLACK'S HOUSE"
"27","PORT ANGELES - MOVIE THEATER ","28","JACOB BLACK'S HOUSE"
"39","THE MEADOW","29","EDGE OF THE WOODS - SAM ULEY - SAME"
"38","BELLA'S HOUSE - KITCHEN","29","EDGE OF THE WOODS - SAM ULEY - SAME"
"2","FOREST","29","EDGE OF THE WOODS - SAM ULEY - SAME"
"28","JACOB BLACK'S HOUSE","29","EDGE OF THE WOODS - SAM ULEY - SAME"
"29","EDGE OF THE WOODS - SAM ULEY - SAME","2","FOREST"
"11","A CIRCULAR WHITE MARBLE HALL","2","FOREST"
"1","EXT.","2","FOREST"
"44","UNKNOWN POV - BELLA'S HOUSE              ","2","FOREST"
"30","HIGHWAY ","2","FOREST"
"11","A CIRCULAR WHITE MARBLE HALL","2","FOREST"
"4","BELLA'S BEDROOM ","2","FOREST"
"3","MEADOW","2","FOREST"
"2","FOREST","30","HIGHWAY "
"31","JACOB'S GARAGE - ANOTHER DAY","30","HIGHWAY "
"30","HIGHWAY ","31","JACOB'S GARAGE - ANOTHER DAY"
"32","JACOB'S GARAGE - OVER THE COURSE OF SEVERAL DAYS             ","31","JACOB'S GARAGE - ANOTHER DAY"
"32","JACOB'S GARAGE - OVER THE COURSE OF SEVERAL DAYS             ","31","JACOB'S GARAGE - ANOTHER DAY"
"33","WOODS  ","31","JACOB'S GARAGE - ANOTHER DAY"
"31","JACOB'S GARAGE - ANOTHER DAY","32","JACOB'S GARAGE - OVER THE COURSE OF SEVERAL DAYS             "
"31","JACOB'S GARAGE - ANOTHER DAY","32","JACOB'S GARAGE - OVER THE COURSE OF SEVERAL DAYS             "
"31","JACOB'S GARAGE - ANOTHER DAY","33","WOODS  "
"4","BELLA'S BEDROOM ","33","WOODS  "
"16","HIGH SCHOOL - CAFETERIA","34","LA PUSH CLIFFS"
"14","BELLA'S TRUCK ","34","LA PUSH CLIFFS"
"16","HIGH SCHOOL - CAFETERIA","35","LA PUSH - CLEARING IN THE FOREST"
"36","BELLA'S HOUSE - LIVING ROOM - ANOTHER DAY","35","LA PUSH - CLEARING IN THE FOREST"
"35","LA PUSH - CLEARING IN THE FOREST","36","BELLA'S HOUSE - LIVING ROOM - ANOTHER DAY"
"37","FORKS HIGH SCHOOL - PARKING LOT - ANOTHER DAY                 ","36","BELLA'S HOUSE - LIVING ROOM - ANOTHER DAY"
"4","BELLA'S BEDROOM ","37","FORKS HIGH SCHOOL - PARKING LOT - ANOTHER DAY                 "
"36","BELLA'S HOUSE - LIVING ROOM - ANOTHER DAY","37","FORKS HIGH SCHOOL - PARKING LOT - ANOTHER DAY                 "
"4","BELLA'S BEDROOM ","38","BELLA'S HOUSE - KITCHEN"
"29","EDGE OF THE WOODS - SAM ULEY - SAME","38","BELLA'S HOUSE - KITCHEN"
"29","EDGE OF THE WOODS - SAM ULEY - SAME","39","THE MEADOW"
"17","WOODS","39","THE MEADOW"
"17","WOODS","40","WOODS/ROADSIDE"
"15","BELLA'S HOUSE/BELLA'S TRUCK       ","40","WOODS/ROADSIDE"
"43","BELLA'S TRUCK - ON BELLA - SAME","41","JACOB'S HOUSE"
"19","BELLA'S HOUSE ","41","JACOB'S HOUSE"
"14","BELLA'S TRUCK ","41","JACOB'S HOUSE"
"15","BELLA'S HOUSE/BELLA'S TRUCK       ","41","JACOB'S HOUSE"
"43","BELLA'S TRUCK - ON BELLA - SAME","42","BELLA'S POV - JACOB'S HOUSE - ON THE WINDOW - LATER"
"14","BELLA'S TRUCK ","42","BELLA'S POV - JACOB'S HOUSE - ON THE WINDOW - LATER"
"41","JACOB'S HOUSE","43","BELLA'S TRUCK - ON BELLA - SAME"
"42","BELLA'S POV - JACOB'S HOUSE - ON THE WINDOW - LATER","43","BELLA'S TRUCK - ON BELLA - SAME"
"19","BELLA'S HOUSE ","44","UNKNOWN POV - BELLA'S HOUSE              "
"2","FOREST","44","UNKNOWN POV - BELLA'S HOUSE              "
"46","LA PUSH - EMILY'S HOUSE ","45","LA PUSH - CLEARING IN THE FOREST "
"14","BELLA'S TRUCK ","45","LA PUSH - CLEARING IN THE FOREST "
"52","BELLA'S ROOM - MORNING","46","LA PUSH - EMILY'S HOUSE "
"47","LA PUSH - CLIFFS - DAWN","46","LA PUSH - EMILY'S HOUSE "
"45","LA PUSH - CLEARING IN THE FOREST ","46","LA PUSH - EMILY'S HOUSE "
"17","WOODS","46","LA PUSH - EMILY'S HOUSE "
"55","THE OCEAN - SAME","47","LA PUSH - CLIFFS - DAWN"
"56","ON THE WATER'S SURFACE","47","LA PUSH - CLIFFS - DAWN"
"46","LA PUSH - EMILY'S HOUSE ","47","LA PUSH - CLIFFS - DAWN"
"48","FOREST HIGHWAY","47","LA PUSH - CLIFFS - DAWN"
"47","LA PUSH - CLIFFS - DAWN","48","FOREST HIGHWAY"
"49","MASERATI - SAME","48","FOREST HIGHWAY"
"48","FOREST HIGHWAY","49","MASERATI - SAME"
"50","EMILY'S BACKYARD","49","MASERATI - SAME"
"49","MASERATI - SAME","50","EMILY'S BACKYARD"
"19","BELLA'S HOUSE ","50","EMILY'S BACKYARD"
"10","CULLEN HOUSE - CARLISLE'S ROOM ","51","CULLEN HOUSE - LIVING ROOM "
"9","CULLEN HOUSE ","51","CULLEN HOUSE - LIVING ROOM "
"46","LA PUSH - EMILY'S HOUSE ","52","BELLA'S ROOM - MORNING"
"77","VOLTURI HEADQUARTERS - LONG CORRIDOR","52","BELLA'S ROOM - MORNING"
"64","BELLA'S HOUSE - LIVING ROOM - SAME","52","BELLA'S ROOM - MORNING"
"15","BELLA'S HOUSE/BELLA'S TRUCK       ","52","BELLA'S ROOM - MORNING"
"10","CULLEN HOUSE - CARLISLE'S ROOM ","52","BELLA'S ROOM - MORNING"
"78","CULLEN HOUSE - LIVING ROOM - DAWN","52","BELLA'S ROOM - MORNING"
"54","ANOTHER PART OF THE WOODS - SAME","53","ON HARRY - he looks down at a large WOLF PAW PRINT."
"17","WOODS","53","ON HARRY - he looks down at a large WOLF PAW PRINT."
"55","THE OCEAN - SAME","54","ANOTHER PART OF THE WOODS - SAME"
"53","ON HARRY - he looks down at a large WOLF PAW PRINT.","54","ANOTHER PART OF THE WOODS - SAME"
"54","ANOTHER PART OF THE WOODS - SAME","55","THE OCEAN - SAME"
"47","LA PUSH - CLIFFS - DAWN","55","THE OCEAN - SAME"
"57","BEACH","56","ON THE WATER'S SURFACE"
"47","LA PUSH - CLIFFS - DAWN","56","ON THE WATER'S SURFACE"
"14","BELLA'S TRUCK ","57","BEACH"
"56","ON THE WATER'S SURFACE","57","BEACH"
"59","ROAD ","58","BELLA'S HOUSE/TRUCK "
"14","BELLA'S TRUCK ","58","BELLA'S HOUSE/TRUCK "
"60","BELLA'S HOUSE - KITCHEN ","59","ROAD "
"58","BELLA'S HOUSE/TRUCK ","59","ROAD "
"61","TENEMENT APARTMENT - RIO DE JANEIRO                   ","60","BELLA'S HOUSE - KITCHEN "
"59","ROAD ","60","BELLA'S HOUSE - KITCHEN "
"60","BELLA'S HOUSE - KITCHEN ","61","TENEMENT APARTMENT - RIO DE JANEIRO                   "
"25","TANYA'S ALASKAN HOME","61","TENEMENT APARTMENT - RIO DE JANEIRO                   "
"25","TANYA'S ALASKAN HOME","62","ROSALIE'S POV - ALASKAN HOUSE - Emmett, Jasper,"
"15","BELLA'S HOUSE/BELLA'S TRUCK       ","62","ROSALIE'S POV - ALASKAN HOUSE - Emmett, Jasper,"
"22","-- BELLA'S HOUSE - LIVING ROOM","63","TENEMENT APARTMENT - RIO DE JANEIRO - SAME"
"64","BELLA'S HOUSE - LIVING ROOM - SAME","63","TENEMENT APARTMENT - RIO DE JANEIRO - SAME"
"63","TENEMENT APARTMENT - RIO DE JANEIRO - SAME","64","BELLA'S HOUSE - LIVING ROOM - SAME"
"52","BELLA'S ROOM - MORNING","64","BELLA'S HOUSE - LIVING ROOM - SAME"
"15","BELLA'S HOUSE/BELLA'S TRUCK       ","65","THE MERCEDES"
"66","VOLTURI HEADQUARTERS ","65","THE MERCEDES"
"65","THE MERCEDES","66","VOLTURI HEADQUARTERS "
"67","CIRCULAR WHITE MARBLE HALL ","66","VOLTURI HEADQUARTERS "
"66","VOLTURI HEADQUARTERS ","67","CIRCULAR WHITE MARBLE HALL "
"68","FLORENCE AIRPORT, ITALY - MORNING","67","CIRCULAR WHITE MARBLE HALL "
"67","CIRCULAR WHITE MARBLE HALL ","68","FLORENCE AIRPORT, ITALY - MORNING"
"69","TUSCAN COUNTRYSIDE","68","FLORENCE AIRPORT, ITALY - MORNING"
"68","FLORENCE AIRPORT, ITALY - MORNING","69","TUSCAN COUNTRYSIDE"
"70","PORSCHE","69","TUSCAN COUNTRYSIDE"
"71","VOLTERRA - PALAZZO DEI PRIORI ","70","PORSCHE"
"69","TUSCAN COUNTRYSIDE","70","PORSCHE"
"72","PORSCHE - SAME","71","VOLTERRA - PALAZZO DEI PRIORI "
"73","VOLTERRA ALLEYS - SERIES OF FAST CUTS","71","VOLTERRA - PALAZZO DEI PRIORI "
"73","VOLTERRA ALLEYS - SERIES OF FAST CUTS","71","VOLTERRA - PALAZZO DEI PRIORI "
"70","PORSCHE","71","VOLTERRA - PALAZZO DEI PRIORI "
"72","PORSCHE - SAME","71","VOLTERRA - PALAZZO DEI PRIORI "
"74","VOLTERRA STREETS","71","VOLTERRA - PALAZZO DEI PRIORI "
"71","VOLTERRA - PALAZZO DEI PRIORI ","72","PORSCHE - SAME"
"71","VOLTERRA - PALAZZO DEI PRIORI ","72","PORSCHE - SAME"
"71","VOLTERRA - PALAZZO DEI PRIORI ","73","VOLTERRA ALLEYS - SERIES OF FAST CUTS"
"71","VOLTERRA - PALAZZO DEI PRIORI ","73","VOLTERRA ALLEYS - SERIES OF FAST CUTS"
"75","SEWERS","74","VOLTERRA STREETS"
"71","VOLTERRA - PALAZZO DEI PRIORI ","74","VOLTERRA STREETS"
"76","VOLTURI HEADQUARTERS - LOBBY","75","SEWERS"
"74","VOLTERRA STREETS","75","SEWERS"
"75","SEWERS","76","VOLTURI HEADQUARTERS - LOBBY"
"11","A CIRCULAR WHITE MARBLE HALL","76","VOLTURI HEADQUARTERS - LOBBY"
"11","A CIRCULAR WHITE MARBLE HALL","77","VOLTURI HEADQUARTERS - LONG CORRIDOR"
"52","BELLA'S ROOM - MORNING","77","VOLTURI HEADQUARTERS - LONG CORRIDOR"
"52","BELLA'S ROOM - MORNING","78","CULLEN HOUSE - LIVING ROOM - DAWN"
"79","CULLEN HOUSE - SAME","78","CULLEN HOUSE - LIVING ROOM - DAWN"
"80","HIGHWAY - MOMENTS LATER","79","CULLEN HOUSE - SAME"
"78","CULLEN HOUSE - LIVING ROOM - DAWN","79","CULLEN HOUSE - SAME"
"81","EDWARD'S CAR - MORNING","80","HIGHWAY - MOMENTS LATER"
"79","CULLEN HOUSE - SAME","80","HIGHWAY - MOMENTS LATER"
"82","WOODS - MORNING","81","EDWARD'S CAR - MORNING"
"80","HIGHWAY - MOMENTS LATER","81","EDWARD'S CAR - MORNING"
"81","EDWARD'S CAR - MORNING","82","WOODS - MORNING"
"2","FOREST","1","EXT."
"2","FOREST","3","MEADOW"
"4","BELLA'S BEDROOM ","3","MEADOW"
"6","FORKS HIGH SCHOOL - PARKING LOT","5","FORKS HIGHWAY"
"4","BELLA'S BEDROOM ","5","FORKS HIGHWAY"
"5","FORKS HIGHWAY","6","FORKS HIGH SCHOOL - PARKING LOT"
"7","FORKS HIGH SCHOOL - CORRIDOR","6","FORKS HIGH SCHOOL - PARKING LOT"
"8","HIGH SCHOOL - ENGLISH CLASS","7","FORKS HIGH SCHOOL - CORRIDOR"
"6","FORKS HIGH SCHOOL - PARKING LOT","7","FORKS HIGH SCHOOL - CORRIDOR"
