"SOURCE","NAME1","TARGET","NAME2"
"10","good","1","edward"
"23","love","1","edward"
"84","leaving","1","edward"
"17","give","1","edward"
"68","life","1","edward"
"14","jacob","1","edward"
"38","kill","71","leave"
"78","town","71","leave"
"63","human","73","years"
"39","time","73","years"
"47","hurt","39","time"
"82","hell","39","time"
"48","talk","39","time"
"80","home","39","time"
"99","face","39","time"
"49","things","39","time"
"1","edward","39","time"
"14","jacob","39","time"
"61","long","39","time"
"52","stay","74","charlie"
"32","night","51","coming"
"72","back","51","coming"
"65","thinks","76","stupid"
"86","needed","60","care"
"42","people","60","care"
"37","find","60","care"
"14","jacob","6","kind"
"112","close","6","kind"
"17","give","69","soul"
"52","stay","10","good"
"109","wolf","10","good"
"33","thing","10","good"
"33","thing","10","good"
"27","wait","61","long"
"60","care","27","wait"
"42","people","27","wait"
"45","carlisle","27","wait"
"38","kill","27","wait"
"25","guess","27","wait"
"50","victoria","11","cullens"
"25","guess","11","cullens"
"54","sister","11","cullens"
"61","long","11","cullens"
"8","fast","46","call"
"89","embry","46","call"
"111","hits","78","town"
"4","happy","79","left"
"53","reason","79","left"
"39","time","79","left"
"50","victoria","79","left"
"11","cullens","79","left"
"49","things","79","left"
"82","hell","79","left"
"72","back","79","left"
"47","hurt","37","find"
"80","home","37","find"
"86","needed","37","find"
"62","rest","68","life"
"53","reason","68","life"
"33","thing","68","life"
"79","left","68","life"
"1","edward","22","alice"
"45","carlisle","80","home"
"71","leave","80","home"
"14","jacob","80","home"
"1","edward","80","home"
"27","wait","80","home"
"111","hits","81","moves"
"78","town","81","moves"
"51","coming","72","back"
"27","wait","72","back"
"84","leaving","72","back"
"121","side","72","back"
"80","home","72","back"
"114","step","72","back"
"101","harry","72","back"
"94","paul","72","back"
"1","edward","82","hell"
"52","stay","82","hell"
"97","head","82","hell"
"40","volturi","82","hell"
"67","fight","82","hell"
"72","back","62","rest"
"51","coming","62","rest"
"121","side","84","leaving"
"10","good","84","leaving"
"100","change","19","friend"
"22","alice","35","alright"
"89","embry","49","things"
"98","hand","49","things"
"82","hell","49","things"
"82","hell","3","stop"
"39","time","3","stop"
"49","things","3","stop"
"79","left","3","stop"
"1","edward","3","stop"
"14","jacob","86","needed"
"1","edward","86","needed"
"47","hurt","86","needed"
"37","find","86","needed"
"39","time","86","needed"
"38","kill","23","love"
"11","cullens","23","love"
"110","shut","89","embry"
"19","friend","36","girl"
"54","sister","25","guess"
"86","needed","17","give"
"39","time","17","give"
"18","black","17","give"
"47","hurt","17","give"
"33","thing","14","jacob"
"35","alright","14","jacob"
"71","leave","14","jacob"
"49","things","14","jacob"
"35","alright","14","jacob"
"46","call","14","jacob"
"66","risk","14","jacob"
"109","wolf","33","thing"
"94","paul","33","thing"
"15","school","33","thing"
"95","waiting","33","thing"
"95","waiting","94","paul"
"15","school","94","paul"
"15","school","95","waiting"
"97","head","52","stay"
"22","alice","52","stay"
"51","coming","52","stay"
"32","night","52","stay"
"72","back","52","stay"
"82","hell","38","kill"
"42","people","38","kill"
"33","thing","38","kill"
"60","care","38","kill"
"18","black","96","fours"
"21","hard","97","head"
"72","back","47","hurt"
"40","volturi","47","hurt"
"76","stupid","47","hurt"
"39","time","47","hurt"
"47","hurt","99","face"
"40","volturi","100","change"
"2","bella","100","change"
"98","hand","8","fast"
"49","things","8","fast"
"4","happy","50","victoria"
"72","back","50","victoria"
"6","kind","50","victoria"
"79","left","50","victoria"
"103","smell","50","victoria"
"79","left","102","empty"
"11","cullens","102","empty"
"63","human","44","family"
"66","risk","44","family"
"79","left","4","happy"
"68","life","4","happy"
"53","reason","4","happy"
"20","perfect","106","large"
"40","volturi","106","large"
"26","party","106","large"
"82","hell","67","fight"
"14","jacob","67","fight"
"70","window","24","open"
"63","human","66","risk"
"94","paul","107","teeth"
"36","girl","12","vampire"
"49","things","109","wolf"
"33","thing","109","wolf"
"33","thing","109","wolf"
"72","back","32","night"
"112","close","113","ground"
"72","back","114","step"
"50","victoria","116","water"
"51","coming","116","water"
"66","risk","45","carlisle"
"100","change","45","carlisle"
"80","home","117","smiles"
"27","wait","117","smiles"
"45","carlisle","117","smiles"
"27","wait","40","volturi"
"72","back","40","volturi"
"38","kill","40","volturi"
"67","fight","40","volturi"
"61","long","40","volturi"
"20","perfect","40","volturi"
"20","perfect","120","sounds"
"121","side","122","grateful"
"84","leaving","122","grateful"
"72","back","122","grateful"
