"SOURCE","NAME1","TARGET","NAME2"
"39","CULLEN","1","BELLA "
"27","JAMES","1","BELLA "
"21","DR. CULLEN ","1","BELLA "
"37","ALICE ","1","BELLA "
"3","RENE","1","BELLA "
"28","VICTORIA","1","BELLA "
"6","BILLY","1","BELLA "
"5","CHARLIE","1","BELLA "
"9","JESSICA","1","BELLA "
"19","MIKEERIC","1","BELLA "
"38","JASPER","1","BELLA "
"6","BILLY","1","BELLA "
"36","EMMETT","1","BELLA "
"25","SAM","1","BELLA "
"17","RENE ","1","BELLA "
"35","ESME","1","BELLA "
"15","CORA","1","BELLA "
"20","TYLER","1","BELLA "
"22","ROSALIE","1","BELLA "
"11","ANGELA","1","BELLA "
"4","PHIL","1","BELLA "
"8","ERIC","1","BELLA "
"3","RENE","1","BELLA "
"36","EMMETT","1","BELLA "
"3","RENE","1","BELLA "
"31","FRAT BOY #1","1","BELLA "
"12","MR. MOLINA","1","BELLA "
"22","ROSALIE","1","BELLA "
"16","WAYLON","1","BELLA "
"7","JACOB","1","BELLA "
"2","BLONDE #1 ","1","BELLA "
"10","MIKE","1","BELLA "
"16","WAYLON","1","BELLA "
"22","ROSALIE","1","BELLA "
"13","EDWARD","1","BELLA "
"13","EDWARD","1","BELLA "
"15","CORA","1","BELLA "
"23","ALICE","1","BELLA "
"5","CHARLIE","1","BELLA "
"21","DR. CULLEN ","1","BELLA "
"40","JAMES ","1","BELLA "
"23","ALICE","1","BELLA "
"30","JESSICA ","1","BELLA "
"24","JACOB ","1","BELLA "
"12","MR. MOLINA","1","BELLA "
"7","JACOB","1","BELLA "
"26","GIRL ","1","BELLA "
"28","VICTORIA","1","BELLA "
"29","LAURENT","1","BELLA "
"29","LAURENT","1","BELLA "
"21","DR. CULLEN ","1","BELLA "
"18","TELEPHONE OPERATOR ","1","BELLA "
"17","RENE ","1","BELLA "
"13","EDWARD","1","BELLA "
"33","EDWARD ","1","BELLA "
"14","ADMINISTRATOR","1","BELLA "
"34","BAG)","1","BELLA "
"32","FRAT BOY #2","1","BELLA "
"8","ERIC","1","BELLA "
"10","MIKE","1","BELLA "
"5","CHARLIE","1","BELLA "
"11","ANGELA","1","BELLA "
"9","JESSICA","1","BELLA "
"27","JAMES","1","BELLA "
"38","JASPER","1","BELLA "
"35","ESME","1","BELLA "
"5","CHARLIE","2","BLONDE #1 "
"6","BILLY","2","BLONDE #1 "
"12","MR. MOLINA","2","BLONDE #1 "
"1","BELLA ","2","BLONDE #1 "
"13","EDWARD","2","BLONDE #1 "
"8","ERIC","2","BLONDE #1 "
"4","PHIL","2","BLONDE #1 "
"18","TELEPHONE OPERATOR ","2","BLONDE #1 "
"9","JESSICA","2","BLONDE #1 "
"21","DR. CULLEN ","2","BLONDE #1 "
"11","ANGELA","2","BLONDE #1 "
"17","RENE ","2","BLONDE #1 "
"22","ROSALIE","2","BLONDE #1 "
"19","MIKEERIC","2","BLONDE #1 "
"3","RENE","2","BLONDE #1 "
"10","MIKE","2","BLONDE #1 "
"14","ADMINISTRATOR","2","BLONDE #1 "
"16","WAYLON","2","BLONDE #1 "
"15","CORA","2","BLONDE #1 "
"7","JACOB","2","BLONDE #1 "
"20","TYLER","2","BLONDE #1 "
"15","CORA","3","RENE"
"4","PHIL","3","RENE"
"27","JAMES","3","RENE"
"13","EDWARD","3","RENE"
"28","VICTORIA","3","RENE"
"9","JESSICA","3","RENE"
"1","BELLA ","3","RENE"
"1","BELLA ","3","RENE"
"11","ANGELA","3","RENE"
"13","EDWARD","3","RENE"
"34","BAG)","3","RENE"
"19","MIKEERIC","3","RENE"
"7","JACOB","3","RENE"
"17","RENE ","3","RENE"
"18","TELEPHONE OPERATOR ","3","RENE"
"21","DR. CULLEN ","3","RENE"
"36","EMMETT","3","RENE"
"12","MR. MOLINA","3","RENE"
"2","BLONDE #1 ","3","RENE"
"31","FRAT BOY #1","3","RENE"
"8","ERIC","3","RENE"
"6","BILLY","3","RENE"
"12","MR. MOLINA","3","RENE"
"29","LAURENT","3","RENE"
"17","RENE ","3","RENE"
"24","JACOB ","3","RENE"
"6","BILLY","3","RENE"
"35","ESME","3","RENE"
"21","DR. CULLEN ","3","RENE"
"32","FRAT BOY #2","3","RENE"
"8","ERIC","3","RENE"
"40","JAMES ","3","RENE"
"20","TYLER","3","RENE"
"28","VICTORIA","3","RENE"
"23","ALICE","3","RENE"
"9","JESSICA","3","RENE"
"38","JASPER","3","RENE"
"35","ESME","3","RENE"
"10","MIKE","3","RENE"
"23","ALICE","3","RENE"
"21","DR. CULLEN ","3","RENE"
"1","BELLA ","3","RENE"
"5","CHARLIE","3","RENE"
"7","JACOB","3","RENE"
"22","ROSALIE","3","RENE"
"26","GIRL ","3","RENE"
"25","SAM","3","RENE"
"5","CHARLIE","3","RENE"
"16","WAYLON","3","RENE"
"11","ANGELA","3","RENE"
"27","JAMES","3","RENE"
"36","EMMETT","3","RENE"
"39","CULLEN","3","RENE"
"38","JASPER","3","RENE"
"14","ADMINISTRATOR","3","RENE"
"16","WAYLON","3","RENE"
"29","LAURENT","3","RENE"
"37","ALICE ","3","RENE"
"10","MIKE","3","RENE"
"13","EDWARD","3","RENE"
"22","ROSALIE","3","RENE"
"30","JESSICA ","3","RENE"
"15","CORA","3","RENE"
"5","CHARLIE","3","RENE"
"22","ROSALIE","3","RENE"
"33","EDWARD ","3","RENE"
"16","WAYLON","4","PHIL"
"10","MIKE","4","PHIL"
"12","MR. MOLINA","4","PHIL"
"18","TELEPHONE OPERATOR ","4","PHIL"
"19","MIKEERIC","4","PHIL"
"11","ANGELA","4","PHIL"
"21","DR. CULLEN ","4","PHIL"
"5","CHARLIE","4","PHIL"
"3","RENE","4","PHIL"
"9","JESSICA","4","PHIL"
"2","BLONDE #1 ","4","PHIL"
"1","BELLA ","4","PHIL"
"6","BILLY","4","PHIL"
"13","EDWARD","4","PHIL"
"8","ERIC","4","PHIL"
"14","ADMINISTRATOR","4","PHIL"
"22","ROSALIE","4","PHIL"
"7","JACOB","4","PHIL"
"17","RENE ","4","PHIL"
"20","TYLER","4","PHIL"
"15","CORA","4","PHIL"
"1","BELLA ","5","CHARLIE"
"31","FRAT BOY #1","5","CHARLIE"
"19","MIKEERIC","5","CHARLIE"
"1","BELLA ","5","CHARLIE"
"20","TYLER","5","CHARLIE"
"29","LAURENT","5","CHARLIE"
"22","ROSALIE","5","CHARLIE"
"15","CORA","5","CHARLIE"
"13","EDWARD","5","CHARLIE"
"38","JASPER","5","CHARLIE"
"36","EMMETT","5","CHARLIE"
"12","MR. MOLINA","5","CHARLIE"
"27","JAMES","5","CHARLIE"
"38","JASPER","5","CHARLIE"
"23","ALICE","5","CHARLIE"
"3","RENE","5","CHARLIE"
"34","BAG)","5","CHARLIE"
"4","PHIL","5","CHARLIE"
"7","JACOB","5","CHARLIE"
"28","VICTORIA","5","CHARLIE"
"9","JESSICA","5","CHARLIE"
"30","JESSICA ","5","CHARLIE"
"6","BILLY","5","CHARLIE"
"21","DR. CULLEN ","5","CHARLIE"
"12","MR. MOLINA","5","CHARLIE"
"8","ERIC","5","CHARLIE"
"32","FRAT BOY #2","5","CHARLIE"
"8","ERIC","5","CHARLIE"
"29","LAURENT","5","CHARLIE"
"18","TELEPHONE OPERATOR ","5","CHARLIE"
"25","SAM","5","CHARLIE"
"17","RENE ","5","CHARLIE"
"37","ALICE ","5","CHARLIE"
"26","GIRL ","5","CHARLIE"
"40","JAMES ","5","CHARLIE"
"28","VICTORIA","5","CHARLIE"
"13","EDWARD","5","CHARLIE"
"33","EDWARD ","5","CHARLIE"
"10","MIKE","5","CHARLIE"
"35","ESME","5","CHARLIE"
"11","ANGELA","5","CHARLIE"
"17","RENE ","5","CHARLIE"
"36","EMMETT","5","CHARLIE"
"23","ALICE","5","CHARLIE"
"6","BILLY","5","CHARLIE"
"39","CULLEN","5","CHARLIE"
"3","RENE","5","CHARLIE"
"13","EDWARD","5","CHARLIE"
"22","ROSALIE","5","CHARLIE"
"10","MIKE","5","CHARLIE"
"2","BLONDE #1 ","5","CHARLIE"
"7","JACOB","5","CHARLIE"
"14","ADMINISTRATOR","5","CHARLIE"
"16","WAYLON","5","CHARLIE"
"27","JAMES","5","CHARLIE"
"22","ROSALIE","5","CHARLIE"
"35","ESME","5","CHARLIE"
"21","DR. CULLEN ","5","CHARLIE"
"21","DR. CULLEN ","5","CHARLIE"
"1","BELLA ","5","CHARLIE"
"3","RENE","5","CHARLIE"
"16","WAYLON","5","CHARLIE"
"15","CORA","5","CHARLIE"
"24","JACOB ","5","CHARLIE"
"9","JESSICA","5","CHARLIE"
"11","ANGELA","5","CHARLIE"
"37","ALICE ","6","BILLY"
"15","CORA","6","BILLY"
"3","RENE","6","BILLY"
"16","WAYLON","6","BILLY"
"12","MR. MOLINA","6","BILLY"
"17","RENE ","6","BILLY"
"4","PHIL","6","BILLY"
"27","JAMES","6","BILLY"
"11","ANGELA","6","BILLY"
"25","SAM","6","BILLY"
"10","MIKE","6","BILLY"
"31","FRAT BOY #1","6","BILLY"
"18","TELEPHONE OPERATOR ","6","BILLY"
"5","CHARLIE","6","BILLY"
"1","BELLA ","6","BILLY"
"34","BAG)","6","BILLY"
"32","FRAT BOY #2","6","BILLY"
"20","TYLER","6","BILLY"
"12","MR. MOLINA","6","BILLY"
"35","ESME","6","BILLY"
"30","JESSICA ","6","BILLY"
"26","GIRL ","6","BILLY"
"21","DR. CULLEN ","6","BILLY"
"28","VICTORIA","6","BILLY"
"7","JACOB","6","BILLY"
"24","JACOB ","6","BILLY"
"21","DR. CULLEN ","6","BILLY"
"23","ALICE","6","BILLY"
"8","ERIC","6","BILLY"
"8","ERIC","6","BILLY"
"5","CHARLIE","6","BILLY"
"15","CORA","6","BILLY"
"11","ANGELA","6","BILLY"
"13","EDWARD","6","BILLY"
"36","EMMETT","6","BILLY"
"3","RENE","6","BILLY"
"13","EDWARD","6","BILLY"
"10","MIKE","6","BILLY"
"16","WAYLON","6","BILLY"
"2","BLONDE #1 ","6","BILLY"
"22","ROSALIE","6","BILLY"
"9","JESSICA","6","BILLY"
"9","JESSICA","6","BILLY"
"22","ROSALIE","6","BILLY"
"14","ADMINISTRATOR","6","BILLY"
"19","MIKEERIC","6","BILLY"
"33","EDWARD ","6","BILLY"
"1","BELLA ","6","BILLY"
"7","JACOB","6","BILLY"
"29","LAURENT","6","BILLY"
"38","JASPER","6","BILLY"
"37","ALICE ","7","JACOB"
"34","BAG)","7","JACOB"
"8","ERIC","7","JACOB"
"5","CHARLIE","7","JACOB"
"27","JAMES","7","JACOB"
"6","BILLY","7","JACOB"
"32","FRAT BOY #2","7","JACOB"
"16","WAYLON","7","JACOB"
"1","BELLA ","7","JACOB"
"29","LAURENT","7","JACOB"
"22","ROSALIE","7","JACOB"
"13","EDWARD","7","JACOB"
"11","ANGELA","7","JACOB"
"21","DR. CULLEN ","7","JACOB"
"19","MIKEERIC","7","JACOB"
"6","BILLY","7","JACOB"
"14","ADMINISTRATOR","7","JACOB"
"13","EDWARD","7","JACOB"
"33","EDWARD ","7","JACOB"
"4","PHIL","7","JACOB"
"15","CORA","7","JACOB"
"26","GIRL ","7","JACOB"
"22","ROSALIE","7","JACOB"
"9","JESSICA","7","JACOB"
"24","JACOB ","7","JACOB"
"11","ANGELA","7","JACOB"
"38","JASPER","7","JACOB"
"31","FRAT BOY #1","7","JACOB"
"12","MR. MOLINA","7","JACOB"
"35","ESME","7","JACOB"
"8","ERIC","7","JACOB"
"16","WAYLON","7","JACOB"
"18","TELEPHONE OPERATOR ","7","JACOB"
"10","MIKE","7","JACOB"
"9","JESSICA","7","JACOB"
"17","RENE ","7","JACOB"
"5","CHARLIE","7","JACOB"
"3","RENE","7","JACOB"
"2","BLONDE #1 ","7","JACOB"
"12","MR. MOLINA","7","JACOB"
"3","RENE","7","JACOB"
"23","ALICE","7","JACOB"
"10","MIKE","7","JACOB"
"28","VICTORIA","7","JACOB"
"30","JESSICA ","7","JACOB"
"15","CORA","7","JACOB"
"21","DR. CULLEN ","7","JACOB"
"20","TYLER","7","JACOB"
"1","BELLA ","7","JACOB"
"25","SAM","7","JACOB"
"36","EMMETT","7","JACOB"
"10","MIKE","8","ERIC"
"4","PHIL","8","ERIC"
"33","EDWARD ","8","ERIC"
"21","DR. CULLEN ","8","ERIC"
"6","BILLY","8","ERIC"
"36","EMMETT","8","ERIC"
"37","ALICE ","8","ERIC"
"25","SAM","8","ERIC"
"27","JAMES","8","ERIC"
"6","BILLY","8","ERIC"
"3","RENE","8","ERIC"
"13","EDWARD","8","ERIC"
"30","JESSICA ","8","ERIC"
"28","VICTORIA","8","ERIC"
"2","BLONDE #1 ","8","ERIC"
"32","FRAT BOY #2","8","ERIC"
"26","GIRL ","8","ERIC"
"9","JESSICA","8","ERIC"
"20","TYLER","8","ERIC"
"5","CHARLIE","8","ERIC"
"34","BAG)","8","ERIC"
"21","DR. CULLEN ","8","ERIC"
"17","RENE ","8","ERIC"
"10","MIKE","8","ERIC"
"9","JESSICA","8","ERIC"
"35","ESME","8","ERIC"
"18","TELEPHONE OPERATOR ","8","ERIC"
"14","ADMINISTRATOR","8","ERIC"
"29","LAURENT","8","ERIC"
"15","CORA","8","ERIC"
"12","MR. MOLINA","8","ERIC"
"31","FRAT BOY #1","8","ERIC"
"22","ROSALIE","8","ERIC"
"38","JASPER","8","ERIC"
"19","MIKEERIC","8","ERIC"
"5","CHARLIE","8","ERIC"
"1","BELLA ","8","ERIC"
"22","ROSALIE","8","ERIC"
"16","WAYLON","8","ERIC"
"13","EDWARD","8","ERIC"
"16","WAYLON","8","ERIC"
"7","JACOB","8","ERIC"
"15","CORA","8","ERIC"
"11","ANGELA","8","ERIC"
"3","RENE","8","ERIC"
"24","JACOB ","8","ERIC"
"23","ALICE","8","ERIC"
"1","BELLA ","8","ERIC"
"12","MR. MOLINA","8","ERIC"
"11","ANGELA","8","ERIC"
"7","JACOB","8","ERIC"
"35","ESME","9","JESSICA"
"15","CORA","9","JESSICA"
"31","FRAT BOY #1","9","JESSICA"
"12","MR. MOLINA","9","JESSICA"
"6","BILLY","9","JESSICA"
"28","VICTORIA","9","JESSICA"
"7","JACOB","9","JESSICA"
"5","CHARLIE","9","JESSICA"
"4","PHIL","9","JESSICA"
"16","WAYLON","9","JESSICA"
"27","JAMES","9","JESSICA"
"22","ROSALIE","9","JESSICA"
"6","BILLY","9","JESSICA"
"20","TYLER","9","JESSICA"
"21","DR. CULLEN ","9","JESSICA"
"24","JACOB ","9","JESSICA"
"10","MIKE","9","JESSICA"
"33","EDWARD ","9","JESSICA"
"37","ALICE ","9","JESSICA"
"32","FRAT BOY #2","9","JESSICA"
"5","CHARLIE","9","JESSICA"
"8","ERIC","9","JESSICA"
"3","RENE","9","JESSICA"
"23","ALICE","9","JESSICA"
"1","BELLA ","9","JESSICA"
"17","RENE ","9","JESSICA"
"26","GIRL ","9","JESSICA"
"16","WAYLON","9","JESSICA"
"1","BELLA ","9","JESSICA"
"29","LAURENT","9","JESSICA"
"25","SAM","9","JESSICA"
"10","MIKE","9","JESSICA"
"3","RENE","9","JESSICA"
"13","EDWARD","9","JESSICA"
"11","ANGELA","9","JESSICA"
"21","DR. CULLEN ","9","JESSICA"
"36","EMMETT","9","JESSICA"
"30","JESSICA ","9","JESSICA"
"22","ROSALIE","9","JESSICA"
"11","ANGELA","9","JESSICA"
"38","JASPER","9","JESSICA"
"13","EDWARD","9","JESSICA"
"15","CORA","9","JESSICA"
"19","MIKEERIC","9","JESSICA"
"8","ERIC","9","JESSICA"
"12","MR. MOLINA","9","JESSICA"
"7","JACOB","9","JESSICA"
"18","TELEPHONE OPERATOR ","9","JESSICA"
"34","BAG)","9","JESSICA"
"14","ADMINISTRATOR","9","JESSICA"
"2","BLONDE #1 ","9","JESSICA"
"4","PHIL","10","MIKE"
"21","DR. CULLEN ","10","MIKE"
"12","MR. MOLINA","10","MIKE"
"38","JASPER","10","MIKE"
"26","GIRL ","10","MIKE"
"3","RENE","10","MIKE"
"31","FRAT BOY #1","10","MIKE"
"9","JESSICA","10","MIKE"
"11","ANGELA","10","MIKE"
"5","CHARLIE","10","MIKE"
"30","JESSICA ","10","MIKE"
"32","FRAT BOY #2","10","MIKE"
"33","EDWARD ","10","MIKE"
"16","WAYLON","10","MIKE"
"5","CHARLIE","10","MIKE"
"8","ERIC","10","MIKE"
"27","JAMES","10","MIKE"
"36","EMMETT","10","MIKE"
"29","LAURENT","10","MIKE"
"6","BILLY","10","MIKE"
"18","TELEPHONE OPERATOR ","10","MIKE"
"20","TYLER","10","MIKE"
"7","JACOB","10","MIKE"
"23","ALICE","10","MIKE"
"2","BLONDE #1 ","10","MIKE"
"13","EDWARD","10","MIKE"
"22","ROSALIE","10","MIKE"
"24","JACOB ","10","MIKE"
"19","MIKEERIC","10","MIKE"
"25","SAM","10","MIKE"
"15","CORA","10","MIKE"
"9","JESSICA","10","MIKE"
"6","BILLY","10","MIKE"
"7","JACOB","10","MIKE"
"12","MR. MOLINA","10","MIKE"
"34","BAG)","10","MIKE"
"8","ERIC","10","MIKE"
"1","BELLA ","10","MIKE"
"37","ALICE ","10","MIKE"
"3","RENE","10","MIKE"
"16","WAYLON","10","MIKE"
"15","CORA","10","MIKE"
"14","ADMINISTRATOR","10","MIKE"
"22","ROSALIE","10","MIKE"
"21","DR. CULLEN ","10","MIKE"
"17","RENE ","10","MIKE"
"13","EDWARD","10","MIKE"
"1","BELLA ","10","MIKE"
"35","ESME","10","MIKE"
"28","VICTORIA","10","MIKE"
"11","ANGELA","10","MIKE"
"16","WAYLON","11","ANGELA"
"12","MR. MOLINA","11","ANGELA"
"8","ERIC","11","ANGELA"
"16","WAYLON","11","ANGELA"
"37","ALICE ","11","ANGELA"
"14","ADMINISTRATOR","11","ANGELA"
"29","LAURENT","11","ANGELA"
"21","DR. CULLEN ","11","ANGELA"
"24","JACOB ","11","ANGELA"
"25","SAM","11","ANGELA"
"22","ROSALIE","11","ANGELA"
"1","BELLA ","11","ANGELA"
"1","BELLA ","11","ANGELA"
"18","TELEPHONE OPERATOR ","11","ANGELA"
"15","CORA","11","ANGELA"
"13","EDWARD","11","ANGELA"
"33","EDWARD ","11","ANGELA"
"31","FRAT BOY #1","11","ANGELA"
"5","CHARLIE","11","ANGELA"
"8","ERIC","11","ANGELA"
"28","VICTORIA","11","ANGELA"
"34","BAG)","11","ANGELA"
"26","GIRL ","11","ANGELA"
"3","RENE","11","ANGELA"
"23","ALICE","11","ANGELA"
"9","JESSICA","11","ANGELA"
"6","BILLY","11","ANGELA"
"27","JAMES","11","ANGELA"
"6","BILLY","11","ANGELA"
"20","TYLER","11","ANGELA"
"7","JACOB","11","ANGELA"
"2","BLONDE #1 ","11","ANGELA"
"3","RENE","11","ANGELA"
"13","EDWARD","11","ANGELA"
"12","MR. MOLINA","11","ANGELA"
"38","JASPER","11","ANGELA"
"5","CHARLIE","11","ANGELA"
"4","PHIL","11","ANGELA"
"7","JACOB","11","ANGELA"
"15","CORA","11","ANGELA"
"21","DR. CULLEN ","11","ANGELA"
"22","ROSALIE","11","ANGELA"
"17","RENE ","11","ANGELA"
"36","EMMETT","11","ANGELA"
"32","FRAT BOY #2","11","ANGELA"
"30","JESSICA ","11","ANGELA"
"19","MIKEERIC","11","ANGELA"
"9","JESSICA","11","ANGELA"
"10","MIKE","11","ANGELA"
"10","MIKE","11","ANGELA"
"35","ESME","11","ANGELA"
"18","TELEPHONE OPERATOR ","12","MR. MOLINA"
"7","JACOB","12","MR. MOLINA"
"13","EDWARD","12","MR. MOLINA"
"10","MIKE","12","MR. MOLINA"
"15","CORA","12","MR. MOLINA"
"26","GIRL ","12","MR. MOLINA"
"25","SAM","12","MR. MOLINA"
"9","JESSICA","12","MR. MOLINA"
"35","ESME","12","MR. MOLINA"
"37","ALICE ","12","MR. MOLINA"
"6","BILLY","12","MR. MOLINA"
"23","ALICE","12","MR. MOLINA"
"29","LAURENT","12","MR. MOLINA"
"15","CORA","12","MR. MOLINA"
"11","ANGELA","12","MR. MOLINA"
"7","JACOB","12","MR. MOLINA"
"9","JESSICA","12","MR. MOLINA"
"31","FRAT BOY #1","12","MR. MOLINA"
"3","RENE","12","MR. MOLINA"
"3","RENE","12","MR. MOLINA"
"22","ROSALIE","12","MR. MOLINA"
"21","DR. CULLEN ","12","MR. MOLINA"
"1","BELLA ","12","MR. MOLINA"
"5","CHARLIE","12","MR. MOLINA"
"22","ROSALIE","12","MR. MOLINA"
"20","TYLER","12","MR. MOLINA"
"16","WAYLON","12","MR. MOLINA"
"30","JESSICA ","12","MR. MOLINA"
"38","JASPER","12","MR. MOLINA"
"19","MIKEERIC","12","MR. MOLINA"
"24","JACOB ","12","MR. MOLINA"
"10","MIKE","12","MR. MOLINA"
"27","JAMES","12","MR. MOLINA"
"8","ERIC","12","MR. MOLINA"
"2","BLONDE #1 ","12","MR. MOLINA"
"28","VICTORIA","12","MR. MOLINA"
"5","CHARLIE","12","MR. MOLINA"
"34","BAG)","12","MR. MOLINA"
"36","EMMETT","12","MR. MOLINA"
"21","DR. CULLEN ","12","MR. MOLINA"
"14","ADMINISTRATOR","12","MR. MOLINA"
"8","ERIC","12","MR. MOLINA"
"11","ANGELA","12","MR. MOLINA"
"1","BELLA ","12","MR. MOLINA"
"4","PHIL","12","MR. MOLINA"
"16","WAYLON","12","MR. MOLINA"
"32","FRAT BOY #2","12","MR. MOLINA"
"6","BILLY","12","MR. MOLINA"
"33","EDWARD ","12","MR. MOLINA"
"17","RENE ","12","MR. MOLINA"
"13","EDWARD","12","MR. MOLINA"
"16","WAYLON","13","EDWARD"
"12","MR. MOLINA","13","EDWARD"
"11","ANGELA","13","EDWARD"
"35","ESME","13","EDWARD"
"7","JACOB","13","EDWARD"
"17","RENE ","13","EDWARD"
"5","CHARLIE","13","EDWARD"
"15","CORA","13","EDWARD"
"17","RENE ","13","EDWARD"
"22","ROSALIE","13","EDWARD"
"12","MR. MOLINA","13","EDWARD"
"1","BELLA ","13","EDWARD"
"34","BAG)","13","EDWARD"
"26","GIRL ","13","EDWARD"
"8","ERIC","13","EDWARD"
"40","JAMES ","13","EDWARD"
"36","EMMETT","13","EDWARD"
"4","PHIL","13","EDWARD"
"7","JACOB","13","EDWARD"
"3","RENE","13","EDWARD"
"9","JESSICA","13","EDWARD"
"22","ROSALIE","13","EDWARD"
"21","DR. CULLEN ","13","EDWARD"
"37","ALICE ","13","EDWARD"
"29","LAURENT","13","EDWARD"
"21","DR. CULLEN ","13","EDWARD"
"28","VICTORIA","13","EDWARD"
"39","CULLEN","13","EDWARD"
"27","JAMES","13","EDWARD"
"10","MIKE","13","EDWARD"
"2","BLONDE #1 ","13","EDWARD"
"38","JASPER","13","EDWARD"
"1","BELLA ","13","EDWARD"
"1","BELLA ","13","EDWARD"
"22","ROSALIE","13","EDWARD"
"30","JESSICA ","13","EDWARD"
"3","RENE","13","EDWARD"
"11","ANGELA","13","EDWARD"
"31","FRAT BOY #1","13","EDWARD"
"25","SAM","13","EDWARD"
"6","BILLY","13","EDWARD"
"21","DR. CULLEN ","13","EDWARD"
"18","TELEPHONE OPERATOR ","13","EDWARD"
"9","JESSICA","13","EDWARD"
"38","JASPER","13","EDWARD"
"5","CHARLIE","13","EDWARD"
"16","WAYLON","13","EDWARD"
"28","VICTORIA","13","EDWARD"
"23","ALICE","13","EDWARD"
"19","MIKEERIC","13","EDWARD"
"3","RENE","13","EDWARD"
"33","EDWARD ","13","EDWARD"
"29","LAURENT","13","EDWARD"
"35","ESME","13","EDWARD"
"15","CORA","13","EDWARD"
"23","ALICE","13","EDWARD"
"27","JAMES","13","EDWARD"
"14","ADMINISTRATOR","13","EDWARD"
"5","CHARLIE","13","EDWARD"
"10","MIKE","13","EDWARD"
"24","JACOB ","13","EDWARD"
"8","ERIC","13","EDWARD"
"20","TYLER","13","EDWARD"
"36","EMMETT","13","EDWARD"
"32","FRAT BOY #2","13","EDWARD"
"6","BILLY","13","EDWARD"
"16","WAYLON","14","ADMINISTRATOR"
"2","BLONDE #1 ","14","ADMINISTRATOR"
"10","MIKE","14","ADMINISTRATOR"
"12","MR. MOLINA","14","ADMINISTRATOR"
"22","ROSALIE","14","ADMINISTRATOR"
"20","TYLER","14","ADMINISTRATOR"
"5","CHARLIE","14","ADMINISTRATOR"
"15","CORA","14","ADMINISTRATOR"
"9","JESSICA","14","ADMINISTRATOR"
"3","RENE","14","ADMINISTRATOR"
"7","JACOB","14","ADMINISTRATOR"
"4","PHIL","14","ADMINISTRATOR"
"6","BILLY","14","ADMINISTRATOR"
"21","DR. CULLEN ","14","ADMINISTRATOR"
"1","BELLA ","14","ADMINISTRATOR"
"11","ANGELA","14","ADMINISTRATOR"
"19","MIKEERIC","14","ADMINISTRATOR"
"18","TELEPHONE OPERATOR ","14","ADMINISTRATOR"
"13","EDWARD","14","ADMINISTRATOR"
"8","ERIC","14","ADMINISTRATOR"
"17","RENE ","14","ADMINISTRATOR"
"11","ANGELA","15","CORA"
"18","TELEPHONE OPERATOR ","15","CORA"
"32","FRAT BOY #2","15","CORA"
"30","JESSICA ","15","CORA"
"26","GIRL ","15","CORA"
"9","JESSICA","15","CORA"
"5","CHARLIE","15","CORA"
"8","ERIC","15","CORA"
"33","EDWARD ","15","CORA"
"27","JAMES","15","CORA"
"16","WAYLON","15","CORA"
"12","MR. MOLINA","15","CORA"
"28","VICTORIA","15","CORA"
"31","FRAT BOY #1","15","CORA"
"3","RENE","15","CORA"
"21","DR. CULLEN ","15","CORA"
"24","JACOB ","15","CORA"
"2","BLONDE #1 ","15","CORA"
"6","BILLY","15","CORA"
"17","RENE ","15","CORA"
"16","WAYLON","15","CORA"
"3","RENE","15","CORA"
"8","ERIC","15","CORA"
"12","MR. MOLINA","15","CORA"
"4","PHIL","15","CORA"
"13","EDWARD","15","CORA"
"22","ROSALIE","15","CORA"
"11","ANGELA","15","CORA"
"29","LAURENT","15","CORA"
"13","EDWARD","15","CORA"
"20","TYLER","15","CORA"
"25","SAM","15","CORA"
"9","JESSICA","15","CORA"
"38","JASPER","15","CORA"
"10","MIKE","15","CORA"
"1","BELLA ","15","CORA"
"21","DR. CULLEN ","15","CORA"
"35","ESME","15","CORA"
"34","BAG)","15","CORA"
"5","CHARLIE","15","CORA"
"36","EMMETT","15","CORA"
"23","ALICE","15","CORA"
"6","BILLY","15","CORA"
"7","JACOB","15","CORA"
"19","MIKEERIC","15","CORA"
"37","ALICE ","15","CORA"
"14","ADMINISTRATOR","15","CORA"
"1","BELLA ","15","CORA"
"7","JACOB","15","CORA"
"22","ROSALIE","15","CORA"
"10","MIKE","15","CORA"
"36","EMMETT","16","WAYLON"
"1","BELLA ","16","WAYLON"
"13","EDWARD","16","WAYLON"
"30","JESSICA ","16","WAYLON"
"29","LAURENT","16","WAYLON"
"3","RENE","16","WAYLON"
"33","EDWARD ","16","WAYLON"
"20","TYLER","16","WAYLON"
"23","ALICE","16","WAYLON"
"35","ESME","16","WAYLON"
"6","BILLY","16","WAYLON"
"11","ANGELA","16","WAYLON"
"10","MIKE","16","WAYLON"
"15","CORA","16","WAYLON"
"18","TELEPHONE OPERATOR ","16","WAYLON"
"28","VICTORIA","16","WAYLON"
"22","ROSALIE","16","WAYLON"
"8","ERIC","16","WAYLON"
"3","RENE","16","WAYLON"
"1","BELLA ","16","WAYLON"
"5","CHARLIE","16","WAYLON"
"32","FRAT BOY #2","16","WAYLON"
"27","JAMES","16","WAYLON"
"7","JACOB","16","WAYLON"
"31","FRAT BOY #1","16","WAYLON"
"38","JASPER","16","WAYLON"
"26","GIRL ","16","WAYLON"
"37","ALICE ","16","WAYLON"
"5","CHARLIE","16","WAYLON"
"6","BILLY","16","WAYLON"
"2","BLONDE #1 ","16","WAYLON"
"21","DR. CULLEN ","16","WAYLON"
"9","JESSICA","16","WAYLON"
"19","MIKEERIC","16","WAYLON"
"15","CORA","16","WAYLON"
"10","MIKE","16","WAYLON"
"24","JACOB ","16","WAYLON"
"21","DR. CULLEN ","16","WAYLON"
"22","ROSALIE","16","WAYLON"
"7","JACOB","16","WAYLON"
"9","JESSICA","16","WAYLON"
"11","ANGELA","16","WAYLON"
"14","ADMINISTRATOR","16","WAYLON"
"25","SAM","16","WAYLON"
"12","MR. MOLINA","16","WAYLON"
"17","RENE ","16","WAYLON"
"34","BAG)","16","WAYLON"
"4","PHIL","16","WAYLON"
"8","ERIC","16","WAYLON"
"13","EDWARD","16","WAYLON"
"12","MR. MOLINA","16","WAYLON"
"22","ROSALIE","17","RENE "
"12","MR. MOLINA","17","RENE "
"28","VICTORIA","17","RENE "
"7","JACOB","17","RENE "
"39","CULLEN","17","RENE "
"5","CHARLIE","17","RENE "
"23","ALICE","17","RENE "
"16","WAYLON","17","RENE "
"14","ADMINISTRATOR","17","RENE "
"40","JAMES ","17","RENE "
"27","JAMES","17","RENE "
"2","BLONDE #1 ","17","RENE "
"4","PHIL","17","RENE "
"11","ANGELA","17","RENE "
"29","LAURENT","17","RENE "
"1","BELLA ","17","RENE "
"20","TYLER","17","RENE "
"22","ROSALIE","17","RENE "
"5","CHARLIE","17","RENE "
"38","JASPER","17","RENE "
"13","EDWARD","17","RENE "
"8","ERIC","17","RENE "
"36","EMMETT","17","RENE "
"10","MIKE","17","RENE "
"35","ESME","17","RENE "
"1","BELLA ","17","RENE "
"6","BILLY","17","RENE "
"21","DR. CULLEN ","17","RENE "
"3","RENE","17","RENE "
"9","JESSICA","17","RENE "
"19","MIKEERIC","17","RENE "
"13","EDWARD","17","RENE "
"15","CORA","17","RENE "
"3","RENE","17","RENE "
"18","TELEPHONE OPERATOR ","17","RENE "
"21","DR. CULLEN ","17","RENE "
"5","CHARLIE","18","TELEPHONE OPERATOR "
"10","MIKE","18","TELEPHONE OPERATOR "
"11","ANGELA","18","TELEPHONE OPERATOR "
"1","BELLA ","18","TELEPHONE OPERATOR "
"22","ROSALIE","18","TELEPHONE OPERATOR "
"21","DR. CULLEN ","18","TELEPHONE OPERATOR "
"7","JACOB","18","TELEPHONE OPERATOR "
"14","ADMINISTRATOR","18","TELEPHONE OPERATOR "
"6","BILLY","18","TELEPHONE OPERATOR "
"9","JESSICA","18","TELEPHONE OPERATOR "
"4","PHIL","18","TELEPHONE OPERATOR "
"3","RENE","18","TELEPHONE OPERATOR "
"15","CORA","18","TELEPHONE OPERATOR "
"17","RENE ","18","TELEPHONE OPERATOR "
"12","MR. MOLINA","18","TELEPHONE OPERATOR "
"19","MIKEERIC","18","TELEPHONE OPERATOR "
"8","ERIC","18","TELEPHONE OPERATOR "
"2","BLONDE #1 ","18","TELEPHONE OPERATOR "
"13","EDWARD","18","TELEPHONE OPERATOR "
"20","TYLER","18","TELEPHONE OPERATOR "
"16","WAYLON","18","TELEPHONE OPERATOR "
"3","RENE","19","MIKEERIC"
"15","CORA","19","MIKEERIC"
"16","WAYLON","19","MIKEERIC"
"20","TYLER","19","MIKEERIC"
"22","ROSALIE","19","MIKEERIC"
"7","JACOB","19","MIKEERIC"
"18","TELEPHONE OPERATOR ","19","MIKEERIC"
"9","JESSICA","19","MIKEERIC"
"10","MIKE","19","MIKEERIC"
"4","PHIL","19","MIKEERIC"
"21","DR. CULLEN ","19","MIKEERIC"
"8","ERIC","19","MIKEERIC"
"14","ADMINISTRATOR","19","MIKEERIC"
"11","ANGELA","19","MIKEERIC"
"13","EDWARD","19","MIKEERIC"
"17","RENE ","19","MIKEERIC"
"1","BELLA ","19","MIKEERIC"
"2","BLONDE #1 ","19","MIKEERIC"
"5","CHARLIE","19","MIKEERIC"
"6","BILLY","19","MIKEERIC"
"12","MR. MOLINA","19","MIKEERIC"
"16","WAYLON","20","TYLER"
"7","JACOB","20","TYLER"
"5","CHARLIE","20","TYLER"
"13","EDWARD","20","TYLER"
"17","RENE ","20","TYLER"
"14","ADMINISTRATOR","20","TYLER"
"22","ROSALIE","20","TYLER"
"1","BELLA ","20","TYLER"
"19","MIKEERIC","20","TYLER"
"2","BLONDE #1 ","20","TYLER"
"10","MIKE","20","TYLER"
"4","PHIL","20","TYLER"
"9","JESSICA","20","TYLER"
"6","BILLY","20","TYLER"
"3","RENE","20","TYLER"
"21","DR. CULLEN ","20","TYLER"
"11","ANGELA","20","TYLER"
"8","ERIC","20","TYLER"
"18","TELEPHONE OPERATOR ","20","TYLER"
"12","MR. MOLINA","20","TYLER"
"15","CORA","20","TYLER"
"6","BILLY","21","DR. CULLEN "
"12","MR. MOLINA","21","DR. CULLEN "
"32","FRAT BOY #2","21","DR. CULLEN "
"36","EMMETT","21","DR. CULLEN "
"23","ALICE","21","DR. CULLEN "
"17","RENE ","21","DR. CULLEN "
"13","EDWARD","21","DR. CULLEN "
"8","ERIC","21","DR. CULLEN "
"7","JACOB","21","DR. CULLEN "
"3","RENE","21","DR. CULLEN "
"11","ANGELA","21","DR. CULLEN "
"20","TYLER","21","DR. CULLEN "
"35","ESME","21","DR. CULLEN "
"38","JASPER","21","DR. CULLEN "
"33","EDWARD ","21","DR. CULLEN "
"16","WAYLON","21","DR. CULLEN "
"37","ALICE ","21","DR. CULLEN "
"19","MIKEERIC","21","DR. CULLEN "
"9","JESSICA","21","DR. CULLEN "
"40","JAMES ","21","DR. CULLEN "
"5","CHARLIE","21","DR. CULLEN "
"29","LAURENT","21","DR. CULLEN "
"22","ROSALIE","21","DR. CULLEN "
"1","BELLA ","21","DR. CULLEN "
"24","JACOB ","21","DR. CULLEN "
"11","ANGELA","21","DR. CULLEN "
"27","JAMES","21","DR. CULLEN "
"1","BELLA ","21","DR. CULLEN "
"5","CHARLIE","21","DR. CULLEN "
"15","CORA","21","DR. CULLEN "
"16","WAYLON","21","DR. CULLEN "
"2","BLONDE #1 ","21","DR. CULLEN "
"4","PHIL","21","DR. CULLEN "
"31","FRAT BOY #1","21","DR. CULLEN "
"14","ADMINISTRATOR","21","DR. CULLEN "
"26","GIRL ","21","DR. CULLEN "
"34","BAG)","21","DR. CULLEN "
"15","CORA","21","DR. CULLEN "
"23","ALICE","21","DR. CULLEN "
"29","LAURENT","21","DR. CULLEN "
"22","ROSALIE","21","DR. CULLEN "
"28","VICTORIA","21","DR. CULLEN "
"12","MR. MOLINA","21","DR. CULLEN "
"9","JESSICA","21","DR. CULLEN "
"10","MIKE","21","DR. CULLEN "
"3","RENE","21","DR. CULLEN "
"22","ROSALIE","21","DR. CULLEN "
"13","EDWARD","21","DR. CULLEN "
"13","EDWARD","21","DR. CULLEN "
"38","JASPER","21","DR. CULLEN "
"10","MIKE","21","DR. CULLEN "
"36","EMMETT","21","DR. CULLEN "
"17","RENE ","21","DR. CULLEN "
"28","VICTORIA","21","DR. CULLEN "
"3","RENE","21","DR. CULLEN "
"5","CHARLIE","21","DR. CULLEN "
"1","BELLA ","21","DR. CULLEN "
"39","CULLEN","21","DR. CULLEN "
"18","TELEPHONE OPERATOR ","21","DR. CULLEN "
"6","BILLY","21","DR. CULLEN "
"25","SAM","21","DR. CULLEN "
"27","JAMES","21","DR. CULLEN "
"8","ERIC","21","DR. CULLEN "
"7","JACOB","21","DR. CULLEN "
"30","JESSICA ","21","DR. CULLEN "
"35","ESME","21","DR. CULLEN "
"12","MR. MOLINA","22","ROSALIE"
"5","CHARLIE","22","ROSALIE"
"29","LAURENT","22","ROSALIE"
"8","ERIC","22","ROSALIE"
"15","CORA","22","ROSALIE"
"40","JAMES ","22","ROSALIE"
"21","DR. CULLEN ","22","ROSALIE"
"23","ALICE","22","ROSALIE"
"3","RENE","22","ROSALIE"
"17","RENE ","22","ROSALIE"
"36","EMMETT","22","ROSALIE"
"28","VICTORIA","22","ROSALIE"
"38","JASPER","22","ROSALIE"
"21","DR. CULLEN ","22","ROSALIE"
"13","EDWARD","22","ROSALIE"
"19","MIKEERIC","22","ROSALIE"
"28","VICTORIA","22","ROSALIE"
"35","ESME","22","ROSALIE"
"3","RENE","22","ROSALIE"
"15","CORA","22","ROSALIE"
"31","FRAT BOY #1","22","ROSALIE"
"26","GIRL ","22","ROSALIE"
"16","WAYLON","22","ROSALIE"
"20","TYLER","22","ROSALIE"
"35","ESME","22","ROSALIE"
"1","BELLA ","22","ROSALIE"
"18","TELEPHONE OPERATOR ","22","ROSALIE"
"30","JESSICA ","22","ROSALIE"
"6","BILLY","22","ROSALIE"
"9","JESSICA","22","ROSALIE"
"7","JACOB","22","ROSALIE"
"5","CHARLIE","22","ROSALIE"
"17","RENE ","22","ROSALIE"
"21","DR. CULLEN ","22","ROSALIE"
"5","CHARLIE","22","ROSALIE"
"4","PHIL","22","ROSALIE"
"34","BAG)","22","ROSALIE"
"3","RENE","22","ROSALIE"
"37","ALICE ","22","ROSALIE"
"8","ERIC","22","ROSALIE"
"9","JESSICA","22","ROSALIE"
"13","EDWARD","22","ROSALIE"
"27","JAMES","22","ROSALIE"
"36","EMMETT","22","ROSALIE"
"27","JAMES","22","ROSALIE"
"25","SAM","22","ROSALIE"
"16","WAYLON","22","ROSALIE"
"38","JASPER","22","ROSALIE"
"1","BELLA ","22","ROSALIE"
"10","MIKE","22","ROSALIE"
"39","CULLEN","22","ROSALIE"
"23","ALICE","22","ROSALIE"
"24","JACOB ","22","ROSALIE"
"11","ANGELA","22","ROSALIE"
"14","ADMINISTRATOR","22","ROSALIE"
"29","LAURENT","22","ROSALIE"
"2","BLONDE #1 ","22","ROSALIE"
"12","MR. MOLINA","22","ROSALIE"
"13","EDWARD","22","ROSALIE"
"32","FRAT BOY #2","22","ROSALIE"
"11","ANGELA","22","ROSALIE"
"7","JACOB","22","ROSALIE"
"6","BILLY","22","ROSALIE"
"1","BELLA ","22","ROSALIE"
"10","MIKE","22","ROSALIE"
"33","EDWARD ","22","ROSALIE"
"30","JESSICA ","23","ALICE"
"17","RENE ","23","ALICE"
"13","EDWARD","23","ALICE"
"28","VICTORIA","23","ALICE"
"13","EDWARD","23","ALICE"
"21","DR. CULLEN ","23","ALICE"
"16","WAYLON","23","ALICE"
"37","ALICE ","23","ALICE"
"6","BILLY","23","ALICE"
"38","JASPER","23","ALICE"
"22","ROSALIE","23","ALICE"
"3","RENE","23","ALICE"
"26","GIRL ","23","ALICE"
"1","BELLA ","23","ALICE"
"24","JACOB ","23","ALICE"
"33","EDWARD ","23","ALICE"
"21","DR. CULLEN ","23","ALICE"
"35","ESME","23","ALICE"
"10","MIKE","23","ALICE"
"27","JAMES","23","ALICE"
"8","ERIC","23","ALICE"
"25","SAM","23","ALICE"
"15","CORA","23","ALICE"
"7","JACOB","23","ALICE"
"5","CHARLIE","23","ALICE"
"1","BELLA ","23","ALICE"
"22","ROSALIE","23","ALICE"
"36","EMMETT","23","ALICE"
"39","CULLEN","23","ALICE"
"29","LAURENT","23","ALICE"
"34","BAG)","23","ALICE"
"9","JESSICA","23","ALICE"
"38","JASPER","23","ALICE"
"29","LAURENT","23","ALICE"
"36","EMMETT","23","ALICE"
"5","CHARLIE","23","ALICE"
"11","ANGELA","23","ALICE"
"31","FRAT BOY #1","23","ALICE"
"12","MR. MOLINA","23","ALICE"
"40","JAMES ","23","ALICE"
"27","JAMES","23","ALICE"
"3","RENE","23","ALICE"
"35","ESME","23","ALICE"
"32","FRAT BOY #2","23","ALICE"
"28","VICTORIA","23","ALICE"
"13","EDWARD","24","JACOB "
"28","VICTORIA","24","JACOB "
"1","BELLA ","24","JACOB "
"5","CHARLIE","24","JACOB "
"25","SAM","24","JACOB "
"12","MR. MOLINA","24","JACOB "
"27","JAMES","24","JACOB "
"29","LAURENT","24","JACOB "
"10","MIKE","24","JACOB "
"23","ALICE","24","JACOB "
"32","FRAT BOY #2","24","JACOB "
"38","JASPER","24","JACOB "
"34","BAG)","24","JACOB "
"15","CORA","24","JACOB "
"30","JESSICA ","24","JACOB "
"22","ROSALIE","24","JACOB "
"31","FRAT BOY #1","24","JACOB "
"35","ESME","24","JACOB "
"33","EDWARD ","24","JACOB "
"16","WAYLON","24","JACOB "
"6","BILLY","24","JACOB "
"21","DR. CULLEN ","24","JACOB "
"37","ALICE ","24","JACOB "
"8","ERIC","24","JACOB "
"36","EMMETT","24","JACOB "
"7","JACOB","24","JACOB "
"26","GIRL ","24","JACOB "
"3","RENE","24","JACOB "
"9","JESSICA","24","JACOB "
"11","ANGELA","24","JACOB "
"37","ALICE ","25","SAM"
"1","BELLA ","25","SAM"
"12","MR. MOLINA","25","SAM"
"21","DR. CULLEN ","25","SAM"
"13","EDWARD","25","SAM"
"5","CHARLIE","25","SAM"
"30","JESSICA ","25","SAM"
"3","RENE","25","SAM"
"38","JASPER","25","SAM"
"9","JESSICA","25","SAM"
"29","LAURENT","25","SAM"
"8","ERIC","25","SAM"
"16","WAYLON","25","SAM"
"11","ANGELA","25","SAM"
"22","ROSALIE","25","SAM"
"7","JACOB","25","SAM"
"36","EMMETT","25","SAM"
"10","MIKE","25","SAM"
"23","ALICE","25","SAM"
"32","FRAT BOY #2","25","SAM"
"24","JACOB ","25","SAM"
"31","FRAT BOY #1","25","SAM"
"35","ESME","25","SAM"
"33","EDWARD ","25","SAM"
"27","JAMES","25","SAM"
"34","BAG)","25","SAM"
"15","CORA","25","SAM"
"28","VICTORIA","25","SAM"
"26","GIRL ","25","SAM"
"6","BILLY","25","SAM"
"7","JACOB","26","GIRL "
"24","JACOB ","26","GIRL "
"30","JESSICA ","26","GIRL "
"28","VICTORIA","26","GIRL "
"36","EMMETT","26","GIRL "
"15","CORA","26","GIRL "
"8","ERIC","26","GIRL "
"37","ALICE ","26","GIRL "
"27","JAMES","26","GIRL "
"25","SAM","26","GIRL "
"13","EDWARD","26","GIRL "
"16","WAYLON","26","GIRL "
"1","BELLA ","26","GIRL "
"23","ALICE","26","GIRL "
"34","BAG)","26","GIRL "
"11","ANGELA","26","GIRL "
"35","ESME","26","GIRL "
"33","EDWARD ","26","GIRL "
"9","JESSICA","26","GIRL "
"21","DR. CULLEN ","26","GIRL "
"32","FRAT BOY #2","26","GIRL "
"3","RENE","26","GIRL "
"38","JASPER","26","GIRL "
"29","LAURENT","26","GIRL "
"10","MIKE","26","GIRL "
"6","BILLY","26","GIRL "
"31","FRAT BOY #1","26","GIRL "
"5","CHARLIE","26","GIRL "
"12","MR. MOLINA","26","GIRL "
"22","ROSALIE","26","GIRL "
"13","EDWARD","27","JAMES"
"21","DR. CULLEN ","27","JAMES"
"40","JAMES ","27","JAMES"
"10","MIKE","27","JAMES"
"8","ERIC","27","JAMES"
"15","CORA","27","JAMES"
"38","JASPER","27","JAMES"
"9","JESSICA","27","JAMES"
"37","ALICE ","27","JAMES"
"6","BILLY","27","JAMES"
"26","GIRL ","27","JAMES"
"23","ALICE","27","JAMES"
"31","FRAT BOY #1","27","JAMES"
"5","CHARLIE","27","JAMES"
"39","CULLEN","27","JAMES"
"35","ESME","27","JAMES"
"7","JACOB","27","JAMES"
"1","BELLA ","27","JAMES"
"23","ALICE","27","JAMES"
"38","JASPER","27","JAMES"
"28","VICTORIA","27","JAMES"
"29","LAURENT","27","JAMES"
"13","EDWARD","27","JAMES"
"35","ESME","27","JAMES"
"36","EMMETT","27","JAMES"
"32","FRAT BOY #2","27","JAMES"
"12","MR. MOLINA","27","JAMES"
"25","SAM","27","JAMES"
"22","ROSALIE","27","JAMES"
"3","RENE","27","JAMES"
"3","RENE","27","JAMES"
"24","JACOB ","27","JAMES"
"30","JESSICA ","27","JAMES"
"17","RENE ","27","JAMES"
"28","VICTORIA","27","JAMES"
"29","LAURENT","27","JAMES"
"16","WAYLON","27","JAMES"
"36","EMMETT","27","JAMES"
"34","BAG)","27","JAMES"
"22","ROSALIE","27","JAMES"
"1","BELLA ","27","JAMES"
"11","ANGELA","27","JAMES"
"21","DR. CULLEN ","27","JAMES"
"5","CHARLIE","27","JAMES"
"33","EDWARD ","27","JAMES"
"36","EMMETT","28","VICTORIA"
"5","CHARLIE","28","VICTORIA"
"8","ERIC","28","VICTORIA"
"25","SAM","28","VICTORIA"
"11","ANGELA","28","VICTORIA"
"33","EDWARD ","28","VICTORIA"
"37","ALICE ","28","VICTORIA"
"10","MIKE","28","VICTORIA"
"6","BILLY","28","VICTORIA"
"39","CULLEN","28","VICTORIA"
"3","RENE","28","VICTORIA"
"22","ROSALIE","28","VICTORIA"
"1","BELLA ","28","VICTORIA"
"30","JESSICA ","28","VICTORIA"
"40","JAMES ","28","VICTORIA"
"29","LAURENT","28","VICTORIA"
"34","BAG)","28","VICTORIA"
"1","BELLA ","28","VICTORIA"
"35","ESME","28","VICTORIA"
"21","DR. CULLEN ","28","VICTORIA"
"15","CORA","28","VICTORIA"
"36","EMMETT","28","VICTORIA"
"27","JAMES","28","VICTORIA"
"13","EDWARD","28","VICTORIA"
"23","ALICE","28","VICTORIA"
"31","FRAT BOY #1","28","VICTORIA"
"21","DR. CULLEN ","28","VICTORIA"
"17","RENE ","28","VICTORIA"
"27","JAMES","28","VICTORIA"
"23","ALICE","28","VICTORIA"
"38","JASPER","28","VICTORIA"
"3","RENE","28","VICTORIA"
"35","ESME","28","VICTORIA"
"7","JACOB","28","VICTORIA"
"29","LAURENT","28","VICTORIA"
"16","WAYLON","28","VICTORIA"
"32","FRAT BOY #2","28","VICTORIA"
"26","GIRL ","28","VICTORIA"
"9","JESSICA","28","VICTORIA"
"24","JACOB ","28","VICTORIA"
"13","EDWARD","28","VICTORIA"
"5","CHARLIE","28","VICTORIA"
"12","MR. MOLINA","28","VICTORIA"
"22","ROSALIE","28","VICTORIA"
"38","JASPER","28","VICTORIA"
"27","JAMES","29","LAURENT"
"35","ESME","29","LAURENT"
"11","ANGELA","29","LAURENT"
"12","MR. MOLINA","29","LAURENT"
"21","DR. CULLEN ","29","LAURENT"
"3","RENE","29","LAURENT"
"6","BILLY","29","LAURENT"
"13","EDWARD","29","LAURENT"
"7","JACOB","29","LAURENT"
"32","FRAT BOY #2","29","LAURENT"
"8","ERIC","29","LAURENT"
"5","CHARLIE","29","LAURENT"
"1","BELLA ","29","LAURENT"
"21","DR. CULLEN ","29","LAURENT"
"1","BELLA ","29","LAURENT"
"15","CORA","29","LAURENT"
"38","JASPER","29","LAURENT"
"34","BAG)","29","LAURENT"
"24","JACOB ","29","LAURENT"
"39","CULLEN","29","LAURENT"
"10","MIKE","29","LAURENT"
"23","ALICE","29","LAURENT"
"27","JAMES","29","LAURENT"
"38","JASPER","29","LAURENT"
"22","ROSALIE","29","LAURENT"
"13","EDWARD","29","LAURENT"
"30","JESSICA ","29","LAURENT"
"33","EDWARD ","29","LAURENT"
"36","EMMETT","29","LAURENT"
"23","ALICE","29","LAURENT"
"25","SAM","29","LAURENT"
"35","ESME","29","LAURENT"
"40","JAMES ","29","LAURENT"
"36","EMMETT","29","LAURENT"
"5","CHARLIE","29","LAURENT"
"9","JESSICA","29","LAURENT"
"16","WAYLON","29","LAURENT"
"17","RENE ","29","LAURENT"
"37","ALICE ","29","LAURENT"
"22","ROSALIE","29","LAURENT"
"28","VICTORIA","29","LAURENT"
"26","GIRL ","29","LAURENT"
"3","RENE","29","LAURENT"
"31","FRAT BOY #1","29","LAURENT"
"28","VICTORIA","29","LAURENT"
"10","MIKE","30","JESSICA "
"29","LAURENT","30","JESSICA "
"21","DR. CULLEN ","30","JESSICA "
"23","ALICE","30","JESSICA "
"11","ANGELA","30","JESSICA "
"31","FRAT BOY #1","30","JESSICA "
"6","BILLY","30","JESSICA "
"24","JACOB ","30","JESSICA "
"27","JAMES","30","JESSICA "
"16","WAYLON","30","JESSICA "
"5","CHARLIE","30","JESSICA "
"26","GIRL ","30","JESSICA "
"3","RENE","30","JESSICA "
"38","JASPER","30","JESSICA "
"33","EDWARD ","30","JESSICA "
"7","JACOB","30","JESSICA "
"15","CORA","30","JESSICA "
"1","BELLA ","30","JESSICA "
"34","BAG)","30","JESSICA "
"13","EDWARD","30","JESSICA "
"12","MR. MOLINA","30","JESSICA "
"28","VICTORIA","30","JESSICA "
"35","ESME","30","JESSICA "
"32","FRAT BOY #2","30","JESSICA "
"36","EMMETT","30","JESSICA "
"22","ROSALIE","30","JESSICA "
"8","ERIC","30","JESSICA "
"9","JESSICA","30","JESSICA "
"37","ALICE ","30","JESSICA "
"25","SAM","30","JESSICA "
"6","BILLY","31","FRAT BOY #1"
"13","EDWARD","31","FRAT BOY #1"
"23","ALICE","31","FRAT BOY #1"
"33","EDWARD ","31","FRAT BOY #1"
"11","ANGELA","31","FRAT BOY #1"
"30","JESSICA ","31","FRAT BOY #1"
"3","RENE","31","FRAT BOY #1"
"26","GIRL ","31","FRAT BOY #1"
"1","BELLA ","31","FRAT BOY #1"
"10","MIKE","31","FRAT BOY #1"
"25","SAM","31","FRAT BOY #1"
"15","CORA","31","FRAT BOY #1"
"29","LAURENT","31","FRAT BOY #1"
"32","FRAT BOY #2","31","FRAT BOY #1"
"8","ERIC","31","FRAT BOY #1"
"27","JAMES","31","FRAT BOY #1"
"9","JESSICA","31","FRAT BOY #1"
"24","JACOB ","31","FRAT BOY #1"
"22","ROSALIE","31","FRAT BOY #1"
"5","CHARLIE","31","FRAT BOY #1"
"38","JASPER","31","FRAT BOY #1"
"21","DR. CULLEN ","31","FRAT BOY #1"
"37","ALICE ","31","FRAT BOY #1"
"34","BAG)","31","FRAT BOY #1"
"12","MR. MOLINA","31","FRAT BOY #1"
"36","EMMETT","31","FRAT BOY #1"
"16","WAYLON","31","FRAT BOY #1"
"35","ESME","31","FRAT BOY #1"
"7","JACOB","31","FRAT BOY #1"
"28","VICTORIA","31","FRAT BOY #1"
"3","RENE","32","FRAT BOY #2"
"22","ROSALIE","32","FRAT BOY #2"
"6","BILLY","32","FRAT BOY #2"
"11","ANGELA","32","FRAT BOY #2"
"33","EDWARD ","32","FRAT BOY #2"
"24","JACOB ","32","FRAT BOY #2"
"34","BAG)","32","FRAT BOY #2"
"13","EDWARD","32","FRAT BOY #2"
"16","WAYLON","32","FRAT BOY #2"
"30","JESSICA ","32","FRAT BOY #2"
"9","JESSICA","32","FRAT BOY #2"
"37","ALICE ","32","FRAT BOY #2"
"38","JASPER","32","FRAT BOY #2"
"27","JAMES","32","FRAT BOY #2"
"36","EMMETT","32","FRAT BOY #2"
"12","MR. MOLINA","32","FRAT BOY #2"
"23","ALICE","32","FRAT BOY #2"
"31","FRAT BOY #1","32","FRAT BOY #2"
"26","GIRL ","32","FRAT BOY #2"
"28","VICTORIA","32","FRAT BOY #2"
"5","CHARLIE","32","FRAT BOY #2"
"25","SAM","32","FRAT BOY #2"
"35","ESME","32","FRAT BOY #2"
"21","DR. CULLEN ","32","FRAT BOY #2"
"7","JACOB","32","FRAT BOY #2"
"10","MIKE","32","FRAT BOY #2"
"1","BELLA ","32","FRAT BOY #2"
"15","CORA","32","FRAT BOY #2"
"29","LAURENT","32","FRAT BOY #2"
"8","ERIC","32","FRAT BOY #2"
"1","BELLA ","33","EDWARD "
"31","FRAT BOY #1","33","EDWARD "
"36","EMMETT","33","EDWARD "
"3","RENE","33","EDWARD "
"5","CHARLIE","33","EDWARD "
"15","CORA","33","EDWARD "
"27","JAMES","33","EDWARD "
"26","GIRL ","33","EDWARD "
"30","JESSICA ","33","EDWARD "
"24","JACOB ","33","EDWARD "
"32","FRAT BOY #2","33","EDWARD "
"12","MR. MOLINA","33","EDWARD "
"34","BAG)","33","EDWARD "
"38","JASPER","33","EDWARD "
"29","LAURENT","33","EDWARD "
"35","ESME","33","EDWARD "
"8","ERIC","33","EDWARD "
"21","DR. CULLEN ","33","EDWARD "
"16","WAYLON","33","EDWARD "
"23","ALICE","33","EDWARD "
"28","VICTORIA","33","EDWARD "
"11","ANGELA","33","EDWARD "
"13","EDWARD","33","EDWARD "
"9","JESSICA","33","EDWARD "
"10","MIKE","33","EDWARD "
"25","SAM","33","EDWARD "
"6","BILLY","33","EDWARD "
"37","ALICE ","33","EDWARD "
"7","JACOB","33","EDWARD "
"22","ROSALIE","33","EDWARD "
"36","EMMETT","34","BAG)"
"16","WAYLON","34","BAG)"
"29","LAURENT","34","BAG)"
"28","VICTORIA","34","BAG)"
"38","JASPER","34","BAG)"
"10","MIKE","34","BAG)"
"27","JAMES","34","BAG)"
"35","ESME","34","BAG)"
"8","ERIC","34","BAG)"
"26","GIRL ","34","BAG)"
"6","BILLY","34","BAG)"
"21","DR. CULLEN ","34","BAG)"
"12","MR. MOLINA","34","BAG)"
"24","JACOB ","34","BAG)"
"25","SAM","34","BAG)"
"1","BELLA ","34","BAG)"
"11","ANGELA","34","BAG)"
"15","CORA","34","BAG)"
"32","FRAT BOY #2","34","BAG)"
"30","JESSICA ","34","BAG)"
"5","CHARLIE","34","BAG)"
"31","FRAT BOY #1","34","BAG)"
"13","EDWARD","34","BAG)"
"22","ROSALIE","34","BAG)"
"33","EDWARD ","34","BAG)"
"37","ALICE ","34","BAG)"
"7","JACOB","34","BAG)"
"9","JESSICA","34","BAG)"
"3","RENE","34","BAG)"
"23","ALICE","34","BAG)"
"38","JASPER","35","ESME"
"34","BAG)","35","ESME"
"1","BELLA ","35","ESME"
"28","VICTORIA","35","ESME"
"17","RENE ","35","ESME"
"11","ANGELA","35","ESME"
"9","JESSICA","35","ESME"
"26","GIRL ","35","ESME"
"12","MR. MOLINA","35","ESME"
"13","EDWARD","35","ESME"
"7","JACOB","35","ESME"
"22","ROSALIE","35","ESME"
"31","FRAT BOY #1","35","ESME"
"38","JASPER","35","ESME"
"33","EDWARD ","35","ESME"
"13","EDWARD","35","ESME"
"36","EMMETT","35","ESME"
"5","CHARLIE","35","ESME"
"39","CULLEN","35","ESME"
"15","CORA","35","ESME"
"16","WAYLON","35","ESME"
"23","ALICE","35","ESME"
"23","ALICE","35","ESME"
"5","CHARLIE","35","ESME"
"10","MIKE","35","ESME"
"30","JESSICA ","35","ESME"
"27","JAMES","35","ESME"
"6","BILLY","35","ESME"
"3","RENE","35","ESME"
"8","ERIC","35","ESME"
"40","JAMES ","35","ESME"
"29","LAURENT","35","ESME"
"29","LAURENT","35","ESME"
"22","ROSALIE","35","ESME"
"37","ALICE ","35","ESME"
"1","BELLA ","35","ESME"
"21","DR. CULLEN ","35","ESME"
"27","JAMES","35","ESME"
"28","VICTORIA","35","ESME"
"21","DR. CULLEN ","35","ESME"
"32","FRAT BOY #2","35","ESME"
"3","RENE","35","ESME"
"36","EMMETT","35","ESME"
"24","JACOB ","35","ESME"
"25","SAM","35","ESME"
"13","EDWARD","36","EMMETT"
"29","LAURENT","36","EMMETT"
"40","JAMES ","36","EMMETT"
"9","JESSICA","36","EMMETT"
"22","ROSALIE","36","EMMETT"
"27","JAMES","36","EMMETT"
"38","JASPER","36","EMMETT"
"30","JESSICA ","36","EMMETT"
"21","DR. CULLEN ","36","EMMETT"
"17","RENE ","36","EMMETT"
"15","CORA","36","EMMETT"
"23","ALICE","36","EMMETT"
"37","ALICE ","36","EMMETT"
"1","BELLA ","36","EMMETT"
"31","FRAT BOY #1","36","EMMETT"
"22","ROSALIE","36","EMMETT"
"32","FRAT BOY #2","36","EMMETT"
"3","RENE","36","EMMETT"
"1","BELLA ","36","EMMETT"
"29","LAURENT","36","EMMETT"
"28","VICTORIA","36","EMMETT"
"35","ESME","36","EMMETT"
"25","SAM","36","EMMETT"
"11","ANGELA","36","EMMETT"
"12","MR. MOLINA","36","EMMETT"
"34","BAG)","36","EMMETT"
"23","ALICE","36","EMMETT"
"39","CULLEN","36","EMMETT"
"28","VICTORIA","36","EMMETT"
"6","BILLY","36","EMMETT"
"24","JACOB ","36","EMMETT"
"5","CHARLIE","36","EMMETT"
"35","ESME","36","EMMETT"
"26","GIRL ","36","EMMETT"
"5","CHARLIE","36","EMMETT"
"8","ERIC","36","EMMETT"
"27","JAMES","36","EMMETT"
"3","RENE","36","EMMETT"
"16","WAYLON","36","EMMETT"
"33","EDWARD ","36","EMMETT"
"13","EDWARD","36","EMMETT"
"21","DR. CULLEN ","36","EMMETT"
"7","JACOB","36","EMMETT"
"38","JASPER","36","EMMETT"
"10","MIKE","36","EMMETT"
"32","FRAT BOY #2","37","ALICE "
"35","ESME","37","ALICE "
"29","LAURENT","37","ALICE "
"8","ERIC","37","ALICE "
"12","MR. MOLINA","37","ALICE "
"15","CORA","37","ALICE "
"16","WAYLON","37","ALICE "
"6","BILLY","37","ALICE "
"36","EMMETT","37","ALICE "
"21","DR. CULLEN ","37","ALICE "
"22","ROSALIE","37","ALICE "
"9","JESSICA","37","ALICE "
"24","JACOB ","37","ALICE "
"33","EDWARD ","37","ALICE "
"38","JASPER","37","ALICE "
"27","JAMES","37","ALICE "
"34","BAG)","37","ALICE "
"23","ALICE","37","ALICE "
"3","RENE","37","ALICE "
"1","BELLA ","37","ALICE "
"31","FRAT BOY #1","37","ALICE "
"25","SAM","37","ALICE "
"5","CHARLIE","37","ALICE "
"7","JACOB","37","ALICE "
"26","GIRL ","37","ALICE "
"10","MIKE","37","ALICE "
"28","VICTORIA","37","ALICE "
"30","JESSICA ","37","ALICE "
"11","ANGELA","37","ALICE "
"13","EDWARD","37","ALICE "
"26","GIRL ","38","JASPER"
"5","CHARLIE","38","JASPER"
"24","JACOB ","38","JASPER"
"21","DR. CULLEN ","38","JASPER"
"30","JESSICA ","38","JASPER"
"36","EMMETT","38","JASPER"
"25","SAM","38","JASPER"
"23","ALICE","38","JASPER"
"10","MIKE","38","JASPER"
"5","CHARLIE","38","JASPER"
"33","EDWARD ","38","JASPER"
"13","EDWARD","38","JASPER"
"37","ALICE ","38","JASPER"
"23","ALICE","38","JASPER"
"16","WAYLON","38","JASPER"
"27","JAMES","38","JASPER"
"8","ERIC","38","JASPER"
"39","CULLEN","38","JASPER"
"32","FRAT BOY #2","38","JASPER"
"7","JACOB","38","JASPER"
"40","JAMES ","38","JASPER"
"35","ESME","38","JASPER"
"29","LAURENT","38","JASPER"
"21","DR. CULLEN ","38","JASPER"
"17","RENE ","38","JASPER"
"11","ANGELA","38","JASPER"
"15","CORA","38","JASPER"
"22","ROSALIE","38","JASPER"
"3","RENE","38","JASPER"
"27","JAMES","38","JASPER"
"28","VICTORIA","38","JASPER"
"22","ROSALIE","38","JASPER"
"1","BELLA ","38","JASPER"
"29","LAURENT","38","JASPER"
"3","RENE","38","JASPER"
"12","MR. MOLINA","38","JASPER"
"31","FRAT BOY #1","38","JASPER"
"9","JESSICA","38","JASPER"
"34","BAG)","38","JASPER"
"6","BILLY","38","JASPER"
"36","EMMETT","38","JASPER"
"35","ESME","38","JASPER"
"28","VICTORIA","38","JASPER"
"13","EDWARD","38","JASPER"
"1","BELLA ","38","JASPER"
"28","VICTORIA","39","CULLEN"
"36","EMMETT","39","CULLEN"
"29","LAURENT","39","CULLEN"
"38","JASPER","39","CULLEN"
"5","CHARLIE","39","CULLEN"
"13","EDWARD","39","CULLEN"
"27","JAMES","39","CULLEN"
"1","BELLA ","39","CULLEN"
"40","JAMES ","39","CULLEN"
"21","DR. CULLEN ","39","CULLEN"
"3","RENE","39","CULLEN"
"35","ESME","39","CULLEN"
"23","ALICE","39","CULLEN"
"17","RENE ","39","CULLEN"
"22","ROSALIE","39","CULLEN"
"1","BELLA ","40","JAMES "
"28","VICTORIA","40","JAMES "
"27","JAMES","40","JAMES "
"38","JASPER","40","JAMES "
"29","LAURENT","40","JAMES "
"3","RENE","40","JAMES "
"35","ESME","40","JAMES "
"22","ROSALIE","40","JAMES "
"23","ALICE","40","JAMES "
"5","CHARLIE","40","JAMES "
"13","EDWARD","40","JAMES "
"36","EMMETT","40","JAMES "
"17","RENE ","40","JAMES "
"21","DR. CULLEN ","40","JAMES "
"39","CULLEN","40","JAMES "
