"SOURCE","NAME1","TARGET","NAME2"
"55","FOREST - RUNNING","1","RAIN FOREST, OLYMPIC NATIONAL PARK, WASHINGTON - DAWN 1"
"54","SCHOOL - LAWN - ON BELLA S FACE - DAWN THICK FOG67","1","RAIN FOREST, OLYMPIC NATIONAL PARK, WASHINGTON - DAWN 1"
"72","A FOOTPRThe dogs start pulling them in a certain","1","RAIN FOREST, OLYMPIC NATIONAL PARK, WASHINGTON - DAWN 1"
"9","FORKS HIGH SCHOOL - BELLA S TRUCK","1","RAIN FOREST, OLYMPIC NATIONAL PARK, WASHINGTON - DAWN 1"
"2","SCOTTSDALE, AZ","1","RAIN FOREST, OLYMPIC NATIONAL PARK, WASHINGTON - DAWN 1"
"1","RAIN FOREST, OLYMPIC NATIONAL PARK, WASHINGTON - DAWN 1","2","SCOTTSDALE, AZ"
"3","ABOVE SCOTTSDALE (AERIAL SHOT)","2","SCOTTSDALE, AZ"
"2","SCOTTSDALE, AZ","3","ABOVE SCOTTSDALE (AERIAL SHOT)"
"4","WASHINGTON STATE - OLYMPIC PENINSULA (AERIAL SHOT)- DAY","3","ABOVE SCOTTSDALE (AERIAL SHOT)"
"3","ABOVE SCOTTSDALE (AERIAL SHOT)","4","WASHINGTON STATE - OLYMPIC PENINSULA (AERIAL SHOT)- DAY"
"5","POLICE CRUISER - WAITING AT LIGHT","4","WASHINGTON STATE - OLYMPIC PENINSULA (AERIAL SHOT)- DAY"
"6","FORKS, WASHINGTON","5","POLICE CRUISER - WAITING AT LIGHT"
"4","WASHINGTON STATE - OLYMPIC PENINSULA (AERIAL SHOT)- DAY","5","POLICE CRUISER - WAITING AT LIGHT"
"7","CHARLIE S HOUSE","6","FORKS, WASHINGTON"
"5","POLICE CRUISER - WAITING AT LIGHT","6","FORKS, WASHINGTON"
"6","FORKS, WASHINGTON","7","CHARLIE S HOUSE"
"8","BELLA S ROOM","7","CHARLIE S HOUSE"
"9","FORKS HIGH SCHOOL - BELLA S TRUCK","7","CHARLIE S HOUSE"
"8","BELLA S ROOM","7","CHARLIE S HOUSE"
"7","CHARLIE S HOUSE","8","BELLA S ROOM"
"7","CHARLIE S HOUSE","8","BELLA S ROOM"
"7","CHARLIE S HOUSE","9","FORKS HIGH SCHOOL - BELLA S TRUCK"
"10","HIGH SCHOOL - A SERIES OF SHOTS","9","FORKS HIGH SCHOOL - BELLA S TRUCK"
"15","ADMINISTRATION OFFICE","9","FORKS HIGH SCHOOL - BELLA S TRUCK"
"71","TREE - SAME","9","FORKS HIGH SCHOOL - BELLA S TRUCK"
"16","BELLA S TRUCK (CONTINUOUS)","9","FORKS HIGH SCHOOL - BELLA S TRUCK"
"1","RAIN FOREST, OLYMPIC NATIONAL PARK, WASHINGTON - DAWN 1","9","FORKS HIGH SCHOOL - BELLA S TRUCK"
"11","GYM","10","HIGH SCHOOL - A SERIES OF SHOTS"
"9","FORKS HIGH SCHOOL - BELLA S TRUCK","10","HIGH SCHOOL - A SERIES OF SHOTS"
"12","CAFETERIA","11","GYM"
"10","HIGH SCHOOL - A SERIES OF SHOTS","11","GYM"
"13","BIOLOGY CLASS","12","CAFETERIA"
"11","GYM","12","CAFETERIA"
"14","HIGH SCHOOL - HALLWAY","13","BIOLOGY CLASS"
"12","CAFETERIA","13","BIOLOGY CLASS"
"15","ADMINISTRATION OFFICE","14","HIGH SCHOOL - HALLWAY"
"13","BIOLOGY CLASS","14","HIGH SCHOOL - HALLWAY"
"14","HIGH SCHOOL - HALLWAY","15","ADMINISTRATION OFFICE"
"9","FORKS HIGH SCHOOL - BELLA S TRUCK","15","ADMINISTRATION OFFICE"
"83","BELLA S POV - FORKS COFFEE SHOP (CONT) ","16","BELLA S TRUCK (CONTINUOUS)"
"17","GRISHAM MILL - LATE AFTERNOON","16","BELLA S TRUCK (CONTINUOUS)"
"27","CHARLIE S HOUSE - LIVING ROOM - MORNING","16","BELLA S TRUCK (CONTINUOUS)"
"9","FORKS HIGH SCHOOL - BELLA S TRUCK","16","BELLA S TRUCK (CONTINUOUS)"
"16","BELLA S TRUCK (CONTINUOUS)","17","GRISHAM MILL - LATE AFTERNOON"
"18","GRISHAM MILL (CONTINUOUS) - LATE AFTERNOON ","17","GRISHAM MILL - LATE AFTERNOON"
"17","GRISHAM MILL - LATE AFTERNOON","18","GRISHAM MILL (CONTINUOUS) - LATE AFTERNOON "
"19","FORKS COFFEE SHOP - LATE AFTERNOON","18","GRISHAM MILL (CONTINUOUS) - LATE AFTERNOON "
"18","GRISHAM MILL (CONTINUOUS) - LATE AFTERNOON ","19","FORKS COFFEE SHOP - LATE AFTERNOON"
"20","BELLA S ROOM ","19","FORKS COFFEE SHOP - LATE AFTERNOON"
"73","EXT./FORKS COFFEE SHOP - LATE AFTERNOON","20","BELLA S ROOM "
"74","CAFE ","20","BELLA S ROOM "
"21","GAS STATION/GARAGE ","20","BELLA S ROOM "
"19","FORKS COFFEE SHOP - LATE AFTERNOON","20","BELLA S ROOM "
"20","BELLA S ROOM ","21","GAS STATION/GARAGE "
"22","HIGH SCHOOL - MORNING (BEFORE SCHOOL)","21","GAS STATION/GARAGE "
"21","GAS STATION/GARAGE ","22","HIGH SCHOOL - MORNING (BEFORE SCHOOL)"
"23","BIOLOGY CLASS - SAME DAY","22","HIGH SCHOOL - MORNING (BEFORE SCHOOL)"
"22","HIGH SCHOOL - MORNING (BEFORE SCHOOL)","23","BIOLOGY CLASS - SAME DAY"
"24","CAFETERIA - DIFFERENT DAY","23","BIOLOGY CLASS - SAME DAY"
"23","BIOLOGY CLASS - SAME DAY","24","CAFETERIA - DIFFERENT DAY"
"25","GIRLS BATHROOM - DIFFERENT DAY","24","CAFETERIA - DIFFERENT DAY"
"26","FORKS HIGH SCHOOL - DIFFERENT DAY","25","GIRLS BATHROOM - DIFFERENT DAY"
"24","CAFETERIA - DIFFERENT DAY","25","GIRLS BATHROOM - DIFFERENT DAY"
"25","GIRLS BATHROOM - DIFFERENT DAY","26","FORKS HIGH SCHOOL - DIFFERENT DAY"
"27","CHARLIE S HOUSE - LIVING ROOM - MORNING","26","FORKS HIGH SCHOOL - DIFFERENT DAY"
"82","CHARLIE S HOUSE - LIVING ROOM (CONTINUOUS)  ","27","CHARLIE S HOUSE - LIVING ROOM - MORNING"
"80","BELLA S BEDROOM ","27","CHARLIE S HOUSE - LIVING ROOM - MORNING"
"28","CHARLIE S HOUSE (CONTINUOUS) - MORNING","27","CHARLIE S HOUSE - LIVING ROOM - MORNING"
"79","MOUNTAIN ROAD ","27","CHARLIE S HOUSE - LIVING ROOM - MORNING"
"26","FORKS HIGH SCHOOL - DIFFERENT DAY","27","CHARLIE S HOUSE - LIVING ROOM - MORNING"
"16","BELLA S TRUCK (CONTINUOUS)","27","CHARLIE S HOUSE - LIVING ROOM - MORNING"
"29","BIOLOGY CLASS/HALLWAY","28","CHARLIE S HOUSE (CONTINUOUS) - MORNING"
"27","CHARLIE S HOUSE - LIVING ROOM - MORNING","28","CHARLIE S HOUSE (CONTINUOUS) - MORNING"
"30","HIGH SCHOOL - HALLWAY - MOMENTS LATER","29","BIOLOGY CLASS/HALLWAY"
"28","CHARLIE S HOUSE (CONTINUOUS) - MORNING","29","BIOLOGY CLASS/HALLWAY"
"31","HIGH SCHOOL - PARKING LOT","30","HIGH SCHOOL - HALLWAY - MOMENTS LATER"
"29","BIOLOGY CLASS/HALLWAY","30","HIGH SCHOOL - HALLWAY - MOMENTS LATER"
"34","BELLA S ROOM - ON BELLA ","31","HIGH SCHOOL - PARKING LOT"
"35","COMMUNITY COLLEGE GREENHOUSE - FIELD TRIP  ","31","HIGH SCHOOL - PARKING LOT"
"32","HOSPITAL - TREATMENT AREA","31","HIGH SCHOOL - PARKING LOT"
"30","HIGH SCHOOL - HALLWAY - MOMENTS LATER","31","HIGH SCHOOL - PARKING LOT"
"31","HIGH SCHOOL - PARKING LOT","32","HOSPITAL - TREATMENT AREA"
"33","HOSPITAL - RECEPTION","32","HOSPITAL - TREATMENT AREA"
"34","BELLA S ROOM - ON BELLA ","33","HOSPITAL - RECEPTION"
"32","HOSPITAL - TREATMENT AREA","33","HOSPITAL - RECEPTION"
"31","HIGH SCHOOL - PARKING LOT","34","BELLA S ROOM - ON BELLA "
"33","HOSPITAL - RECEPTION","34","BELLA S ROOM - ON BELLA "
"31","HIGH SCHOOL - PARKING LOT","35","COMMUNITY COLLEGE GREENHOUSE - FIELD TRIP  "
"36","COMMUNITY COLLEGE GREENHOUSE - THE BUSES (CONTINUOUS) 44","35","COMMUNITY COLLEGE GREENHOUSE - FIELD TRIP  "
"35","COMMUNITY COLLEGE GREENHOUSE - FIELD TRIP  ","36","COMMUNITY COLLEGE GREENHOUSE - THE BUSES (CONTINUOUS) 44"
"37","CHARLIE S HOUSE - KITCHEN - EVENING","36","COMMUNITY COLLEGE GREENHOUSE - THE BUSES (CONTINUOUS) 44"
"38","HIGH SCHOOL - CAFETERIA - ON BELLA S FACE","37","CHARLIE S HOUSE - KITCHEN - EVENING"
"36","COMMUNITY COLLEGE GREENHOUSE - THE BUSES (CONTINUOUS) 44","37","CHARLIE S HOUSE - KITCHEN - EVENING"
"39","LA PUSH BEACH","38","HIGH SCHOOL - CAFETERIA - ON BELLA S FACE"
"37","CHARLIE S HOUSE - KITCHEN - EVENING","38","HIGH SCHOOL - CAFETERIA - ON BELLA S FACE"
"38","HIGH SCHOOL - CAFETERIA - ON BELLA S FACE","39","LA PUSH BEACH"
"40","LA PUSH BEACH - LATER DAY","39","LA PUSH BEACH"
"41","SHACK COMMUNITY ON THE RIVER - LATE AFTERNOON","40","LA PUSH BEACH - LATER DAY"
"39","LA PUSH BEACH","40","LA PUSH BEACH - LATER DAY"
"42","BELLA S ROOM - ON HER FACE - MORNING","41","SHACK COMMUNITY ON THE RIVER - LATE AFTERNOON"
"40","LA PUSH BEACH - LATER DAY","41","SHACK COMMUNITY ON THE RIVER - LATE AFTERNOON"
"41","SHACK COMMUNITY ON THE RIVER - LATE AFTERNOON","42","BELLA S ROOM - ON HER FACE - MORNING"
"43","FORKS HIGH SCHOOL - SUNNY DAY","42","BELLA S ROOM - ON HER FACE - MORNING"
"44","BOUTIQUE, PORT ANGELES -ON BELLA S FACE- AFTERNOON ","43","FORKS HIGH SCHOOL - SUNNY DAY"
"42","BELLA S ROOM - ON HER FACE - MORNING","43","FORKS HIGH SCHOOL - SUNNY DAY"
"43","FORKS HIGH SCHOOL - SUNNY DAY","44","BOUTIQUE, PORT ANGELES -ON BELLA S FACE- AFTERNOON "
"45","THUNDERBIRD AND WHALE BOOKSTORE/STREETS ","44","BOUTIQUE, PORT ANGELES -ON BELLA S FACE- AFTERNOON "
"46","WAREHOUSE AT END OF PARKING LOT ","45","THUNDERBIRD AND WHALE BOOKSTORE/STREETS "
"44","BOUTIQUE, PORT ANGELES -ON BELLA S FACE- AFTERNOON ","45","THUNDERBIRD AND WHALE BOOKSTORE/STREETS "
"47","EDWARD S CAR - DRIVING ","46","WAREHOUSE AT END OF PARKING LOT "
"45","THUNDERBIRD AND WHALE BOOKSTORE/STREETS ","46","WAREHOUSE AT END OF PARKING LOT "
"46","WAREHOUSE AT END OF PARKING LOT ","47","EDWARD S CAR - DRIVING "
"48","WATERFALL RESTAURANT - FRONT ENTRANCE ","47","EDWARD S CAR - DRIVING "
"47","EDWARD S CAR - DRIVING ","48","WATERFALL RESTAURANT - FRONT ENTRANCE "
"49","WATERFALL RESTAURANT - DINING PATIO ","48","WATERFALL RESTAURANT - FRONT ENTRANCE "
"48","WATERFALL RESTAURANT - FRONT ENTRANCE ","49","WATERFALL RESTAURANT - DINING PATIO "
"50","ROAD ","49","WATERFALL RESTAURANT - DINING PATIO "
"49","WATERFALL RESTAURANT - DINING PATIO ","50","ROAD "
"51","EDWARD S VOLVO ","50","ROAD "
"50","ROAD ","51","EDWARD S VOLVO "
"52","EXT./FORKS - POLICE STATION (CONTINUOUS) ","51","EDWARD S VOLVO "
"51","EDWARD S VOLVO ","52","EXT./FORKS - POLICE STATION (CONTINUOUS) "
"53","POLICE STATION  - BELLA S POV","52","EXT./FORKS - POLICE STATION (CONTINUOUS) "
"54","SCHOOL - LAWN - ON BELLA S FACE - DAWN THICK FOG67","53","POLICE STATION  - BELLA S POV"
"52","EXT./FORKS - POLICE STATION (CONTINUOUS) ","53","POLICE STATION  - BELLA S POV"
"1","RAIN FOREST, OLYMPIC NATIONAL PARK, WASHINGTON - DAWN 1","54","SCHOOL - LAWN - ON BELLA S FACE - DAWN THICK FOG67"
"53","POLICE STATION  - BELLA S POV","54","SCHOOL - LAWN - ON BELLA S FACE - DAWN THICK FOG67"
"1","RAIN FOREST, OLYMPIC NATIONAL PARK, WASHINGTON - DAWN 1","55","FOREST - RUNNING"
"56","A MEADOW (CONTINUOUS)","55","FOREST - RUNNING"
"57","BELLA S ROOM - MORNING","56","A MEADOW (CONTINUOUS)"
"55","FOREST - RUNNING","56","A MEADOW (CONTINUOUS)"
"58","OLYMPIC RAINFOREST (ANOTHER DAY)","57","BELLA S ROOM - MORNING"
"56","A MEADOW (CONTINUOUS)","57","BELLA S ROOM - MORNING"
"57","BELLA S ROOM - MORNING","58","OLYMPIC RAINFOREST (ANOTHER DAY)"
"59","RIVER S EDGE (ANOTHER DAY)","58","OLYMPIC RAINFOREST (ANOTHER DAY)"
"60","CHARLIE S HOUSE - TWILIGHT (ANOTHER DAY)","59","RIVER S EDGE (ANOTHER DAY)"
"58","OLYMPIC RAINFOREST (ANOTHER DAY)","59","RIVER S EDGE (ANOTHER DAY)"
"59","RIVER S EDGE (ANOTHER DAY)","60","CHARLIE S HOUSE - TWILIGHT (ANOTHER DAY)"
"61","EDWARD S POV - BLACK CAR","60","CHARLIE S HOUSE - TWILIGHT (ANOTHER DAY)"
"62","BELLA S ROOM - ON BELLA - MORNING","61","EDWARD S POV - BLACK CAR"
"60","CHARLIE S HOUSE - TWILIGHT (ANOTHER DAY)","61","EDWARD S POV - BLACK CAR"
"63","OLYMPIC PENINSULA - ROAD","62","BELLA S ROOM - ON BELLA - MORNING"
"61","EDWARD S POV - BLACK CAR","62","BELLA S ROOM - ON BELLA - MORNING"
"62","BELLA S ROOM - ON BELLA - MORNING","63","OLYMPIC PENINSULA - ROAD"
"64","CULLEN HOUSE","63","OLYMPIC PENINSULA - ROAD"
"65","CULLEN HOUSE - LIVING ROOM","64","CULLEN HOUSE"
"63","OLYMPIC PENINSULA - ROAD","64","CULLEN HOUSE"
"66","CULLEN HOUSE - KITCHEN","65","CULLEN HOUSE - LIVING ROOM"
"84","CULLEN HOUSE - FOUR CAR GARAGE ","65","CULLEN HOUSE - LIVING ROOM"
"64","CULLEN HOUSE","65","CULLEN HOUSE - LIVING ROOM"
"83","BELLA S POV - FORKS COFFEE SHOP (CONT) ","65","CULLEN HOUSE - LIVING ROOM"
"65","CULLEN HOUSE - LIVING ROOM","66","CULLEN HOUSE - KITCHEN"
"67","LIVING ROOM (CONTINUOUS)","66","CULLEN HOUSE - KITCHEN"
"68","EDWARD S ROOM","67","LIVING ROOM (CONTINUOUS)"
"66","CULLEN HOUSE - KITCHEN","67","LIVING ROOM (CONTINUOUS)"
"67","LIVING ROOM (CONTINUOUS)","68","EDWARD S ROOM"
"69","EDWARD S ROOM - DECK (CONTINUOUS)","68","EDWARD S ROOM"
"70","CULLEN HOUSE - LIVING ROOM - SAME","69","EDWARD S ROOM - DECK (CONTINUOUS)"
"68","EDWARD S ROOM","69","EDWARD S ROOM - DECK (CONTINUOUS)"
"71","TREE - SAME","70","CULLEN HOUSE - LIVING ROOM - SAME"
"69","EDWARD S ROOM - DECK (CONTINUOUS)","70","CULLEN HOUSE - LIVING ROOM - SAME"
"70","CULLEN HOUSE - LIVING ROOM - SAME","71","TREE - SAME"
"9","FORKS HIGH SCHOOL - BELLA S TRUCK","71","TREE - SAME"
"1","RAIN FOREST, OLYMPIC NATIONAL PARK, WASHINGTON - DAWN 1","72","A FOOTPRThe dogs start pulling them in a certain"
"73","EXT./FORKS COFFEE SHOP - LATE AFTERNOON","72","A FOOTPRThe dogs start pulling them in a certain"
"20","BELLA S ROOM ","73","EXT./FORKS COFFEE SHOP - LATE AFTERNOON"
"72","A FOOTPRThe dogs start pulling them in a certain","73","EXT./FORKS COFFEE SHOP - LATE AFTERNOON"
"75","CHARLIE S HOUSE - LIVING ROOM - LATE AFTERNOON","74","CAFE "
"20","BELLA S ROOM ","74","CAFE "
"76","CHARLIE S HOUSE - LATE AFTERNOON","75","CHARLIE S HOUSE - LIVING ROOM - LATE AFTERNOON"
"74","CAFE ","75","CHARLIE S HOUSE - LIVING ROOM - LATE AFTERNOON"
"75","CHARLIE S HOUSE - LIVING ROOM - LATE AFTERNOON","76","CHARLIE S HOUSE - LATE AFTERNOON"
"77","CLEARING IN WOODS - TWILIGHT","76","CHARLIE S HOUSE - LATE AFTERNOON"
"78","BASEBALL FIELD - ON THE JEEP - LATE TWILIGHT","77","CLEARING IN WOODS - TWILIGHT"
"76","CHARLIE S HOUSE - LATE AFTERNOON","77","CLEARING IN WOODS - TWILIGHT"
"77","CLEARING IN WOODS - TWILIGHT","78","BASEBALL FIELD - ON THE JEEP - LATE TWILIGHT"
"79","MOUNTAIN ROAD ","78","BASEBALL FIELD - ON THE JEEP - LATE TWILIGHT"
"27","CHARLIE S HOUSE - LIVING ROOM - MORNING","79","MOUNTAIN ROAD "
"78","BASEBALL FIELD - ON THE JEEP - LATE TWILIGHT","79","MOUNTAIN ROAD "
"27","CHARLIE S HOUSE - LIVING ROOM - MORNING","80","BELLA S BEDROOM "
"81","CHARLIE S HOUSE - STAIRS (CONTINUOUS)  ","80","BELLA S BEDROOM "
"80","BELLA S BEDROOM ","81","CHARLIE S HOUSE - STAIRS (CONTINUOUS)  "
"82","CHARLIE S HOUSE - LIVING ROOM (CONTINUOUS)  ","81","CHARLIE S HOUSE - STAIRS (CONTINUOUS)  "
"81","CHARLIE S HOUSE - STAIRS (CONTINUOUS)  ","82","CHARLIE S HOUSE - LIVING ROOM (CONTINUOUS)  "
"27","CHARLIE S HOUSE - LIVING ROOM - MORNING","82","CHARLIE S HOUSE - LIVING ROOM (CONTINUOUS)  "
"65","CULLEN HOUSE - LIVING ROOM","83","BELLA S POV - FORKS COFFEE SHOP (CONT) "
"16","BELLA S TRUCK (CONTINUOUS)","83","BELLA S POV - FORKS COFFEE SHOP (CONT) "
"85","HIGHWAY, PACIFIC NORTHWEST - DAWN","84","CULLEN HOUSE - FOUR CAR GARAGE "
"65","CULLEN HOUSE - LIVING ROOM","84","CULLEN HOUSE - FOUR CAR GARAGE "
"84","CULLEN HOUSE - FOUR CAR GARAGE ","85","HIGHWAY, PACIFIC NORTHWEST - DAWN"
"86","MERCEDES - SAME","85","HIGHWAY, PACIFIC NORTHWEST - DAWN"
"87","FOREST, OLYMPIC PENINSULA","86","MERCEDES - SAME"
"85","HIGHWAY, PACIFIC NORTHWEST - DAWN","86","MERCEDES - SAME"
"88","ANOTHER PART OF THE WOODS","87","FOREST, OLYMPIC PENINSULA"
"89","SCOTTSDALE HOTEL - BEDROOM - LATE AFTERNOON ","87","FOREST, OLYMPIC PENINSULA"
"88","ANOTHER PART OF THE WOODS","87","FOREST, OLYMPIC PENINSULA"
"86","MERCEDES - SAME","87","FOREST, OLYMPIC PENINSULA"
"87","FOREST, OLYMPIC PENINSULA","88","ANOTHER PART OF THE WOODS"
"87","FOREST, OLYMPIC PENINSULA","88","ANOTHER PART OF THE WOODS"
"91","JEEP/WASHINGTON ROAD","89","SCOTTSDALE HOTEL - BEDROOM - LATE AFTERNOON "
"87","FOREST, OLYMPIC PENINSULA","89","SCOTTSDALE HOTEL - BEDROOM - LATE AFTERNOON "
"90","SCOTTSDALE HOTEL - LIVING ROOM - LATE AFTERNOON   ","89","SCOTTSDALE HOTEL - BEDROOM - LATE AFTERNOON "
"92","RENE S HOUSE, PHOENIX","89","SCOTTSDALE HOTEL - BEDROOM - LATE AFTERNOON "
"89","SCOTTSDALE HOTEL - BEDROOM - LATE AFTERNOON ","90","SCOTTSDALE HOTEL - LIVING ROOM - LATE AFTERNOON   "
"91","JEEP/WASHINGTON ROAD","90","SCOTTSDALE HOTEL - LIVING ROOM - LATE AFTERNOON   "
"90","SCOTTSDALE HOTEL - LIVING ROOM - LATE AFTERNOON   ","91","JEEP/WASHINGTON ROAD"
"89","SCOTTSDALE HOTEL - BEDROOM - LATE AFTERNOON ","91","JEEP/WASHINGTON ROAD"
"93","INT./SCOTTSDALE HOTEL - TWILIGHT - DRIVING ","92","RENE S HOUSE, PHOENIX"
"89","SCOTTSDALE HOTEL - BEDROOM - LATE AFTERNOON ","92","RENE S HOUSE, PHOENIX"
"94","SCOTTSDALE HOTEL  - BELLA S POV","93","INT./SCOTTSDALE HOTEL - TWILIGHT - DRIVING "
"92","RENE S HOUSE, PHOENIX","93","INT./SCOTTSDALE HOTEL - TWILIGHT - DRIVING "
"95","MIMI S SCHOOL OF DANCE ","94","SCOTTSDALE HOTEL  - BELLA S POV"
"93","INT./SCOTTSDALE HOTEL - TWILIGHT - DRIVING ","94","SCOTTSDALE HOTEL  - BELLA S POV"
"94","SCOTTSDALE HOTEL  - BELLA S POV","95","MIMI S SCHOOL OF DANCE "
"96","MIMI S SCHOOL OF DANCE - STUDIO ","95","MIMI S SCHOOL OF DANCE "
"97","HOSPITAL ROOM","96","MIMI S SCHOOL OF DANCE - STUDIO "
"95","MIMI S SCHOOL OF DANCE ","96","MIMI S SCHOOL OF DANCE - STUDIO "
"96","MIMI S SCHOOL OF DANCE - STUDIO ","97","HOSPITAL ROOM"
"98","FORKS, WASHINGTON - LATE AFTERNOON","97","HOSPITAL ROOM"
"99","CHARLIE S HOUSE - BEAUTIFUL LATE AFTERNOON","98","FORKS, WASHINGTON - LATE AFTERNOON"
"97","HOSPITAL ROOM","98","FORKS, WASHINGTON - LATE AFTERNOON"
"100","EXT./MANSION, VIEW POINT INN - TWILIGHT","99","CHARLIE S HOUSE - BEAUTIFUL LATE AFTERNOON"
"98","FORKS, WASHINGTON - LATE AFTERNOON","99","CHARLIE S HOUSE - BEAUTIFUL LATE AFTERNOON"
"99","CHARLIE S HOUSE - BEAUTIFUL LATE AFTERNOON","100","EXT./MANSION, VIEW POINT INN - TWILIGHT"
"101","MANSION BACKYARD (CONTINUOUS) - TWILIGHT","100","EXT./MANSION, VIEW POINT INN - TWILIGHT"
"100","EXT./MANSION, VIEW POINT INN - TWILIGHT","101","MANSION BACKYARD (CONTINUOUS) - TWILIGHT"
