"SOURCE","NAME1","TARGET","NAME2"
"47","alice","3","good"
"12","call","5","home"
"120","address","8","school"
"35","make","13","change"
"81","smile","27","nice"
"57","family","27","nice"
"55","night","27","nice"
"50","edward","29","eyes"
"82","thinking","30","eric"
"38","doesn","30","eric"
"83","control","30","eric"
"104","house","35","make"
"15","time","35","make"
"37","mike","36","bella"
"54","waylon","36","bella"
"92","inside","36","bella"
"33","alright","36","bella"
"68","father","36","bella"
"120","address","38","doesn"
"8","school","38","doesn"
"89","find","38","doesn"
"27","nice","41","cullens"
"29","eyes","44","years"
"50","edward","44","years"
"57","family","46","rosalie"
"50","edward","46","rosalie"
"122","shirt","47","alice"
"89","find","47","alice"
"79","quileute","53","stay"
"57","family","55","night"
"50","edward","57","family"
"107","turn","62","didn"
"93","strength","62","didn"
"54","waylon","68","father"
"49","jasper","70","hurt"
"30","eric","71","tyler"
"89","find","72","chief"
"106","taking","76","moving"
"8","school","79","quileute"
"57","family","81","smile"
"55","night","81","smile"
"38","doesn","82","thinking"
"24","made","85","enemy"
"8","school","89","find"
"120","address","89","find"
"13","change","91","minds"
"98","sees","91","minds"
"54","waylon","92","inside"
"68","father","92","inside"
"36","bella","94","carlisle"
"54","waylon","95","body"
"13","change","98","sees"
"15","time","104","house"
"89","find","105","boys"
"72","chief","105","boys"
"93","strength","107","turn"
"38","doesn","111","victoria"
"89","find","111","victoria"
"8","school","111","victoria"
"120","address","111","victoria"
"89","find","122","shirt"
